country,region,year,pct_basic,pct_safely_managed,pop_total_abs,pop_urban_abs,pop_rural_abs,pct_urban,pct_rural,political_stability,mortality_rate_wash,wash_deaths_calc
Afghanistan,Eastern Mediterranean,2000,27.7719,,20779953.0,4436282.0,15657474.0,21.35,75.35,-2.44,,
Afghanistan,Eastern Mediterranean,2001,27.79726,,21606988.0,4648139.0,16318324.0,21.51,75.52,,,
Afghanistan,Eastern Mediterranean,2002,29.90076,,22600770.0,4893013.0,17086910.0,21.65,75.6,-2.04,,
Afghanistan,Eastern Mediterranean,2003,32.00507,,23680871.0,5155788.0,17909063.0,21.77,75.63,-2.2,,
Afghanistan,Eastern Mediterranean,2004,34.12623,,24726684.0,5426872.0,18692107.0,21.95,75.59,-2.3,,
Afghanistan,Eastern Mediterranean,2005,36.26526,,25654277.0,5691836.0,19378962.0,22.19,75.54,-2.07,,
Afghanistan,Eastern Mediterranean,2006,38.40636,,26433049.0,5931478.0,19961972.0,22.44,75.52,-2.22,,
Afghanistan,Eastern Mediterranean,2007,40.84418,,27100536.0,6151869.0,20464923.0,22.7,75.51,-2.41,,
Afghanistan,Eastern Mediterranean,2008,43.31506,,27722276.0,6364912.0,20929119.0,22.96,75.5,-2.69,,
Afghanistan,Eastern Mediterranean,2009,45.81909,,28394813.0,6588738.0,21415593.0,23.2,75.42,-2.71,,
Afghanistan,Eastern Mediterranean,2010,48.35636,,29185507.0,6836980.0,21966187.0,23.43,75.26,-2.58,,
Afghanistan,Eastern Mediterranean,2011,50.92731,,30117413.0,7114473.0,22594126.0,23.62,75.02,-2.5,,
Afghanistan,Eastern Mediterranean,2012,53.5317,,31161376.0,7416295.0,23280663.0,23.8,74.71,-2.42,,
Afghanistan,Eastern Mediterranean,2013,56.16964,,32269589.0,7733832.0,23997856.0,23.97,74.37,-2.52,,
Afghanistan,Eastern Mediterranean,2014,58.84123,,33370794.0,8054222.0,24703798.0,24.14,74.03,-2.41,,
Afghanistan,Eastern Mediterranean,2015,61.54693,,34413603.0,8367571.0,25368923.0,24.31,73.72,-2.57,,
Afghanistan,Eastern Mediterranean,2016,64.28648,,35383032.0,8670939.0,25985093.0,24.51,73.44,-2.67,13.92067,4926.0
Afghanistan,Eastern Mediterranean,2017,67.06462,,36296113.0,8971472.0,26558609.0,24.72,73.17,-2.8,,
Albania,Europe,2000,87.86662,49.29324,3129243.0,1303137.0,1818833.0,41.64,58.12,-0.54,,
Albania,Europe,2001,87.88955,49.21738,3129704.0,1324985.0,1797423.0,42.34,57.43,,,
Albania,Europe,2002,87.91309,49.08154,3126187.0,1356800.0,1762229.0,43.4,56.37,-0.29,,
Albania,Europe,2003,87.92893,48.94225,3118023.0,1386661.0,1724344.0,44.47,55.3,-0.31,,
Albania,Europe,2004,87.93703,50.73476,3104892.0,1414163.0,1683584.0,45.55,54.22,-0.43,,
Albania,Europe,2005,87.93683,52.55115,3086810.0,1438933.0,1640246.0,46.62,53.14,-0.51,,
Albania,Europe,2006,87.92856,54.39092,3063021.0,1460439.0,1593892.0,47.68,52.04,-0.51,,
Albania,Europe,2007,87.91208,56.25379,3033998.0,1478741.0,1545166.0,48.74,50.93,-0.2,,
Albania,Europe,2008,87.88725,58.13945,3002678.0,1495543.0,1496108.0,49.81,49.83,-0.03,,
Albania,Europe,2009,87.85342,60.04764,2973048.0,1513208.0,1449427.0,50.9,48.75,-0.05,,
Albania,Europe,2010,87.81129,61.97766,2948023.0,1533860.0,1406665.0,52.03,47.72,-0.19,,
Albania,Europe,2011,87.76034,63.9291,2928592.0,1558362.0,1368297.0,53.21,46.72,-0.28,,
Albania,Europe,2012,87.86044,65.9014,2914096.0,1586454.0,1333585.0,54.44,45.76,-0.14,,
Albania,Europe,2013,89.46109,67.89334,2903790.0,1616742.0,1302236.0,55.68,44.85,0.09,,
Albania,Europe,2014,90.9812,69.9037,2896305.0,1647985.0,1272790.0,56.9,43.95,0.49,,
Albania,Europe,2015,91.00102,69.9445,2890513.0,1679011.0,1244341.0,58.09,43.05,0.35,,
Albania,Europe,2016,91.02037,69.98433,2886438.0,1709611.0,1216737.0,59.23,42.15,0.34,0.16641,5.0
Albania,Europe,2017,91.03923,70.02315,2884169.0,1740032.0,1190155.0,60.33,41.27,0.38,,
Algeria,Africa,2000,89.83726,,31042235.0,18684813.0,12498847.0,60.19,40.26,-1.43,,
Algeria,Africa,2001,90.1146,,31451514.0,19180213.0,12411940.0,60.98,39.46,,,
Algeria,Africa,2002,90.38717,,31855109.0,19677199.0,12317847.0,61.77,38.67,-1.63,,
Algeria,Africa,2003,90.65481,,32264157.0,20182071.0,12221443.0,62.55,37.88,-1.75,,
Algeria,Africa,2004,90.91754,,32692163.0,20703655.0,12127441.0,63.33,37.1,-1.36,,
Algeria,Africa,2005,91.17525,,33149724.000000004,21247946.0,12040491.0,64.1,36.32,-0.92,,
Algeria,Africa,2006,91.42819,,33641002.0,21818012.0,11959903.0,64.86,35.55,-1.13,,
Algeria,Africa,2007,91.67622,,34166972.0,22414383.0,11885693.0,65.6,34.79,-1.15,,
Algeria,Africa,2008,91.91957,,34730608.0,23041766.0,11818949.0,66.34,34.03,-1.09,,
Algeria,Africa,2009,92.15714,,35333881.0,23700421.0,11765339.0,67.08,33.3,-1.2,,
Algeria,Africa,2010,92.38947,,35977455.0,24393696.0,11723941.0,67.8,32.59,-1.26,,
Algeria,Africa,2011,92.61646,,36661445.0,25124081.0,11695477.0,68.53,31.9,-1.36,,
Algeria,Africa,2012,92.83835,,37383895.0,25888345.0,11677502.0,69.25,31.24,-1.33,,
Algeria,Africa,2013,93.05519,,38140133.0,26674532.0,11664030.0,69.94,30.58,-1.2,,
Algeria,Africa,2014,93.26727,,38923692.0,27465662.0,11647651.0,70.56,29.92,-1.19,,
Algeria,Africa,2015,93.47459,,39728025.0,28248247.0,11623281.0,71.1,29.26,-1.09,,
Algeria,Africa,2016,93.51585,,40551392.0,29016515.0,11589537.0,71.55,28.58,-1.1,1.86723,757.0
Algeria,Africa,2017,93.55589,,41389189.0,29770610.0,11547532.0,71.93,27.9,-0.92,,
Andorra,Europe,2000,100.0,90.64,65390.0,60417.0,4973.0,92.39,7.61,1.17,,
Andorra,Europe,2001,100.0,90.64,67341.0,61992.0,5349.0,92.06,7.94,,,
Andorra,Europe,2002,99.99999,90.64,70049.0,64194.0,5855.0,91.64,8.36,1.28,,
Andorra,Europe,2003,100.0,90.64,73182.0,66747.0,6435.0,91.21,8.79,1.46,,
Andorra,Europe,2004,100.0,90.64,76244.0,69192.0,7052.0,90.75,9.25,1.4,,
Andorra,Europe,2005,100.0,90.64,78867.0,71205.0,7662.0,90.28,9.72,1.38,,
Andorra,Europe,2006,100.00001,90.64001,80993.0,72735.0,8256.0,89.8,10.19,1.35,,
Andorra,Europe,2007,100.0,90.64,82684.0,73843.0,8840.0,89.31,10.69,1.34,,
Andorra,Europe,2008,100.0,90.64,83862.0,74640.0,9221.0,89.0,11.0,1.34,,
Andorra,Europe,2009,100.0,90.64,84463.0,75097.0,9365.0,88.91,11.09,1.3,,
Andorra,Europe,2010,100.0,90.64,84449.0,75007.0,9442.0,88.82,11.18,1.28,,
Andorra,Europe,2011,99.99999,90.64,83747.0,74309.0,9442.0,88.73,11.27,1.3,,
Andorra,Europe,2012,100.0,90.64,82427.0,73060.0,9371.0,88.64,11.37,1.29,,
Andorra,Europe,2013,100.0,90.64,80774.0,71527.0,9261.0,88.55,11.47,1.28,,
Andorra,Europe,2014,100.0,90.64,79213.0,70066.0,9157.0,88.45,11.56,1.29,,
Andorra,Europe,2015,100.0,90.64,78011.0,68921.0,9093.0,88.35,11.66,1.39,,
Andorra,Europe,2016,100.0,90.64,77297.0,68199.0,9082.0,88.23,11.75,1.41,,
Andorra,Europe,2017,100.0,90.64,77001.0,67845.0,9120.0,88.11,11.84,1.42,,
Angola,Africa,2000,41.14431,,16395473.000000002,8234824.000000001,8206100.0,50.23,50.05,-2.04,,
Angola,Africa,2001,42.25467,,16945753.0,8708018.0,8275248.0,51.39,48.83,,,
Angola,Africa,2002,43.3768,,17519417.0,9218798.0,8353851.000000001,52.62,47.68,-1.58,,
Angola,Africa,2003,44.36387,,18121479.0,9765241.0,8438128.0,53.89,46.56,-1.01,,
Angola,Africa,2004,45.35134,,18758145.0,10343495.0,8522221.0,55.14,45.43,-1.06,,
Angola,Africa,2005,46.33602,,19433602.0,10949424.0,8603118.0,56.34,44.27,-0.89,,
Angola,Africa,2006,47.15023,,20149901.0,11501699.0,8760700.0,57.08,43.48,-0.54,,
Angola,Africa,2007,47.96147,,20905363.0,12078776.0,8918911.0,57.78,42.66,-0.67,,
Angola,Africa,2008,48.7704,,21695634.0,12681905.0,9077515.0,58.45,41.84,-0.36,,
Angola,Africa,2009,49.57516,,22514281.0,13312002.0,9237545.0,59.13,41.03,-0.35,,
Angola,Africa,2010,50.37684,,23356246.0,13970854.0,9398277.0,59.82,40.24,-0.23,,
Angola,Africa,2011,51.17484,,24220661.0,14658951.0,9559614.0,60.52,39.47,-0.37,,
Angola,Africa,2012,51.96854,,25107931.0,15375981.0,9720169.0,61.24,38.71,-0.39,,
Angola,Africa,2013,52.75735,,26015781.0,16119397.0,9878943.0,61.96,37.97,-0.39,,
Angola,Africa,2014,53.54151,,26941779.0,16887357.0,10033109.0,62.68,37.24,-0.33,,
Angola,Africa,2015,54.31693,,27884381.0,17675745.0,10183560.0,63.39,36.52,-0.5,,
Angola,Africa,2016,55.08428,,28842489.0,18483603.0,10329860.0,64.08,35.81,-0.32,48.81467,14079.0
Angola,Africa,2017,55.8429,,29816766.0,19311639.0,10472554.0,64.77,35.12,-0.33,,
Antigua and Barbuda,Americas,2000,98.25377,,76016.0,26853.0,56731.0,35.33,74.63,0.71,,
Antigua and Barbuda,Americas,2001,98.13726,,77212.0,26997.0,58060.0,34.96,75.2,,,
Antigua and Barbuda,Americas,2002,98.02075,,78295.0,26827.0,59439.0,34.26,75.92,0.79,,
Antigua and Barbuda,Americas,2003,97.90424,,79300.0,26593.0,60700.0,33.53,76.54,0.87,,
Antigua and Barbuda,Americas,2004,97.78774,,80336.0,26333.0,61924.0,32.78,77.08,1.09,,
Antigua and Barbuda,Americas,2005,97.67123,,81465.0,26078.0,63175.0,32.01,77.55,0.83,,
Antigua and Barbuda,Americas,2006,97.55473,,82704.0,25832.0,64468.99999999999,31.23,77.95,0.8,,
Antigua and Barbuda,Americas,2007,97.43822,,84026.0,25589.0,65792.0,30.45,78.3,0.8,,
Antigua and Barbuda,Americas,2008,97.32172,,85397.0,25344.0,67134.0,29.68,78.61,0.81,,
Antigua and Barbuda,Americas,2009,97.20521,,86746.0,25096.0,68485.0,28.93,78.95,0.72,,
Antigua and Barbuda,Americas,2010,97.08871,,88028.0,24837.0,69824.0,28.21,79.32,0.9,,
Antigua and Barbuda,Americas,2011,96.9722,,89253.0,24603.0,71116.0,27.57,79.68,0.96,,
Antigua and Barbuda,Americas,2012,96.85569,,90409.0,24703.0,72074.0,27.32,79.72,0.98,,
Antigua and Barbuda,Americas,2013,96.73919,,91516.0,24798.0,73026.0,27.1,79.8,0.96,,
Antigua and Barbuda,Americas,2014,96.73919,,92562.0,24891.0,73984.0,26.89,79.93,0.98,,
Antigua and Barbuda,Americas,2015,96.73919,,93566.0,24981.0,74942.0,26.7,80.1,1.0,,
Antigua and Barbuda,Americas,2016,96.73919,,94527.0,25085.0,75878.0,26.54,80.27,0.88,0.11403,0.0
Antigua and Barbuda,Americas,2017,96.73919,,95426.0,25210.0,76802.0,26.42,80.48,0.75,,
Argentina,Americas,2000,96.21301,,36870787.0,33033759.0,4023693.0,89.59,10.91,0.1,,
Argentina,Americas,2001,96.46213,,37275652.0,33472769.999999996,3998739.0,89.8,10.73,,,
Argentina,Americas,2002,96.70513,,37681749.0,33914629.0,3974741.0,90.0,10.55,-0.78,,
Argentina,Americas,2003,96.94247,,38087868.0,34358182.0,3951197.0,90.21,10.37,-0.36,,
Argentina,Americas,2004,97.17484,,38491972.0,34801668.0,3927028.0,90.41,10.2,-0.61,,
Argentina,Americas,2005,97.40218,,38892931.0,35243134.0,3902354.0,90.62,10.03,-0.04,,
Argentina,Americas,2006,97.62473,,39289878.0,35682044.0,3876846.0,90.82,9.87,0.0,,
Argentina,Americas,2007,97.84245,,39684295.0,36119460.0,3850764.0,91.02,9.7,0.1,,
Argentina,Americas,2008,98.05557,,40080160.0,36558068.0,3824321.0,91.21,9.54,-0.09,,
Argentina,Americas,2009,98.26406,,40482788.0,37001229.0,3798178.0,91.4,9.38,-0.23,,
Argentina,Americas,2010,98.46806,,40895752.0,37451589.0,3772300.0,91.58,9.22,-0.08,,
Argentina,Americas,2011,98.66657,,41320500.0,37903389.0,3753490.0,91.73,9.08,0.16,,
Argentina,Americas,2012,98.86074,,41755196.0,38358760.0,3737979.0,91.87,8.95,0.1,,
Argentina,Americas,2013,98.93041,,42196030.0,38817436.0,3722489.0,91.99,8.82,0.07,,
Argentina,Americas,2014,99.00025,,42637511.0,39275143.0,3706372.0,92.11,8.69,-0.01,,
Argentina,Americas,2015,99.07014,,43075416.0,39728358.0,3689407.0,92.23,8.56,0.01,,
Argentina,Americas,2016,99.07838,,43508460.0,40175981.0,3671449.0,92.34,8.44,0.2,0.36294,158.0
Argentina,Americas,2017,,,43937140.0,40618237.0,3652804.0,92.45,8.31,0.17,,
Armenia,Europe,2000,95.13351,29.59756,3069591.0,1984990.0,1084598.0,64.67,35.33,-0.68,,
Armenia,Europe,2001,95.4193,29.74282,3050687.0,1964179.0,1086476.0,64.38,35.61,,,
Armenia,Europe,2002,95.7216,33.29816,3033978.0,1948851.0,1085046.0,64.23,35.76,-0.26,,
Armenia,Europe,2003,96.03108,36.84346,3017932.0,1935525.0,1082281.0,64.13,35.86,0.24,,
Armenia,Europe,2004,96.343,40.39033,3000720.0,1921517.0,1079095.0,64.04,35.96,-0.12,,
Armenia,Europe,2005,96.6573,43.93894,2981269.0,1906167.0,1075092.0,63.94,36.06,-0.07,,
Armenia,Europe,2006,96.97412,47.48906,2958307.0,1888673.0,1069827.0,63.84,36.16,-0.26,,
Armenia,Europe,2007,97.29336,51.04095,2932618.0,1869510.0,1063546.0,63.75,36.27,0.15,,
Armenia,Europe,2008,97.61513,54.59447,2907618.0,1850777.0,1057443.0,63.65,36.37,-0.01,,
Armenia,Europe,2009,97.93934,58.14978,2888092.0,1835402.0,1053182.0,63.55,36.47,0.23,,
Armenia,Europe,2010,98.26605,61.70686,2877319.0,1825365.0,1051946.0,63.44,36.56,0.07,,
Armenia,Europe,2011,98.59529,65.26573,2876538.0,1821391.0,1054190.0,63.32,36.65,-0.06,,
Armenia,Europe,2012,98.92704,68.82645,2884234.0,1822517.0,1059405.0,63.19,36.73,0.15,,
Armenia,Europe,2013,99.26163,72.391,2897588.0,1827651.0,1065858.0,63.07,36.78,0.11,,
Armenia,Europe,2014,99.59326,75.96124,2912409.0,1834177.0,1072043.0,62.98,36.81,-0.3,,
Armenia,Europe,2015,99.73441,79.43497,2925553.0,1840151.0,1076799.0,62.9,36.81,-0.25,,
Armenia,Europe,2016,99.89854,83.00597,2936143.0,1845024.0,1079792.0,62.84,36.78,-0.66,0.17688,5.0
Armenia,Europe,2017,99.91338,86.47636,2944791.0,1849202.0,1081248.0,62.8,36.72,-0.62,,
Australia,Western Pacific,2000,99.7123,,18991431.0,16060093.0,3005744.0,84.56,15.83,1.33,,
Australia,Western Pacific,2001,99.71124,,19194672.0,16204901.0,3063632.0,84.42,15.96,,,
Australia,Western Pacific,2002,99.7122,,19401368.0,16402364.000000002,3072827.0,84.54,15.84,1.19,,
Australia,Western Pacific,2003,99.73435,,19624166.0,16612936.000000002,3084036.0,84.66,15.72,0.88,,
Australia,Western Pacific,2004,99.75634,,19879649.0,16848992.0,3099437.0,84.75,15.59,0.94,,
Australia,Western Pacific,2005,99.77814,,20178540.0,17118434.0,3120469.0,84.83,15.46,0.89,,
Australia,Western Pacific,2006,99.79977,,20526303.0,17425913.0,3147693.0,84.9,15.33,0.94,,
Australia,Western Pacific,2007,99.82125,,20916344.0,17767362.0,3179302.0,84.94,15.2,0.93,,
Australia,Western Pacific,2008,99.84255,,21332282.0,18128926.0,3213567.0,84.98,15.06,0.96,,
Australia,Western Pacific,2009,99.86367,,21750851.0,18491814.0,3247226.0,85.02,14.93,0.86,,
Australia,Western Pacific,2010,99.88462,,22154679.0,18842292.0,3277772.0,85.05,14.79,0.89,,
Australia,Western Pacific,2011,99.9054,,22538001.0,19175331.0,3304468.0,85.08,14.66,0.94,,
Australia,Western Pacific,2012,99.926,,22903948.0,19490210.0,3331639.0,85.1,14.55,1.0,,
Australia,Western Pacific,2013,99.94645,,23254913.0,19794324.0,3356405.0,85.12,14.43,1.03,,
Australia,Western Pacific,2014,99.96148,,23596424.0,20094765.0,3379903.0,85.16,14.32,1.03,,
Australia,Western Pacific,2015,99.97,,23932502.0,20396531.0,3403025.0,85.23,14.22,0.88,,
Australia,Western Pacific,2016,99.96997,,24262712.0,20700043.0,3425805.0,85.32,14.12,1.05,0.09539,23.0
Australia,Western Pacific,2017,99.96993,,24584620.0,21003923.0,3446638.0,85.44,14.02,0.89,,
Austria,Europe,2000,100.0,97.71394,8069276.0,4858713.0,3210563.0,60.21,39.79,0.82,,
Austria,Europe,2001,100.0,97.79684,8097748.0,4853324.0,3244424.0,59.93,40.07,,,
Austria,Europe,2002,100.0,97.87975,8134412.0,4852579.0,3281833.0,59.65,40.35,1.36,,
Austria,Europe,2003,100.0,97.96266,8175852.0,4854414.0,3321438.0,59.38,40.62,0.96,,
Austria,Europe,2004,100.0,98.04557,8216805.0,4855648.0,3361157.0,59.09,40.91,1.09,,
Austria,Europe,2005,100.0,98.12848,8253650.0,4854250.0,3399400.0,58.81,41.19,1.11,,
Austria,Europe,2006,100.0,98.21139,8285343.000000001,4849194.0,3435541.0,58.53,41.47,1.08,,
Austria,Europe,2007,100.0,98.2943,8313736.999999999,4841565.0,3470218.0,58.24,41.74,1.28,,
Austria,Europe,2008,100.0,98.37721,8341531.999999999,4833486.0,3504967.0,57.94,42.02,1.34,,
Austria,Europe,2009,100.0,98.46012,8372663.0,4828113.0,3541925.0,57.67,42.3,1.19,,
Austria,Europe,2010,100.0,98.54304,8409949.0,4827265.0,3582684.0,57.4,42.6,1.15,,
Austria,Europe,2011,100.0,98.62595,8453501.0,4831863.0,3628001.0,57.16,42.92,1.19,,
Austria,Europe,2012,100.0,98.70885,8502227.0,4867505.0,3650043.0,57.25,42.93,1.34,,
Austria,Europe,2013,100.0,98.79176,8556189.0,4918191.0,3659591.0,57.48,42.77,1.36,,
Austria,Europe,2014,100.0,98.87468,8615214.0,4966351.0,3666869.0,57.65,42.56,1.27,,
Austria,Europe,2015,100.0,98.90942,8678660.0,5008930.0,3669727.0,57.72,42.28,1.14,,
Austria,Europe,2016,100.0,98.90781,8747301.0,5044760.0,3667377.0,57.67,41.93,0.91,0.12375,11.0
Austria,Europe,2017,100.0,98.9062,8819901.0,5074746.0,3660707.0,57.54,41.51,1.05,,
Azerbaijan,Europe,2000,73.3805,49.67768,8122741.0,4173974.0,3948767.0,51.39,48.61,-0.83,,
Azerbaijan,Europe,2001,74.81776,50.13332,8197298.000000001,4228706.0,3968573.0,51.59,48.41,,,
Azerbaijan,Europe,2002,76.2676,50.58627,8277061.0,4286446.0,3990569.0,51.79,48.21,-1.19,,
Azerbaijan,Europe,2003,77.73052,51.03687,8361433.000000001,4346898.0,4014461.0,51.99,48.01,-0.95,,
Azerbaijan,Europe,2004,79.206,53.46619,8448946.0,4409365.0,4039517.0,52.19,47.81,-1.06,,
Azerbaijan,Europe,2005,80.69355,55.92712,8538605.0,4473283.0,4065323.0,52.39,47.61,-1.13,,
Azerbaijan,Europe,2006,82.19331,58.41952,8630146.0,4538558.0,4091637.0,52.59,47.41,-1.09,,
Azerbaijan,Europe,2007,83.70536,60.94326,8724243.0,4605524.0,4118779.9999999995,52.79,47.21,-0.63,,
Azerbaijan,Europe,2008,85.22897,63.49772,8821873.0,4674735.0,4147173.0,52.99,47.01,-0.33,,
Azerbaijan,Europe,2009,85.91744,66.08279,8924388.0,4746883.0,4177524.0000000005,53.19,46.81,-0.28,,
Azerbaijan,Europe,2010,86.606,68.70055,9032461.0,4823834.0,4208623.0,53.41,46.59,-0.24,,
Azerbaijan,Europe,2011,87.29395,70.32202,9146275.0,4905815.0,4240564.0,53.64,46.36,-0.53,,
Azerbaijan,Europe,2012,87.98087,70.85237,9264692.0,4992236.0,4272681.0,53.88,46.12,-0.72,,
Azerbaijan,Europe,2013,88.66653,71.38736,9385468.0,5081674.0,4303619.0,54.14,45.85,-0.41,,
Azerbaijan,Europe,2014,89.35028,71.92628,9505622.0,5172156.0,4331615.0,54.41,45.57,-0.56,,
Azerbaijan,Europe,2015,90.03168,72.46891,9622745.0,5262140.0,4355344.0,54.68,45.26,-0.73,,
Azerbaijan,Europe,2016,90.71031,73.015,9736043.0,5351044.0,4374332.0,54.96,44.93,-0.8,1.11988,109.0
Azerbaijan,Europe,2017,91.38574,73.56433,9845320.0,5438926.0,4388663.0,55.24,44.58,-0.75,,
Bahamas,Americas,2000,98.2455,,298051.0,244291.0,53599.0,81.96,17.98,1.28,,
Bahamas,Americas,2001,98.28826,,302618.0,248720.0,54415.0,82.19,17.98,,,
Bahamas,Americas,2002,98.33102,,307660.0,253792.0,55365.0,82.49,18.0,0.96,,
Bahamas,Americas,2003,98.37379,,313129.0,259334.0,56412.0,82.82,18.02,0.83,,
Bahamas,Americas,2004,98.41655,,318894.0,265039.0,57487.0,83.11,18.03,0.89,,
Bahamas,Americas,2005,98.45932,,324859.0,270701.0,58548.0,83.33,18.02,0.94,,
Bahamas,Americas,2006,98.50208,,331033.0,276253.0,59577.0,83.45,18.0,0.81,,
Bahamas,Americas,2007,98.54485,,337389.0,281741.0,60587.0,83.51,17.96,0.73,,
Bahamas,Americas,2008,98.58761,,343681.0,287112.0,61564.0,83.54,17.91,0.77,,
Bahamas,Americas,2009,98.63037,,349604.0,292348.0,62508.0,83.62,17.88,0.86,,
Bahamas,Americas,2010,98.67314,,354942.0,297422.0,63410.0,83.79,17.86,0.99,,
Bahamas,Americas,2011,98.7159,,359578.0,302330.0,64238.0,84.08,17.86,1.1,,
Bahamas,Americas,2012,98.75867,,363584.0,307053.0,64986.00000000001,84.45,17.87,1.18,,
Bahamas,Americas,2013,98.80143,,367169.0,311587.0,65653.0,84.86,17.88,1.13,,
Bahamas,Americas,2014,98.84419,,370633.0,315931.0,66238.0,85.24,17.87,0.96,,
Bahamas,Americas,2015,98.88696,,374206.0,320094.0,66744.0,85.54,17.84,0.91,,
Bahamas,Americas,2016,98.88696,,377930.0,324066.0,67166.0,85.75,17.77,0.98,0.06853,0.0
Bahamas,Americas,2017,98.88696,,381755.0,327853.0,67508.0,85.88,17.68,0.99,,
Bahrain,Eastern Mediterranean,2000,99.89794,98.79928,664611.0,587336.0,77278.0,88.37,11.63,0.06,,
Bahrain,Eastern Mediterranean,2001,99.90804,98.82163,697545.0,616419.0,81130.0,88.37,11.63,,,
Bahrain,Eastern Mediterranean,2002,99.91813,98.84398,735146.0,649670.0,85478.0,88.37,11.63,0.28,,
Bahrain,Eastern Mediterranean,2003,99.92822,98.86634,778708.0,688245.0,90466.0,88.38,11.62,0.48,,
Bahrain,Eastern Mediterranean,2004,99.93832,98.88869,829844.0,733578.0,96270.0,88.4,11.6,0.31,,
Bahrain,Eastern Mediterranean,2005,99.94841,98.91106,889164.0,786221.0,102947.0,88.42,11.58,0.01,,
Bahrain,Eastern Mediterranean,2006,99.9585,98.93342,958418.0,847733.0,110681.0,88.45,11.55,-0.37,,
Bahrain,Eastern Mediterranean,2007,99.9686,98.95218,1035919.0000000001,916635.0,119256.0,88.49,11.51,-0.25,,
Bahrain,Eastern Mediterranean,2008,99.97869,98.96217,1114641.0,986747.0,127843.0,88.53,11.47,-0.24,,
Bahrain,Eastern Mediterranean,2009,99.98878,98.97216,1185076.0,1049684.0,135345.0,88.58,11.42,-0.14,,
Bahrain,Eastern Mediterranean,2010,99.99888,98.98215,1240860.0,1099822.0,141040.0,88.63,11.37,-0.49,,
Bahrain,Eastern Mediterranean,2011,100.0,98.98326,1278151.0,1133759.0,144510.0,88.7,11.31,-0.95,,
Bahrain,Eastern Mediterranean,2012,100.0,98.98326,1299944.0,1154100.0,146117.0,88.78,11.24,-1.13,,
Bahrain,Eastern Mediterranean,2013,100.0,98.98326,1315028.0,1168550.0,146861.0,88.86,11.17,-1.34,,
Bahrain,Eastern Mediterranean,2014,100.0,98.98326,1336075.0,1188251.0,148146.0,88.94,11.09,-0.91,,
Bahrain,Eastern Mediterranean,2015,100.0,98.98326,1371851.0,1220943.0,150912.0,89.0,11.0,-1.07,,
Bahrain,Eastern Mediterranean,2016,100.0,98.98326,1425792.0,1269684.0,155487.0,89.05,10.91,-0.79,0.0396,1.0
Bahrain,Eastern Mediterranean,2017,100.0,98.98326,1494076.0,1331175.0,161409.0,89.1,10.8,-0.96,,
Bangladesh,South-East Asia,2000,95.21504,55.9067,127657854.0,31040651.0,100540592.0,24.32,78.76,-0.72,,
Bangladesh,South-East Asia,2001,95.38698,55.92532,130088702.0,32314063.0,101793097.0,24.84,78.25,,,
Bangladesh,South-East Asia,2002,95.5634,55.91951,132478086.00000001,33817103.0,102783564.0,25.53,77.59,-1.03,,
Bangladesh,South-East Asia,2003,95.73788,55.91014,134791603.0,35350710.0,103668291.0,26.23,76.91,-1.12,,
Bangladesh,South-East Asia,2004,95.91029,55.89733,136986432.0,36901153.0,104406336.0,26.94,76.22,-1.36,,
Bangladesh,South-East Asia,2005,96.00987,55.88136,139035505.0,38452976.0,104978125.0,27.66,75.5,-1.86,,
Bangladesh,South-East Asia,2006,96.10641,55.86171,140921167.0,40001295.0,105366709.0,28.39,74.77,-1.51,,
Bangladesh,South-East Asia,2007,96.19977,55.83849,142660376.0,41547154.0,105592037.0,29.12,74.02,-1.54,,
Bangladesh,South-East Asia,2008,96.28986,55.81183,144304167.0,43106528.0,105699286.0,29.87,73.25,-1.51,,
Bangladesh,South-East Asia,2009,96.37656,55.78184,145924797.0,44698643.0,105756065.0,30.63,72.47,-1.54,,
Bangladesh,South-East Asia,2010,96.45987,55.74816,147575430.0,46347089.0,105802013.0,31.41,71.69,-1.43,,
Bangladesh,South-East Asia,2011,96.53966,55.71107,149273139.0,48058704.0,105853212.0,32.2,70.91,-1.4,,
Bangladesh,South-East Asia,2012,96.61577,55.67136,151005739.0,49821256.0,105905797.0,32.99,70.13,-1.38,,
Bangladesh,South-East Asia,2013,96.68811,55.62967,152761418.0,51624214.0,105947078.0,33.79,69.35,-1.63,,
Bangladesh,South-East Asia,2014,96.75671,55.58548,154517382.0,53455788.0,105949491.0,34.6,68.57,-0.9,,
Bangladesh,South-East Asia,2015,96.82152,55.53946,156256276.0,55305132.0,105895754.0,35.39,67.77,-1.21,,
Bangladesh,South-East Asia,2016,96.88253,55.49126,157977153.0,57168030.0,105783530.0,36.19,66.96,-1.26,11.94467,18870.0
Bangladesh,South-East Asia,2017,97.01601,55.44123,159685424.0,59046818.0,105622933.0,36.98,66.14,-1.26,,
Barbados,Americas,2000,98.32442,,271515.0,91281.0,178566.0,33.62,65.77,1.15,,
Barbados,Americas,2001,98.33443,,272500.0,91028.0,179657.0,33.4,65.93,,,
Barbados,Americas,2002,98.34443,,273425.0,90758.0,180720.0,33.19,66.09,1.1,,
Barbados,Americas,2003,98.35443,,274329.0,90482.0,181776.0,32.98,66.26,0.92,,
Barbados,Americas,2004,98.36443,,275284.0,90221.0,182870.0,32.77,66.43,1.1,,
Barbados,Americas,2005,98.37443,,276323.0,89988.0,184021.0,32.57,66.6,1.12,,
Barbados,Americas,2006,98.38443,,277477.0,89788.0,185251.0,32.36,66.76,0.91,,
Barbados,Americas,2007,98.39443,,278700.0,89613.0,186537.0,32.15,66.93,1.04,,
Barbados,Americas,2008,98.40443,,279946.0,89453.0,187866.0,31.95,67.11,1.07,,
Barbados,Americas,2009,98.41444,,281104.0,89286.0,189184.0,31.76,67.3,1.05,,
Barbados,Americas,2010,98.42444,,282131.0,89099.0,190470.0,31.58,67.51,1.06,,
Barbados,Americas,2011,98.43444,,282987.0,88951.0,191650.0,31.43,67.72,1.25,,
Barbados,Americas,2012,98.44444,,283701.0,88849.0,192736.0,31.32,67.94,1.19,,
Barbados,Americas,2013,98.45444,,284296.0,88790.0,193719.0,31.23,68.14,1.27,,
Barbados,Americas,2014,98.46445,,284826.0,88778.0,194607.0,31.17,68.32,1.28,,
Barbados,Americas,2015,98.47444,,285324.0,88815.0,195402.0,31.13,68.48,1.14,,
Barbados,Americas,2016,98.48444,,285796.0,88898.0,196098.0,31.11,68.61,0.98,0.16462,0.0
Barbados,Americas,2017,98.49445,,286232.0,89026.0,196693.0,31.1,68.72,0.97,,
Belarus,Europe,2000,99.29858,80.62173,9871632.0,6950857.0,2982752.0,70.41,30.22,0.14,,
Belarus,Europe,2001,99.3015,80.80693,9811401.0,6956291.0,2916670.0,70.9,29.73,,,
Belarus,Europe,2002,99.30439,80.9906,9745923.0,6957077.0,2850055.0,71.38,29.24,0.3,,
Belarus,Europe,2003,99.30724,81.17236,9679235.0,6955884.0,2784170.0,71.86,28.76,0.69,,
Belarus,Europe,2004,99.08635,82.53634,9616634.0,6956481.0,2720421.0,72.34,28.29,0.16,,
Belarus,Europe,2005,98.83467,83.86742,9562088.0,6961538.0,2660005.0,72.8,27.82,0.36,,
Belarus,Europe,2006,98.58054,85.16609,9516883.0,6972130.0,2602913.0,73.26,27.35,0.15,,
Belarus,Europe,2007,98.32397,86.43282,9480515.0,6987925.0,2548939.0,73.71,26.89,0.34,,
Belarus,Europe,2008,98.06499,87.6683,9452855.0,7009338.0,2497993.0,74.15,26.43,0.52,,
Belarus,Europe,2009,97.8037,88.87239,9433152.0,7036158.0,2450081.0,74.59,25.97,0.49,,
Belarus,Europe,2010,97.53931,90.05457,9420574.0,7073718.0,2399353.0,75.09,25.47,-0.09,,
Belarus,Europe,2011,97.27204,91.20509,9415320.0,7119161.0,2349339.0,75.61,24.95,-0.09,,
Belarus,Europe,2012,97.00216,92.32056,9417046.0,7169857.0,2301873.0,76.14,24.44,0.07,,
Belarus,Europe,2013,96.72971,93.40166,9423506.0,7222782.0,2256120.0,76.65,23.94,0.01,,
Belarus,Europe,2014,96.45479,94.44904,9431735.0,7274227.0,2210624.0,77.13,23.44,0.18,,
Belarus,Europe,2015,96.46445,94.47331,9439423.0,7321167.0,2164605.0,77.56,22.93,0.11,,
Belarus,Europe,2016,96.47418,94.49743,9445643.0,7362328.0,2117714.0,77.94,22.42,0.14,0.05165,5.0
Belarus,Europe,2017,96.48397,94.52139,9450231.0,7397955.0,2070382.9999999998,78.28,21.91,-0.05,,
Belgium,Europe,2000,100.0,99.52319,10282033.0,9986809.0,295224.0,97.13,2.87,1.13,,
Belgium,Europe,2001,99.99999,99.52318,10319019.0,10028603.0,290416.0,97.19,2.81,,,
Belgium,Europe,2002,100.0,99.52319,10364885.0,10078969.0,285916.0,97.24,2.76,1.26,,
Belgium,Europe,2003,100.0,99.52319,10419032.0,10137331.0,281701.0,97.3,2.7,0.86,,
Belgium,Europe,2004,100.0,99.52319,10480117.0,10202403.0,277714.0,97.35,2.65,0.71,,
Belgium,Europe,2005,100.0,99.52319,10546886.0,10272952.0,273934.0,97.4,2.6,0.8,,
Belgium,Europe,2006,100.0,99.52319,10619475.0,10349232.0,270335.0,97.46,2.55,0.86,,
Belgium,Europe,2007,100.0,99.52319,10697572.0,10430928.0,266907.0,97.51,2.5,0.76,,
Belgium,Europe,2008,100.0,99.52319,10778758.0,10515600.0,263573.0,97.56,2.45,0.62,,
Belgium,Europe,2009,100.0,99.52319,10859940.0,10600017.0,260273.00000000003,97.61,2.4,0.82,,
Belgium,Europe,2010,100.0,99.52319,10938739.0,10681812.0,256927.00000000003,97.65,2.35,0.81,,
Belgium,Europe,2011,100.0,99.52319,11013853.0,10759568.0,253515.0,97.69,2.3,0.95,,
Belgium,Europe,2012,100.0,99.52319,11085358.0,10833511.0,250039.0,97.73,2.26,0.92,,
Belgium,Europe,2013,100.0,99.52319,11154009.0,10904955.0,246557.0,97.77,2.21,0.94,,
Belgium,Europe,2014,100.0,99.52319,11221231.0,10976062.0,243099.0,97.82,2.17,0.7,,
Belgium,Europe,2015,100.0,99.52319,11287940.0,11048237.0,239703.0,97.88,2.12,0.59,,
Belgium,Europe,2016,100.0,99.52319,11354420.0,11122008.0,236371.0,97.95,2.08,0.44,0.28179,32.0
Belgium,Europe,2017,100.0,99.52319,11419748.0,11196239.0,233097.0,98.04,2.04,0.43,,
Belize,Americas,2000,87.43149,,247315.0,112275.0,135040.0,45.4,54.6,0.18,,
Belize,Americas,2001,88.08195,,255063.0,115714.0,139270.0,45.37,54.6,,,
Belize,Americas,2002,88.7325,,262378.0,118946.0,143260.0,45.33,54.6,0.42,,
Belize,Americas,2003,89.38311,,269425.0,122042.0,147088.0,45.3,54.59,0.49,,
Belize,Americas,2004,90.0338,,276504.0,125150.0,150939.0,45.26,54.59,0.4,,
Belize,Americas,2005,90.68456,,283800.0,128360.00000000001,154917.0,45.23,54.59,0.1,,
Belize,Americas,2006,91.33538,,291329.0,131696.0,159051.0,45.21,54.59,0.08,,
Belize,Americas,2007,91.98627,,299025.0,135115.0,163292.0,45.19,54.61,0.19,,
Belize,Americas,2008,92.63725,,306823.0,138575.0,167590.0,45.16,54.62,0.19,,
Belize,Americas,2009,93.28828,,314655.0,142036.0,171893.0,45.14,54.63,0.03,,
Belize,Americas,2010,93.93748,,322464.0,145456.0,176152.0,45.11,54.63,0.07,,
Belize,Americas,2011,94.5876,,330237.0,148888.0,180304.0,45.09,54.6,0.15,,
Belize,Americas,2012,95.23856,,338000.0,152345.0,184356.0,45.07,54.54,0.18,,
Belize,Americas,2013,95.89018,,345715.0,155852.0,188329.0,45.08,54.48,0.18,,
Belize,Americas,2014,96.5423,,353366.0,159442.0,192252.0,45.12,54.41,0.05,,
Belize,Americas,2015,97.1756,,360933.0,163139.0,196149.0,45.2,54.34,0.04,,
Belize,Americas,2016,97.58454,,368400.0,166945.0,200009.0,45.32,54.29,0.06,0.96521,4.0
Belize,Americas,2017,97.99258,,375769.0,170857.0,203824.0,45.47,54.24,0.04,,
Benin,Africa,2000,61.4597,,6865951.0,2631898.0,4234053.0,38.33,61.67,0.8,,
Benin,Africa,2001,61.78022,,7076733.0,2735162.0,4341571.0,38.65,61.35,,,
Benin,Africa,2002,62.11044,,7295394.0,2847815.0,4447579.0,39.04,60.96,0.82,,
Benin,Africa,2003,62.45986,,7520555.0,2973325.0,4547230.0,39.54,60.46,0.68,,
Benin,Africa,2004,62.80177,,7750004.0,3103029.0,4646975.0,40.04,59.96,0.27,,
Benin,Africa,2005,63.13576,,7982225.0,3236223.0,4746002.0,40.54,59.46,0.45,,
Benin,Africa,2006,63.46212,,8216897.000000001,3372984.0,4843912.0,41.05,58.95,0.55,,
Benin,Africa,2007,63.78112,,8454793.0,3513622.0,4941169.0,41.56,58.44,0.39,,
Benin,Africa,2008,64.09259,,8696921.0,3658678.0,5038238.0,42.07,57.93,0.37,,
Benin,Africa,2009,64.39618,,8944708.0,3808645.0,5136061.0,42.58,57.42,0.4,,
Benin,Africa,2010,64.69237,,9199259.0,3964272.0,5234987.0,43.09,56.91,0.26,,
Benin,Africa,2011,64.98122,,9460831.0,4125702.0,5335100.0,43.61,56.39,0.32,,
Benin,Africa,2012,65.26279,,9729249.0,4293037.0,5436123.0,44.13,55.87,0.36,,
Benin,Africa,2013,65.53676,,10004591.0,4466227.0,5538224.0,44.64,55.36,0.3,,
Benin,Africa,2014,65.8045,,10286844.0,4646067.0,5640645.0,45.17,54.83,0.03,,
Benin,Africa,2015,66.06565,,10575952.0,4832633.0,5743319.0,45.69,54.31,-0.01,,
Benin,Africa,2016,66.32024,,10872063.0,5026121.0,5846177.0,46.23,53.77,0.0,59.73005,6494.0
Benin,Africa,2017,66.41473,,11175198.0,5226646.0,5949046.0,46.77,53.23,0.03,,
Bhutan,South-East Asia,2000,82.73643,28.55129,591021.0,145753.0,427663.0,24.66,72.36,0.49,,
Bhutan,South-East Asia,2001,83.94121,29.12169,603640.0,156124.0,433476.0,25.86,71.81,,,
Bhutan,South-East Asia,2002,85.03076,29.69176,616018.0,167186.0,439213.0,27.14,71.3,0.69,,
Bhutan,South-East Asia,2003,86.09742,30.2612,627839.0,178853.0,444581.0,28.49,70.81,0.92,,
Bhutan,South-East Asia,2004,87.14063,30.82995,638815.0,191026.0,449256.0,29.9,70.33,1.17,,
Bhutan,South-East Asia,2005,88.15419,31.3862,648739.0,203329.0,453310.0,31.34,69.88,1.28,,
Bhutan,South-East Asia,2006,89.09871,31.83981,657410.0,213178.0,459050.0,32.43,69.83,1.26,,
Bhutan,South-East Asia,2007,90.02512,32.29049,664876.0,223048.0,463910.0,33.55,69.77,0.57,,
Bhutan,South-East Asia,2008,90.93324,32.7381,671613.0,232967.0,467983.0,34.69,69.68,0.72,,
Bhutan,South-East Asia,2009,91.8227,33.18185,678323.0,242986.0,471472.0,35.82,69.51,0.8,,
Bhutan,South-East Asia,2010,92.69353,33.62213,685503.0,253171.0,474470.0,36.93,69.21,0.74,,
Bhutan,South-East Asia,2011,93.54562,34.05882,693298.0,263512.0,476998.0,38.01,68.8,0.83,,
Bhutan,South-East Asia,2012,94.3781,34.48847,701581.0,273865.0,479102.0,39.04,68.29,0.78,,
Bhutan,South-East Asia,2013,95.19118,34.91069,710237.0,284174.0,480787.0,40.01,67.69,0.78,,
Bhutan,South-East Asia,2014,95.98522,35.32534,719055.0,294412.0,482036.0,40.94,67.04,1.07,,
Bhutan,South-East Asia,2015,96.81251,35.72396,727876.0,304542.0,482844.0,41.84,66.34,0.97,,
Bhutan,South-East Asia,2016,97.20763,35.99732,736708.0,314540.0,483225.0,42.7,65.59,1.12,3.94974,29.0
Bhutan,South-East Asia,2017,97.23338,36.16311,745563.0,324393.0,483217.0,43.51,64.81,1.12,,
Bolivia (Plurinational State of),Americas,2000,79.47904,,8418264.0,5152761.0,3186751.0,61.21,37.86,-0.24,,
Bolivia (Plurinational State of),Americas,2001,80.39053,,8580235.0,5293779.0,3202596.0,61.7,37.33,,,
Bolivia (Plurinational State of),Americas,2002,81.27538,,8742814.0,5432803.0,3220542.0,62.14,36.84,-0.29,,
Bolivia (Plurinational State of),Americas,2003,82.14623,,8905823.0,5572387.0,3238033.0,62.57,36.36,-0.83,,
Bolivia (Plurinational State of),Americas,2004,83.00706,,9069039.0,5713426.0,3254315.0,63.0,35.88,-0.68,,
Bolivia (Plurinational State of),Americas,2005,83.85716,,9232306.0,5855799.0,3269610.0,63.43,35.41,-0.97,,
Bolivia (Plurinational State of),Americas,2006,84.69763,,9395446.0,5999605.0,3283729.0,63.86,34.95,-0.8,,
Bolivia (Plurinational State of),Americas,2007,85.52747,,9558439.0,6144724.0,3296720.0,64.29,34.49,-0.85,,
Bolivia (Plurinational State of),Americas,2008,86.34769,,9721454.0,6291277.0,3308578.0,64.72,34.03,-0.7,,
Bolivia (Plurinational State of),Americas,2009,87.15479,,9884781.0,6439188.0,3319560.0,65.14,33.58,-0.51,,
Bolivia (Plurinational State of),Americas,2010,87.91364,,10048590.0,6588702.0,3329540.0,65.57,33.13,-0.42,,
Bolivia (Plurinational State of),Americas,2011,88.6619,,10212954.0,6739752.0,3338591.0,65.99,32.69,-0.42,,
Bolivia (Plurinational State of),Americas,2012,89.39959,,10377676.0,6892356.0,3346648.0,66.42,32.25,-0.46,,
Bolivia (Plurinational State of),Americas,2013,90.11292,,10542377.0,7040847.0,3359417.0,66.79,31.87,-0.33,,
Bolivia (Plurinational State of),Americas,2014,90.80893,,10706517.0,7187241.0,3374918.0,67.13,31.52,-0.33,,
Bolivia (Plurinational State of),Americas,2015,91.49683,,10869730.0,7334993.0,3389712.0,67.48,31.18,-0.27,,
Bolivia (Plurinational State of),Americas,2016,92.1769,,11031814.0,7484135.0,3403747.0,67.84,30.85,-0.25,5.57744,615.0
Bolivia (Plurinational State of),Americas,2017,92.84873,,11192855.0,7634445.0,3417155.0,68.21,30.53,-0.28,,
Bosnia and Herzegovina,Europe,2000,97.2697,87.34998,3751176.0,1596468.0,2170238.0,42.56,57.85,-0.53,,
Bosnia and Herzegovina,Europe,2001,97.22156,87.47272,3755512.0,1610276.0,2161008.0,42.88,57.54,,,
Bosnia and Herzegovina,Europe,2002,97.17081,87.59462,3759387.0,1624129.0,2151678.0,43.2,57.23,-0.16,,
Bosnia and Herzegovina,Europe,2003,97.11742,87.71558,3762173.0,1637562.0,2141685.0,43.53,56.93,-0.4,,
Bosnia and Herzegovina,Europe,2004,97.06139,87.83569,3764194.0,1650444.0,2130843.0,43.85,56.61,0.02,,
Bosnia and Herzegovina,Europe,2005,97.00271,87.95483,3765331.0,1662534.0,2118996.0,44.15,56.28,-0.5,,
Bosnia and Herzegovina,Europe,2006,96.94138,88.07303,3765424.0,1673641.0,2105827.0,44.45,55.93,-0.44,,
Bosnia and Herzegovina,Europe,2007,96.8774,88.19037,3762786.0,1683233.0,2090766.9999999998,44.73,55.56,-0.63,,
Bosnia and Herzegovina,Europe,2008,96.81075,88.30676,3754271.0,1690608.0,2072991.0,45.03,55.22,-0.54,,
Bosnia and Herzegovina,Europe,2009,96.74146,88.42222,3735938.0,1694897.0,2051664.0000000002,45.37,54.92,-0.67,,
Bosnia and Herzegovina,Europe,2010,96.66949,88.53674,3705472.0,1695719.0,2026365.0,45.76,54.69,-0.69,,
Bosnia and Herzegovina,Europe,2011,96.59486,88.65034,3661175.0,1692387.0,1996478.0,46.23,54.53,-0.82,,
Bosnia and Herzegovina,Europe,2012,96.45003,88.70229,3604972.0,1685431.0,1962769.0,46.75,54.45,-0.54,,
Bosnia and Herzegovina,Europe,2013,96.35201,88.79768,3542606.0,1677015.0,1927984.0,47.34,54.42,-0.4,,
Bosnia and Herzegovina,Europe,2014,96.16813,88.81718,3482105.0,1670317.0,1895685.0,47.97,54.44,-0.02,,
Bosnia and Herzegovina,Europe,2015,96.15984,88.82513,3429361.0,1668024.0,1867937.0,48.64,54.47,-0.4,,
Bosnia and Herzegovina,Europe,2016,96.15126,88.83336,3386266.0,1671135.0,1845681.0,49.35,54.5,-0.4,0.07872,3.0
Bosnia and Herzegovina,Europe,2017,96.14236,88.8419,3351525.0,1679011.0,1828006.0,50.1,54.54,-0.35,,
Botswana,Africa,2000,75.19897,,1643334.0,919803.0,808537.0,55.97,49.2,1.07,,
Botswana,Africa,2001,75.54352,,1674678.0,948744.0,806191.0,56.65,48.14,,,
Botswana,Africa,2002,75.75011,,1704642.0,971326.0,808627.0,56.98,47.44,0.87,,
Botswana,Africa,2003,75.9352,,1734398.0,992912.0,811427.0,57.25,46.78,1.11,,
Botswana,Africa,2004,76.11861,,1765527.0,1015052.0,814278.0,57.49,46.12,0.92,,
Botswana,Africa,2005,76.29915,,1799078.0,1038238.0,817614.0,57.71,45.45,1.06,,
Botswana,Africa,2006,77.40119,,1835908.0,1062710.0,821528.0,57.88,44.75,1.02,,
Botswana,Africa,2007,78.88605,,1875459.0,1108988.0,805426.0,59.13,42.95,1.06,,
Botswana,Africa,2008,80.32352,,1915639.0,1156983.0,789368.0,60.4,41.21,1.03,,
Botswana,Africa,2009,81.71011,,1953498.0,1206484.0,773398.0,61.76,39.59,0.95,,
Botswana,Africa,2010,83.04817,,1987105.0,1257527.0,757339.0,63.28,38.11,0.99,,
Botswana,Africa,2011,84.33698,,2015403.0,1310088.0,741251.0,65.0,36.78,1.06,,
Botswana,Africa,2012,85.42284,,2039556.0,1353211.0,736104.0,66.35,36.09,1.1,,
Botswana,Africa,2013,86.45559,,2062547.9999999998,1395704.0,732803.0,67.67,35.53,1.1,,
Botswana,Africa,2014,87.46342,,2088618.0,1439241.0,729332.0,68.91,34.92,1.01,,
Botswana,Africa,2015,88.44628,,2120716.0,1483587.0,725610.0,69.96,34.22,1.04,,
Botswana,Africa,2016,89.40444,,2159927.0,1528680.0,721580.0,70.77,33.41,0.99,11.76669,254.0
Botswana,Africa,2017,90.33772,,2205080.0,1574371.0,717290.0,71.4,32.53,1.02,,
Brazil,Americas,2000,93.65429,,174790340.0,142319507.0,32968080.0,81.42,18.86,0.19,,
Brazil,Americas,2001,93.95515,,177196054.0,144960898.0,32789771.999999996,81.81,18.5,,,
Brazil,Americas,2002,94.24261,,179537520.0,147507760.0,32643261.0,82.16,18.18,0.33,,
Brazil,Americas,2003,94.52402,,181809246.0,150005145.0,32477004.0,82.51,17.86,0.01,,
Brazil,Americas,2004,94.79925,,184006481.0,152448284.0,32290174.0,82.85,17.55,-0.28,,
Brazil,Americas,2005,95.06841,,186127103.0,154831640.0,32085721.0,83.19,17.24,-0.26,,
Brazil,Americas,2006,95.33183,,188167356.0,157151283.0,31861129.0,83.52,16.93,-0.29,,
Brazil,Americas,2007,95.58958,,190130443.0,159407919.0,31618718.0,83.84,16.63,-0.36,,
Brazil,Americas,2008,95.84179,,192030362.0,161617285.0,31361744.0,84.16,16.33,-0.31,,
Brazil,Americas,2009,96.08819,,193886508.0,163798431.0,31097565.0,84.48,16.04,0.17,,
Brazil,Americas,2010,96.32925,,195713635.0,165969018.0,30827251.0,84.8,15.75,0.01,,
Brazil,Americas,2011,96.56647,,197514536.0,168150255.0,30536433.0,85.13,15.46,-0.13,,
Brazil,Americas,2012,96.79839,,199287299.0,170322118.0,30238865.0,85.47,15.17,0.05,,
Brazil,Americas,2013,97.02485,,201035912.0,172471366.0,29937266.0,85.79,14.89,-0.26,,
Brazil,Americas,2014,97.24637,,202763739.0,174585878.0,29627255.0,86.1,14.61,-0.07,,
Brazil,Americas,2015,97.60592,,204471769.0,176653700.0,29308408.0,86.4,14.33,-0.33,,
Brazil,Americas,2016,97.84798,,206163053.0,178669587.0,28983278.0,86.66,14.06,-0.38,1.047,2159.0
Brazil,Americas,2017,98.19339,,207833823.0,180633872.0,28654406.0,86.91,13.79,-0.42,,
Brunei Darussalam,Western Pacific,2000,99.90001,,333165.0,237146.0,96095.0,71.18,28.84,1.3,,
Brunei Darussalam,Western Pacific,2001,99.90001,,340034.0,243701.0,96416.0,71.67,28.35,,,
Brunei Darussalam,Western Pacific,2002,99.90001,,346782.0,249902.0,96965.0,72.06,27.96,1.16,,
Brunei Darussalam,Western Pacific,2003,99.90001,,353293.0,255928.0,97461.0,72.44,27.59,1.15,,
Brunei Darussalam,Western Pacific,2004,99.90001,,359433.0,261711.0,97812.0,72.81,27.21,1.37,,
Brunei Darussalam,Western Pacific,2005,99.90001,,365114.0,267160.0,97998.0,73.17,26.84,1.21,,
Brunei Darussalam,Western Pacific,2006,99.90001,,370263.0,272240.0,98010.0,73.53,26.47,1.12,,
Brunei Darussalam,Western Pacific,2007,99.90001,,374965.0,276993.0,97871.0,73.87,26.1,1.11,,
Brunei Darussalam,Western Pacific,2008,99.90001,,379421.0,281601.0,97651.0,74.22,25.74,1.13,,
Brunei Darussalam,Western Pacific,2009,99.90001,,383906.0,286323.0,97449.0,74.58,25.38,1.39,,
Brunei Darussalam,Western Pacific,2010,99.90001,,388646.0,291344.0,97318.0,74.96,25.04,1.28,,
Brunei Darussalam,Western Pacific,2011,99.90001,,393688.0,296733.0,97280.0,75.37,24.71,1.09,,
Brunei Darussalam,Western Pacific,2012,99.90001,,398989.0,302434.0,97314.0,75.8,24.39,0.91,,
Brunei Darussalam,Western Pacific,2013,99.90001,,404421.0,308330.0,97386.0,76.24,24.08,1.07,,
Brunei Darussalam,Western Pacific,2014,99.90001,,409769.0,314263.0,97441.0,76.69,23.78,1.26,,
Brunei Darussalam,Western Pacific,2015,99.90001,,414907.0,320102.0,97440.0,77.15,23.48,1.24,,
Brunei Darussalam,Western Pacific,2016,99.90001,,419800.0,325818.0,97378.0,77.61,23.2,1.15,0.0452,0.0
Brunei Darussalam,Western Pacific,2017,99.90001,,424473.0,331434.0,97263.0,78.08,22.91,1.16,,
Bulgaria,Europe,2000,99.74083,96.83743,7997957.0,5510364.0,2487423.0,68.9,31.1,0.38,,
Bulgaria,Europe,2001,99.74168,96.83825,7930703.0,5485203.0,2445343.0,69.16,30.83,,,
Bulgaria,Europe,2002,99.73834,96.83501,7866239.0,5468787.0,2397299.0,69.52,30.48,0.47,,
Bulgaria,Europe,2003,99.71145,96.80889,7804312.0,5453302.0,2350579.0,69.88,30.12,0.17,,
Bulgaria,Europe,2004,99.66514,96.76394,7744632.0,5438343.0,2304921.0,70.22,29.76,0.0,,
Bulgaria,Europe,2005,99.61935,96.71947,7686962.0,5423484.0,2260279.0,70.55,29.4,0.15,,
Bulgaria,Europe,2006,99.57405,96.6755,7631012.0,5408555.0,2216404.0,70.88,29.04,0.4,,
Bulgaria,Europe,2007,99.52925,96.632,7576672.0,5393596.0,2173353.0,71.19,28.68,0.36,,
Bulgaria,Europe,2008,99.48495,96.589,7524087.0,5379083.0,2131248.0,71.49,28.33,0.37,,
Bulgaria,Europe,2009,99.44113,96.70982,7473513.0,5365591.0,2090438.9999999998,71.79,27.97,0.35,,
Bulgaria,Europe,2010,99.3978,96.83096,7425008.0,5353646.0,2050944.0,72.1,27.62,0.36,,
Bulgaria,Europe,2011,99.35493,96.95243,7378650.0,5343392.0,2012821.0,72.42,27.28,0.3,,
Bulgaria,Europe,2012,99.31258,97.07426,7334003.0,5334770.0,1975613.0,72.74,26.94,0.38,,
Bulgaria,Europe,2013,99.27072,97.03456,7290088.0,5327025.0,1939116.0,73.07,26.6,0.17,,
Bulgaria,Europe,2014,99.22936,97.01165,7245646.0,5319207.0,1902938.0,73.41,26.26,0.08,,
Bulgaria,Europe,2015,99.18851,96.98926,7199741.0,5310568.0,1866828.0,73.76,25.93,0.02,,
Bulgaria,Europe,2016,99.14818,96.96734,7151953.0,5300792.0,1830702.0,74.12,25.6,0.08,0.12884,9.0
Bulgaria,Europe,2017,99.10835,96.94594,7102444.0,5289957.0,1794614.0,74.48,25.27,0.33,,
Burkina Faso,Africa,2000,54.91951,,11607942.0,2071266.9999999998,9536675.0,17.84,82.16,0.06,,
Burkina Faso,Africa,2001,55.08078,,11944587.0,2214482.0,9730105.0,18.54,81.46,,,
Burkina Faso,Africa,2002,54.57504,,12293100.0,2367346.0,9925754.0,19.26,80.74,-0.31,,
Burkina Faso,Africa,2003,54.08577,,12654621.0,2530467.0,10124154.0,20.0,80.0,0.07,,
Burkina Faso,Africa,2004,53.61477,,13030569.0,2704804.0,10325765.0,20.76,79.24,-0.08,,
Burkina Faso,Africa,2005,53.16201,,13421930.0,2890728.0,10531202.0,21.54,78.46,-0.06,,
Burkina Faso,Africa,2006,52.72937,,13829176.0,3089367.0,10739810.0,22.34,77.66,0.16,,
Burkina Faso,Africa,2007,52.26617,,14252021.0,3277442.0,10974579.0,23.0,77.0,0.31,,
Burkina Faso,Africa,2008,51.77521,,14689725.0,3457082.0,11232644.0,23.53,76.47,0.12,,
Burkina Faso,Africa,2009,51.29434,,15141098.0,3645798.0,11495301.0,24.08,75.92,0.03,,
Burkina Faso,Africa,2010,50.8247,,15605217.0,3844025.0,11761192.0,24.63,75.37,-0.12,,
Burkina Faso,Africa,2011,50.36684,,16081913.0,4051932.0,12029972.0,25.2,74.8,-0.56,,
Burkina Faso,Africa,2012,49.92089,,16571253.0,4269988.0,12301228.0,25.77,74.23,-0.57,,
Burkina Faso,Africa,2013,49.48737,,17072785.0,4498013.0,12574710.0,26.35,73.65,-0.76,,
Burkina Faso,Africa,2014,49.06718,,17586030.0,4736606.0,12849371.0,26.93,73.07,-0.79,,
Burkina Faso,Africa,2015,48.66046,,18110624.0,4985855.0,13124769.0,27.53,72.47,-0.61,,
Burkina Faso,Africa,2016,48.26772,,18646357.0,5245912.0,13400521.0,28.13,71.87,-0.87,49.64125,9256.0
Burkina Faso,Africa,2017,47.88813,,19193234.0,5516730.0,13676652.0,28.74,71.26,-0.93,,
Burundi,Africa,2000,50.66312,,6378871.0,527819.0,5872887.0,8.27,92.07,-2.02,,
Burundi,Africa,2001,51.23447,,6525545.0,554716.0,6001113.0,8.5,91.96,,,
Burundi,Africa,2002,51.80933,,6704113.0,585300.0,6156269.0,8.73,91.83,-2.29,,
Burundi,Africa,2003,52.38733,,6909154.0,619362.0,6333751.0,8.96,91.67,-2.24,,
Burundi,Africa,2004,52.96843,,7131693.0,656406.0,6526045.0,9.2,91.51,-2.52,,
Burundi,Africa,2005,53.55263,,7364862.0,695940.0,6727349.0,9.45,91.34,-1.52,,
Burundi,Africa,2006,54.14023,,7607849.0,738134.0,6937204.0,9.7,91.18,-1.43,,
Burundi,Africa,2007,54.73087,,7862214.0,783189.0,7156384.0,9.96,91.02,-1.38,,
Burundi,Africa,2008,55.3252,,8126102.0,830899.0,7381365.0,10.23,90.84,-1.64,,
Burundi,Africa,2009,55.92218,,8397668.0,880843.0,7608188.0,10.49,90.6,-1.27,,
Burundi,Africa,2010,56.52312,,8675602.0,932971.0,7833959.0,10.75,90.3,-1.63,,
Burundi,Africa,2011,57.12766,,8958406.0,987065.0,8056443.0,11.02,89.93,-1.81,,
Burundi,Africa,2012,57.73544,,9245988.0,1043294.0000000001,8276415.999999999,11.28,89.51,-1.7,,
Burundi,Africa,2013,58.34741,,9540291.0,1102259.0,8497927.0,11.55,89.07,-1.35,,
Burundi,Africa,2014,58.96254,,9844299.0,1164881.0,8726909.0,11.83,88.65,-0.78,,
Burundi,Africa,2015,59.58147,,10160030.0,1231911.0,8967359.0,12.13,88.26,-1.94,,
Burundi,Africa,2016,60.20415,,10487995.0,1303761.0,9220356.0,12.43,87.91,-1.97,65.40117,6859.0
Burundi,Africa,2017,60.83055,,10827019.0,1380418.0,9483827.0,12.75,87.59,-2.01,,
Cabo Verde,Africa,2000,78.77496,,428188.0,232485.0,202594.0,54.3,47.31,1.22,,
Cabo Verde,Africa,2001,78.95663,,435709.0,240898.0,202818.0,55.29,46.55,,,
Cabo Verde,Africa,2002,79.13641,,442951.0,249317.0,202789.0,56.29,45.78,0.73,,
Cabo Verde,Africa,2003,79.31384,,449930.0,257668.99999999997,202478.0,57.27,45.0,0.92,,
Cabo Verde,Africa,2004,79.82119,,456617.0,265850.0,201814.0,58.22,44.2,1.04,,
Cabo Verde,Africa,2005,80.33575,,463032.0,273774.0,200793.0,59.13,43.36,0.75,,
Cabo Verde,Africa,2006,80.85796,,469170.0,281404.0,199391.0,59.98,42.5,0.96,,
Cabo Verde,Africa,2007,81.38723,,475060.0,288767.0,197671.0,60.79,41.61,0.88,,
Cabo Verde,Africa,2008,81.92402,,480842.0,295987.0,195736.0,61.56,40.71,0.81,,
Cabo Verde,Africa,2009,82.46719,,486671.0,303228.0,193735.0,62.31,39.81,0.82,,
Cabo Verde,Africa,2010,83.01506,,492654.0,310577.0,191807.0,63.04,38.93,0.84,,
Cabo Verde,Africa,2011,83.51176,,498857.0,316637.0,191430.0,63.47,38.37,0.72,,
Cabo Verde,Africa,2012,84.01289,,505235.0,322888.0,191091.0,63.91,37.82,0.81,,
Cabo Verde,Africa,2013,84.51824,,511748.0,329313.0,190793.0,64.35,37.28,0.78,,
Cabo Verde,Africa,2014,85.02776,,518270.99999999994,335918.0,190519.0,64.82,36.76,0.35,,
Cabo Verde,Africa,2015,85.87881,,524743.0,342663.0,190250.0,65.3,36.26,0.87,,
Cabo Verde,Africa,2016,86.48798,,531146.0,349550.0,190010.0,65.81,35.77,0.89,4.13675,22.0
Cabo Verde,Africa,2017,87.08321,,537498.0,356580.0,189808.0,66.34,35.31,0.77,,
Cambodia,Western Pacific,2000,52.34763,16.87518,12155239.0,2258686.0,9893668.0,18.58,81.39,-0.78,,
Cambodia,Western Pacific,2001,53.86402,17.3384,12405408.0,2319592.0,10082881.0,18.7,81.28,,,
Cambodia,Western Pacific,2002,55.37462,17.80264,12637727.0,2377808.0,10256921.0,18.82,81.16,-0.73,,
Cambodia,Western Pacific,2003,56.88014,18.26786,12856163.0,2434015.0,10419109.0,18.93,81.04,-0.65,,
Cambodia,Western Pacific,2004,58.38566,18.73443,13066469.0,2489279.0,10574098.0,19.05,80.93,-0.41,,
Cambodia,Western Pacific,2005,59.89115,19.20236,13273354.0,2544414.0,10725787.0,19.17,80.81,-0.4,,
Cambodia,Western Pacific,2006,61.39634,19.6713,13477709.0,2599647.0,10874842.0,19.29,80.69,-0.35,,
Cambodia,Western Pacific,2007,62.90147,20.14162,13679962.0,2655040.0,11021653.0,19.41,80.57,-0.36,,
Cambodia,Western Pacific,2008,64.4164,20.62666,13883834.0,2716606.0,11163903.0,19.57,80.41,-0.3,,
Cambodia,Western Pacific,2009,65.98395,21.18638,14093604.0,2808171.0,11282037.0,19.93,80.05,-0.56,,
Cambodia,Western Pacific,2010,67.55123,21.75101,14312212.0,2903806.0,11404934.0,20.29,79.69,-0.5,,
Cambodia,Western Pacific,2011,69.11819,22.32062,14541423.0,3003941.0,11533945.0,20.66,79.32,-0.3,,
Cambodia,Western Pacific,2012,70.68475,22.89527,14780454.0,3108642.0,11668224.0,21.03,78.94,-0.1,,
Cambodia,Western Pacific,2013,72.2506,23.47464,15026332.0,3217184.0,11805508.0,21.41,78.57,-0.14,,
Cambodia,Western Pacific,2014,73.81615,24.05955,15274503.0,3328914.0,11941876.0,21.79,78.18,0.02,,
Cambodia,Western Pacific,2015,75.3811,24.6497,15521436.0,3443036.0,12074599.0,22.18,77.79,0.06,,
Cambodia,Western Pacific,2016,76.94537,25.24514,15766292.0,3559463.0,12202907.0,22.58,77.4,0.21,6.47033,1020.0
Cambodia,Western Pacific,2017,78.51066,25.84555,16009409.0,3678035.0,12327338.0,22.97,77.0,0.09,,
Cameroon,Africa,2000,59.17722,,15513945.0,6956118.0,8318116.0,44.84,53.62,-0.56,,
Cameroon,Africa,2001,59.35527,,15928910.0,7230841.0,8441086.0,45.39,52.99,,,
Cameroon,Africa,2002,59.5176,,16357602.0,7517761.0,8567125.0,45.96,52.37,-0.68,,
Cameroon,Africa,2003,59.6639,,16800865.0,7817348.0,8696474.0,46.53,51.76,-0.43,,
Cameroon,Africa,2004,59.79475,,17259322.0,8130181.0,8828900.0,47.11,51.15,-0.36,,
Cameroon,Africa,2005,59.90897,,17733410.0,8456175.0,8964620.0,47.68,50.55,-0.18,,
Cameroon,Africa,2006,60.00761,,18223674.0,8796320.0,9103242.0,48.27,49.95,-0.25,,
Cameroon,Africa,2007,60.09083,,18730282.0,9150924.0,9244465.0,48.86,49.36,-0.33,,
Cameroon,Africa,2008,60.15876,,19252666.0,9519622.0,9387386.0,49.45,48.76,-0.55,,
Cameroon,Africa,2009,60.21116,,19789919.0,9901705.0,9530836.0,50.03,48.16,-0.47,,
Cameroon,Africa,2010,60.2486,,20341241.0,10296608.0,9673887.0,50.62,47.56,-0.74,,
Cameroon,Africa,2011,60.27082,,20906388.0,10704283.0,9816164.0,51.2,46.95,-0.66,,
Cameroon,Africa,2012,60.27799,,21485265.0,11124880.0,9957503.0,51.78,46.35,-0.59,,
Cameroon,Africa,2013,60.26988,,22077294.0,11558235.0,10097480.0,52.35,45.74,-0.53,,
Cameroon,Africa,2014,60.24668,,22681852.0,12004187.0,10235717.0,52.92,45.13,-1.06,,
Cameroon,Africa,2015,60.20856,,23298368.0,12462615.0,10371907.0,53.49,44.52,-0.99,,
Cameroon,Africa,2016,60.15572,,23926551.0,12933405.0,10505784.0,54.05,43.91,-1.06,45.15287,10804.0
Cameroon,Africa,2017,60.38486,,24566073.0,13416537.0,10637190.0,54.61,43.3,-1.1,,
Canada,Americas,2000,99.11182,98.21185,30588383.0,24428073.0,6307700.0,79.86,20.62,1.17,,
Canada,Americas,2001,99.11573,98.21967,30880073.0,24760808.0,6263924.0,80.18,20.28,,,
Canada,Americas,2002,99.11665,98.22151,31178263.0,25021734.0,6299155.0,80.25,20.2,1.22,,
Canada,Americas,2003,99.11758,98.22337,31488048.0,25291658.0,6336148.0,80.32,20.12,1.05,,
Canada,Americas,2004,99.11849,98.22521,31815494.0,25573785.0,6375632.0,80.38,20.04,0.88,,
Canada,Americas,2005,99.14313,98.27436,32164309.0,25869853.0,6418127.0,80.43,19.95,0.83,,
Canada,Americas,2006,99.16786,98.32373,32536987.0,26185971.0,6459512.0,80.48,19.85,1.04,,
Canada,Americas,2007,99.1935,98.37495,32930794.0,26546749.0,6473183.0,80.61,19.66,1.01,,
Canada,Americas,2008,99.21899,98.42589,33337638.0,26916746.0,6487802.0,80.74,19.46,1.04,,
Canada,Americas,2009,99.24432,98.47654,33746093.0,27288079.0,6501752.0,80.86,19.27,1.13,,
Canada,Americas,2010,99.2695,98.52692,34147564.0,27655231.0,6513437.0,80.99,19.07,0.94,,
Canada,Americas,2011,99.29436,98.57668,34539159.0,28009384.0,6529238.0,81.09,18.9,1.08,,
Canada,Americas,2012,99.31808,98.62414,34922030.0,28317316.0,6583389.0,81.09,18.85,1.11,,
Canada,Americas,2013,99.34177,98.67155,35296528.0,28619561.0,6635934.0,81.08,18.8,1.06,,
Canada,Americas,2014,99.36541,98.71889,35664337.0,28917578.0,6687150.0,81.08,18.75,1.18,,
Canada,Americas,2015,99.38903,98.76622,36026676.0,29212401.0,6737308.0,81.09,18.7,1.27,,
Canada,Americas,2016,99.41262,98.8135,36382944.0,29503542.0,6786280.0,81.09,18.65,1.26,0.36794,134.0
Canada,Americas,2017,99.43624,98.86086,36732095.0,29793946.0,6830253.0,81.11,18.59,1.1,,
Central African Republic,Africa,2000,58.26147,,3640427.0,1413327.0,2341659.0,38.82,64.32,-1.12,,
Central African Republic,Africa,2001,57.25076,,3722018.0,1445520.0,2386683.0,38.84,64.12,,,
Central African Republic,Africa,2002,56.23397,,3802128.0,1477162.0,2430450.0,38.85,63.92,-1.73,,
Central African Republic,Africa,2003,55.21073,,3881181.0,1508417.0,2473248.0,38.86,63.72,-1.54,,
Central African Republic,Africa,2004,54.18106,,3959875.0,1539542.0,2515494.0,38.88,63.52,-1.42,,
Central African Republic,Africa,2005,53.1523,,4038382.0,1571461.0,2556449.0,38.91,63.3,-1.43,,
Central African Republic,Africa,2006,52.12411,,4118069.0000000005,1604798.0,2596960.0,38.97,63.06,-1.85,,
Central African Republic,Africa,2007,51.09652,,4198010.0,1639301.0,2636499.0,39.05,62.8,-1.85,,
Central African Republic,Africa,2008,50.06883,,4273366.0,1673231.0,2672155.0,39.15,62.53,-1.84,,
Central African Republic,Africa,2009,49.04075,,4337625.0,1704182.0,2700048.0,39.29,62.25,-1.91,,
Central African Republic,Africa,2010,48.01232,,4386768.0,1730652.0,2717873.0,39.45,61.96,-2.02,,
Central African Republic,Africa,2011,46.98291,,4418637.0,1751753.0,2724400.0,39.64,61.66,-1.79,,
Central African Republic,Africa,2012,45.95258,,4436416.0,1768692.0,2721724.0,39.87,61.35,-1.85,,
Central African Republic,Africa,2013,46.0378,,4447944.0,1784688.0,2714965.0,40.12,61.04,-2.15,,
Central African Republic,Africa,2014,46.12954,,4464175.0,1804315.0,2711077.0,40.42,60.73,-2.7,,
Central African Republic,Africa,2015,46.22808,,4493170.0,1831054.0,2715046.0,40.75,60.43,-1.9,,
Central African Republic,Africa,2016,46.33376,,4537686.0,1866228.0,2728393.0,41.13,60.13,-1.79,82.11312,3726.0
Central African Republic,Africa,2017,,,4596023.0,1909283.0,2749797.0,41.54,59.83,-2.01,,
Chad,Africa,2000,41.41298,,8355654.0,1805052.0,6537507.0,21.6,78.24,-1.14,,
Chad,Africa,2001,41.2723,,8678051.0,1877232.0,6785780.0,21.63,78.19,,,
Chad,Africa,2002,41.12691,,9019233.0,1953584.0,7048105.0,21.66,78.15,-1.56,,
Chad,Africa,2003,40.97767,,9373916.0,2032953.0,7320248.0,21.69,78.09,-1.37,,
Chad,Africa,2004,40.82414,,9734767.0,2113721.0,7596322.0,21.71,78.03,-1.54,,
Chad,Africa,2005,40.66631,,10096633.0,2194746.0,7872263.0,21.74,77.97,-1.44,,
Chad,Africa,2006,40.50416,,10457124.0,2275496.0,8146101.0,21.76,77.9,-1.83,,
Chad,Africa,2007,40.33812,,10818024.0,2356380.0,8419328.0,21.78,77.83,-1.87,,
Chad,Africa,2008,40.16732,,11183588.0,2438393.0,8695468.0,21.8,77.75,-1.97,,
Chad,Africa,2009,39.99219,,11560147.0,2523000.0,8979786.0,21.82,77.68,-1.73,,
Chad,Africa,2010,39.82036,,11952136.0,2613400.0,9273802.0,21.87,77.59,-1.52,,
Chad,Africa,2011,39.65167,,12360990.0,2710171.0,9578480.0,21.93,77.49,-1.32,,
Chad,Africa,2012,39.48639,,12784750.0,2813137.0,9891998.0,22.0,77.37,-1.04,,
Chad,Africa,2013,39.32389,,13220433.0,2921903.0,10211686.0,22.1,77.24,-1.09,,
Chad,Africa,2014,39.16402,,13663566.0,3035742.0,10533696.0,22.22,77.09,-1.57,,
Chad,Africa,2015,39.00699,,14110975.0,3154216.0,10855197.0,22.35,76.93,-0.97,,
Chad,Africa,2016,38.85259,,14561660.0,3277402.0,11175141.0,22.51,76.74,-1.3,101.04312,14714.0
Chad,Africa,2017,38.7006,,15016753.0,3405873.0,11494121.0,22.68,76.54,-1.29,,
Chile,Americas,2000,95.68061,91.96177,15342353.0,13137147.0,2125607.0,85.63,13.85,0.49,,
Chile,Americas,2001,96.01058,92.49178,15516113.0,13338710.0,2106259.0,85.97,13.57,,,
Chile,Americas,2002,96.32163,92.99738,15684409.0,13531017.0,2092618.0,86.27,13.34,1.09,,
Chile,Americas,2003,96.58852,93.4314,15849652.0,13692735.0,2106807.0,86.39,13.29,0.76,,
Chile,Americas,2004,96.85381,93.86896,16014971.0,13853190.0,2120588.0,86.5,13.24,0.69,,
Chile,Americas,2005,97.11694,94.30896,16182721.0,14012965.0,2134099.0,86.59,13.19,0.84,,
Chile,Americas,2006,97.37846,94.75235,16354504.0,14172436.0,2147356.0,86.66,13.13,0.61,,
Chile,Americas,2007,97.63802,95.19843,16530195.0,14331350.0,2160337.0,86.7,13.07,0.41,,
Chile,Americas,2008,97.89596,95.6477,16708258.000000002,14489014.0,2172928.0,86.72,13.01,0.43,,
Chile,Americas,2009,98.15199,96.09956,16886186.0,14644416.0,2185026.0,86.72,12.94,0.6,,
Chile,Americas,2010,98.40616,96.55402,17062536.0,14796864.0,2196490.0,86.72,12.87,0.68,,
Chile,Americas,2011,98.65868,97.01143,17233576.0,14946058.0,2207299.0,86.73,12.81,0.45,,
Chile,Americas,2012,98.90936,97.47133,17400347.0,15092261.0,2217485.0,86.74,12.74,0.33,,
Chile,Americas,2013,99.1583,97.93385,17571507.0,15235827.0,2227155.0,86.71,12.67,0.36,,
Chile,Americas,2014,99.40007,98.31007,17758959.0,15377430.0,2236368.0,86.59,12.59,0.45,,
Chile,Americas,2015,99.60089,98.4758,17969353.0,15517478.0,2245203.0,86.36,12.49,0.43,,
Chile,Americas,2016,99.62218,98.46397,18209068.0,15657149.0,2252605.0,85.99,12.37,0.41,0.20277,37.0
Chile,Americas,2017,99.83279,98.63917,18470439.0,15796168.0,2258558.0,85.52,12.23,0.42,,
China,Western Pacific,2000,80.39258,,1319551401.0,482727522.0,829403316.0,36.58,62.85,,,
China,Western Pacific,2001,80.73117,,1328341175.0,501452843.0,818630475.0,37.75,61.63,,,
China,Western Pacific,2002,81.70317,,1336765152.0,521893970.0,806104331.0,39.04,60.3,,,
China,Western Pacific,2003,82.65153,,1344908155.0,542756370.0,793136597.0,40.36,58.97,,,
China,Western Pacific,2004,83.57525,,1352871028.0,564037221.0,779706681.0,41.69,57.63,,,
China,Western Pacific,2005,84.47221,,1360734525.0,585633612.0,765903084.0,43.04,56.29,,,
China,Western Pacific,2006,85.33264,,1368528374.0,606988730.0,752299538.0,44.35,54.97,,,
China,Western Pacific,2007,86.16128,,1376265629.0,628350588.0,738685151.0,45.66,53.67,,,
China,Western Pacific,2008,86.9636,,1383985631.0,650038030.0,724760394.0,46.97,52.37,,,
China,Western Pacific,2009,87.73784,,1391725007.0,671961097.0,710632634.0,48.28,51.06,,,
China,Western Pacific,2010,88.48477,,1399502716.0,694170135.0,696249563.0,49.6,49.75,,,
China,Western Pacific,2011,89.19269,,1407323826.0,715762326.0,682518202.0,50.86,48.5,,,
China,Western Pacific,2012,89.8685,,1415164184.0,737124022.0,669007424.0,52.09,47.27,,,
China,Western Pacific,2013,90.51711,,1422971062.0,758533671.0,655323811.0,53.31,46.05,,,
China,Western Pacific,2014,91.13934,,1430670819.0,779954516.0,641352868.0,54.52,44.83,,,
China,Western Pacific,2015,91.73492,,1438193428.0,801263909.0,627097042.0,55.71,43.6,,,
China,Western Pacific,2016,92.30405,,1445523929.0,822422660.0,612549421.0,56.89,42.38,,0.57632,8331.0
China,Western Pacific,2017,92.84614,,1452625244.0,843314783.0,597816520.0,58.05,41.15,,,
Colombia,Americas,2000,90.93352,68.26307,39629968.0,29881676.0,10522282.0,75.4,26.55,-1.6,,
Colombia,Americas,2001,91.36841,68.64867,40255967.0,30487256.0,10501653.0,75.73,26.09,,,
Colombia,Americas,2002,91.79565,69.02969,40875360.0,31095113.0,10477378.0,76.07,25.63,-1.95,,
Colombia,Americas,2003,92.21532,69.40617,41483869.0,31702982.0,10449169.0,76.42,25.19,-2.37,,
Colombia,Americas,2004,92.6273,69.77769,42075955.0,32308146.0,10416017.0,76.79,24.76,-2.27,,
Colombia,Americas,2005,93.03168,70.14428,42647723.0,32907506.999999996,10378127.0,77.16,24.33,-2.06,,
Colombia,Americas,2006,93.4286,70.506,43200897.0,33500567.000000004,10335155.0,77.55,23.92,-1.9,,
Colombia,Americas,2007,93.81797,70.78502,43737516.0,34086957.0,10287615.0,77.94,23.52,-1.8,,
Colombia,Americas,2008,94.20013,71.05829,44254975.0,34665950.0,10235594.0,78.33,23.13,-1.85,,
Colombia,Americas,2009,94.57518,71.32587,44750054.0,35236954.0,10179227.0,78.74,22.75,-1.83,,
Colombia,Americas,2010,94.94308,71.58739,45222700.0,35799432.0,10118665.0,79.16,22.38,-1.54,,
Colombia,Americas,2011,95.30396,71.8429,45662748.0,36352643.0,10054003.0,79.61,22.02,-1.28,,
Colombia,Americas,2012,95.65812,72.09293,46075718.0,36896070.0,9985405.0,80.08,21.67,-1.4,,
Colombia,Americas,2013,96.00555,72.3371,46495493.0,37429791.0,9913190.0,80.5,21.32,-1.29,,
Colombia,Americas,2014,96.34635,72.57549,46967696.0,37954174.0,9837737.0,80.81,20.95,-1.11,,
Colombia,Americas,2015,96.68085,72.80859,47520667.0,38469351.0,9759346.0,80.95,20.54,-1.07,,
Colombia,Americas,2016,96.96181,72.99789,48175052.0,38975181.0,9678238.0,80.9,20.09,-0.88,0.7531,363.0
Colombia,Americas,2017,97.30011,73.23343,48909839.0,39471097.0,9594518.0,80.7,19.62,-0.77,,
Comoros,Africa,2000,90.94792,,542357.0,152293.0,390064.0,28.08,71.92,0.02,,
Comoros,Africa,2001,90.84136,,555888.0,155847.0,400041.0,28.04,71.96,,,
Comoros,Africa,2002,90.00564,,569479.0,159406.0,410073.0,27.99,72.01,0.4,,
Comoros,Africa,2003,89.1716,,583211.0,162993.0,420218.0,27.95,72.05,-0.67,,
Comoros,Africa,2004,88.33926,,597228.0,166647.0,430581.0,27.9,72.1,-0.16,,
Comoros,Africa,2005,87.50908,,611627.0,170493.0,441134.0,27.88,72.12,-0.44,,
Comoros,Africa,2006,86.68151,,626425.0,174541.0,451884.0,27.86,72.14,-0.36,,
Comoros,Africa,2007,85.85699,,641620.0,178798.0,462822.0,27.87,72.13,-1.09,,
Comoros,Africa,2008,85.03592,,657229.0,183275.0,473954.0,27.89,72.11,-1.11,,
Comoros,Africa,2009,84.21875,,673252.0,187982.0,485270.0,27.92,72.08,-0.77,,
Comoros,Africa,2010,83.40598,,689692.0,192925.0,496767.0,27.97,72.03,-0.56,,
Comoros,Africa,2011,82.59788,,706569.0,198121.0,508448.0,28.04,71.96,-0.55,,
Comoros,Africa,2012,81.79491,,723871.0,203575.0,520293.0,28.12,71.88,-0.45,,
Comoros,Africa,2013,80.99757,,741505.0,209271.0,532229.0,28.22,71.78,-0.26,,
Comoros,Africa,2014,80.20603,,759390.0,215196.0,544189.0,28.34,71.66,-0.19,,
Comoros,Africa,2015,80.132,,777424.0,221334.0,556090.0,28.47,71.53,-0.23,,
Comoros,Africa,2016,80.14886,,795592.0,227690.0,567911.0,28.62,71.38,0.04,50.73689,404.0
Comoros,Africa,2017,80.16752,,813892.0,234273.0,579639.0,28.78,71.22,0.04,,
Congo,Africa,2000,57.15587,27.42229,3127411.0,1893340.0,1332387.0,60.54,42.6,-0.92,,
Congo,Africa,2001,57.46333,27.58308,3217933.0,1961513.0,1354293.0,60.96,42.09,,,
Congo,Africa,2002,57.95336,27.78181,3310387.0,2031256.0,1375924.0,61.36,41.56,-1.58,,
Congo,Africa,2003,58.44133,27.98041,3406922.0,2104163.0,1398356.0,61.76,41.04,-1.17,,
Congo,Africa,2004,59.50973,29.5764,3510468.0,2182494.0,1422945.0,62.17,40.53,-1.19,,
Congo,Africa,2005,60.57694,31.19525,3622775.0,2267680.0,1450563.0,62.6,40.04,-1.17,,
Congo,Africa,2006,61.64257,32.83666,3745141.0,2360797.0,1481568.0,63.04,39.56,-0.92,,
Congo,Africa,2007,62.70681,34.50071,3876119.0,2461001.0,1515245.0,63.49,39.09,-0.77,,
Congo,Africa,2008,63.77039,36.18792,4011486.0,2565811.0,1549624.0,63.96,38.63,-0.72,,
Congo,Africa,2009,64.83276,37.89809,4145390.9999999995,2671341.0,1582371.0,64.44,38.17,-0.25,,
Congo,Africa,2010,65.89391,39.63144,4273731.0,2774827.0,1611866.0,64.93,37.72,-0.32,,
Congo,Africa,2011,66.95218,41.3869,4394844.0,2875145.0,1637585.0,65.42,37.26,-0.35,,
Congo,Africa,2012,68.00757,42.42858,4510199.0,2973180.0,1660183.0,65.92,36.81,-0.49,,
Congo,Africa,2013,69.05954,43.01324,4622762.0,3070663.0,1680730.0,66.42,36.36,-0.48,,
Congo,Africa,2014,70.10705,43.59852,4736976.0,3170336.0,1700765.0,66.93,35.9,-0.36,,
Congo,Africa,2015,71.14958,44.18409,4856095.0,3274286.0,1721362.0,67.43,35.45,-0.53,,
Congo,Africa,2016,72.18665,44.76963,4980996.0,3383087.0,1742734.0,67.92,34.99,-0.52,38.70865,1928.0
Congo,Africa,2017,73.21776,45.35481,5110695.0,3496228.0,1764522.0,68.41,34.53,-0.53,,
Cook Islands,Western Pacific,2000,99.897,,17930.0,11814.0,6308.0,65.89,35.18,,,
Cook Islands,Western Pacific,2001,99.89565,,18025.0,12258.0,6064.0,68.01,33.64,,,
Cook Islands,Western Pacific,2002,99.89432,,18278.0,12750.0,5952.0,69.76,32.56,,,
Cook Islands,Western Pacific,2003,99.89298,,18608.0,13239.0,5909.0,71.15,31.76,,,
Cook Islands,Western Pacific,2004,99.89164,,18904.0,13684.0,5838.0,72.39,30.88,,,
Cook Islands,Western Pacific,2005,99.8903,,19074.0,13999.0,5711.0,73.39,29.94,,,
Cook Islands,Western Pacific,2006,99.88897,,19092.0,14170.0,5526.0,74.22,28.94,,,
Cook Islands,Western Pacific,2007,99.88763,,19001.0,14140.0,5371.0,74.42,28.27,,,
Cook Islands,Western Pacific,2008,99.88629,,18818.0,13974.0,5238.0,74.26,27.84,,,
Cook Islands,Western Pacific,2009,99.88495,,18602.0,13773.0,5095.0,74.04,27.39,1.14,,
Cook Islands,Western Pacific,2010,99.88361,,18391.0,13585.0,4960.0,73.87,26.97,1.32,,
Cook Islands,Western Pacific,2011,99.88228,,18195.0,13421.0,4836.0,73.76,26.58,,,
Cook Islands,Western Pacific,2012,99.88094,,18011.0,13272.0,4724.0,73.69,26.23,,,
Cook Islands,Western Pacific,2013,99.8796,,17833.0,13142.0,4625.0,73.69,25.94,,,
Cook Islands,Western Pacific,2014,99.8796,,17691.0,13048.0,4540.0,73.76,25.66,,,
Cook Islands,Western Pacific,2015,99.8796,,17586.0,12983.0,4466.0,73.83,25.4,,,
Cook Islands,Western Pacific,2016,99.8796,,17524.0,12968.0,4411.0,74.0,25.17,,,
Cook Islands,Western Pacific,2017,99.8796,,17507.0,13006.0,4374.0,74.29,24.98,,,
Costa Rica,Americas,2000,94.10867,86.7074,3962372.0,2318040.0,1607403.0,58.5,40.57,0.87,,
Costa Rica,Americas,2001,94.61195,87.29669,4034074.0,2414449.0,1582349.0,59.85,39.22,,,
Costa Rica,Americas,2002,95.09359,87.86605,4100925.0,2509170.0,1554034.0,61.19,37.89,1.07,,
Costa Rica,Americas,2003,95.55385,88.41556,4164053.0,2602647.0,1523324.0,62.5,36.58,0.6,,
Costa Rica,Americas,2004,95.99281,88.94492,4225155.0,2695954.0,1491084.0,63.81,35.29,0.63,,
Costa Rica,Americas,2005,96.41047,89.45356,4285502.0,2789638.0,1458203.0,65.09,34.03,0.71,,
Costa Rica,Americas,2006,96.80759,89.94246,4345412.0,2884089.0,1424705.0,66.37,32.79,0.74,,
Costa Rica,Americas,2007,97.18443,90.41149,4404628.0,2978843.0,1390626.0,67.63,31.57,0.58,,
Costa Rica,Americas,2008,97.54159,90.86127,4463125.0,3073616.0,1355892.0,68.87,30.38,0.36,,
Costa Rica,Americas,2009,97.87914,91.2909,4520740.0,3167613.0,1320650.0,70.07,29.21,0.59,,
Costa Rica,Americas,2010,98.19809,91.70208,4577378.0,3260590.0,1284690.0,71.23,28.07,0.69,,
Costa Rica,Americas,2011,98.49878,92.0945,4633086.0,3352266.0,1248208.0,72.35,26.94,0.51,,
Costa Rica,Americas,2012,98.78107,92.46507,4688000.0,3441560.0,1212562.0,73.41,25.87,0.64,,
Costa Rica,Americas,2013,99.04613,92.8148,4742107.0,3528389.0,1178012.0,74.41,24.84,0.68,,
Costa Rica,Americas,2014,99.2952,93.14482,4795396.0,3612971.0,1144604.0,75.34,23.87,0.58,,
Costa Rica,Americas,2015,99.52898,93.45603,4847804.0,3695430.0,1112422.0,76.23,22.95,0.68,,
Costa Rica,Americas,2016,99.69976,93.7039,4899345.0,3775780.0,1081494.0,77.07,22.07,0.66,0.86387,42.0
Costa Rica,Americas,2017,99.70152,93.8028,4949954.0,3853956.0,1051813.0,77.86,21.25,0.61,,
Croatia,Europe,2000,98.43725,88.89323,4428075.0,2365833.0,2062239.0,53.43,46.57,0.28,,
Croatia,Europe,2001,98.44444,88.92982,4408075.0,2364583.0,2043497.0,53.64,46.36,,,
Croatia,Europe,2002,98.55528,89.5733,4395799.0,2365411.0,2030408.0,53.81,46.19,0.63,,
Croatia,Europe,2003,98.66539,90.21497,4388895.0,2369102.0,2019844.0,53.98,46.02,0.56,,
Croatia,Europe,2004,98.75365,90.83407,4383882.0,2373777.0,2010143.0,54.15,45.85,0.69,,
Croatia,Europe,2005,98.84101,91.45103,4378058.0,2377955.0,2000102.0,54.32,45.68,0.43,,
Croatia,Europe,2006,98.92747,92.0658,4370777.0,2381305.0,1989394.0,54.48,45.52,0.56,,
Croatia,Europe,2007,99.01305,92.67835,4362426.0,2384038.0,1978228.0,54.65,45.35,0.6,,
Croatia,Europe,2008,99.09772,93.28867,4352636.0,2385979.0,1966449.0,54.82,45.18,0.57,,
Croatia,Europe,2009,99.1815,93.03062,4341264.0,2387033.0,1954051.0,54.98,45.01,0.61,,
Croatia,Europe,2010,99.26438,92.61692,4328165.0,2387179.0,1940974.0,55.15,44.85,0.61,,
Croatia,Europe,2011,99.34636,92.20157,4313099.0,2386252.0,1927119.0,55.33,44.68,0.62,,
Croatia,Europe,2012,99.42753,91.78465,4295878.0,2384842.0,1911684.0,55.51,44.5,0.61,,
Croatia,Europe,2013,99.50776,91.36607,4276598.0,2383009.0,1894797.0,55.72,44.31,0.64,,
Croatia,Europe,2014,99.58691,90.94571,4255512.0,2380921.0,1876612.0,55.95,44.1,0.62,,
Croatia,Europe,2015,99.58684,90.45261,4232874.0,2378726.0,1857290.0,56.2,43.88,0.59,,
Croatia,Europe,2016,99.58675,89.95949,4208602.0,2376407.0,1836858.0,56.47,43.65,0.66,0.11204,5.0
Croatia,Europe,2017,99.58667,89.95941,4182857.0,2373980.0,1815373.0,56.75,43.4,0.69,,
Cuba,Americas,2000,92.99272,,11126430.0,8399081.0,2751655.0,75.49,24.73,0.25,,
Cuba,Americas,2001,93.16483,,11164667.0,8451954.0,2734588.0,75.7,24.49,,,
Cuba,Americas,2002,93.33368,,11199651.0,8501565.0,2716433.0,75.91,24.25,0.26,,
Cuba,Americas,2003,93.48936,,11229183.0,8540129.0,2704756.0,76.05,24.09,0.32,,
Cuba,Americas,2004,93.63318,,11250365.0,8567446.0,2699495.0,76.15,23.99,0.36,,
Cuba,Americas,2005,93.78159,,11261582.0,8591135.0,2693118.0,76.29,23.91,0.42,,
Cuba,Americas,2006,93.92888,,11261248.0,8610779.0,2685454.0,76.46,23.85,0.47,,
Cuba,Americas,2007,94.07504,,11251122.0,8626962.0,2676725.0,76.68,23.79,0.45,,
Cuba,Americas,2008,94.22006,,11236971.0,8642085.0,2667669.0,76.91,23.74,0.52,,
Cuba,Americas,2009,94.36385,,11226709.0,8659290.0,2659312.0,77.13,23.69,0.36,,
Cuba,Americas,2010,94.5065,,11225832.0,8680787.0,2652264.0,77.33,23.63,0.35,,
Cuba,Americas,2011,94.64803,,11236671.0,8707766.0,2646885.0,77.49,23.56,0.28,,
Cuba,Americas,2012,94.78844,,11257104.0,8739297.0,2642849.0,77.63,23.48,0.31,,
Cuba,Americas,2013,94.92381,,11282723.0,8767635.0,2644532.0,77.71,23.44,0.37,,
Cuba,Americas,2014,95.05771,,11306904.0,8792766.0,2647001.0,77.76,23.41,0.54,,
Cuba,Americas,2015,95.19134,,11324781.0,8813348.0,2648084.0,77.82,23.38,0.64,,
Cuba,Americas,2016,95.32452,,11335104.0,8828473.0,2647509.0,77.89,23.36,0.69,1.02635,116.0
Cuba,Americas,2017,95.32758,,11339254.0,8840528.0,2644108.0,77.96,23.32,0.65,,
Cyprus,Europe,2000,99.98502,95.37882,943290.0,647550.0,295736.0,68.65,31.35,0.52,,
Cyprus,Europe,2001,99.98508,95.37888,960276.0,660381.0,299901.0,68.77,31.23,,,
Cyprus,Europe,2002,99.98505,95.37884,976964.0,671119.0,305847.0,68.69,31.31,0.19,,
Cyprus,Europe,2003,99.96111,95.35601,993563.0,681112.0,312451.0,68.55,31.45,0.53,,
Cyprus,Europe,2004,99.93728,95.81745,1010408.0,691224.0,319186.0,68.41,31.59,0.38,,
Cyprus,Europe,2005,99.9101,96.27544,1027662.0,701562.0,326096.0,68.27,31.73,0.52,,
Cyprus,Europe,2006,99.88023,96.73055,1045507.0000000001,712256.0,333253.0,68.13,31.87,0.54,,
Cyprus,Europe,2007,99.85039,97.18542,1063713.0,723135.0,340577.0,67.98,32.02,0.54,,
Cyprus,Europe,2008,99.82059,97.64004,1081563.0,733717.0,347846.0,67.84,32.16,0.64,,
Cyprus,Europe,2009,99.79086,98.09441,1098083.0,743343.0,354733.0,67.69,32.3,0.39,,
Cyprus,Europe,2010,99.76115,98.54854,1112612.0,751576.0,361031.0,67.55,32.45,0.45,,
Cyprus,Europe,2011,99.73149,99.00242,1124833.0,758211.0,366624.0,67.41,32.59,0.61,,
Cyprus,Europe,2012,99.70188,99.45607,1135046.0,763460.0,371602.0,67.26,32.74,0.64,,
Cyprus,Europe,2013,99.67228,99.67228,1143866.0,767973.0,375923.0,67.14,32.86,0.56,,
Cyprus,Europe,2014,99.64268,99.64268,1152285.0,772409.0,379900.0,67.03,32.97,0.55,,
Cyprus,Europe,2015,99.61307,99.61307,1160985.0,777234.0,383751.0,66.95,33.05,0.55,,
Cyprus,Europe,2016,99.6132,99.6132,1170187.0,782589.0,387536.0,66.88,33.12,0.6,0.27908,3.0
Cyprus,Europe,2017,99.61329,99.61329,1179678.0,788359.0,391192.0,66.83,33.16,0.54,,
Czechia,Europe,2000,99.80612,96.32186,10289373.0,7613078.0,2676516.0,73.99,26.01,0.33,,
Czechia,Europe,2001,99.80582,96.31792,10271008.0,7588083.0,2683121.0,73.88,26.12,,,
Czechia,Europe,2002,99.81139,96.43583,10252261.0,7567176.0,2685263.0,73.81,26.19,1.05,,
Czechia,Europe,2003,99.81698,96.55407,10239136.0,7550415.0,2688862.0,73.74,26.26,0.89,,
Czechia,Europe,2004,99.82258,96.67268,10239439.0,7543538.0,2695998.0,73.67,26.33,0.65,,
Czechia,Europe,2005,99.8282,96.79166,10258167.0,7550197.0,2707979.0,73.6,26.4,0.94,,
Czechia,Europe,2006,99.83384,96.91102,10298614.0,7572597.0,2725691.0,73.53,26.47,1.05,,
Czechia,Europe,2007,99.8395,97.03072,10357538.0,7608290.0,2748296.0,73.46,26.53,1.02,,
Czechia,Europe,2008,99.84518,97.15083,10425266.0,7650419.0,2773375.0,73.38,26.6,1.05,,
Czechia,Europe,2009,99.85088,97.27128,10488155.0,7689415.0,2797430.0,73.32,26.67,0.91,,
Czechia,Europe,2010,99.8566,97.39213,10536518.0,7718331.0,2817955.0,73.25,26.74,0.99,,
Czechia,Europe,2011,99.86234,97.51334,10566517.0,7734715.0,2834000.0,73.2,26.82,1.11,,
Czechia,Europe,2012,99.86819,97.63558,10581293.0,7749174.0,2837581.0,73.23,26.82,1.05,,
Czechia,Europe,2013,99.87411,97.75822,10586533.0,7764731.0,2829750.0,73.35,26.73,1.08,,
Czechia,Europe,2014,99.88001,97.88045,10591108.0,7777593.0,2820933.0,73.44,26.63,0.99,,
Czechia,Europe,2015,99.8801,97.88072,10601397.0,7791316.0,2812446.0,73.49,26.53,0.98,,
Czechia,Europe,2016,99.88017,97.881,10618857.0,7806474.0,2804473.0,73.52,26.41,0.98,0.17881,19.0
Czechia,Europe,2017,99.88026,97.88131,10641034.0,7823027.0,2795276.0,73.52,26.27,1.0,,
Côte d'Ivoire,Africa,2000,70.76078,33.73684,16454668.000000002,7201037.0,9485524.0,43.76,57.65,-1.24,,
Côte d'Ivoire,Africa,2001,70.90609,33.91608,16853026.0,7424116.0,9616036.0,44.05,57.06,,,
Côte d'Ivoire,Africa,2002,71.04907,34.09397,17231539.0,7638400.0,9728117.0,44.33,56.46,-1.92,,
Côte d'Ivoire,Africa,2003,71.18935,34.27009,17599610.0,7849538.0,9829817.0,44.6,55.85,-1.8,,
Côte d'Ivoire,Africa,2004,71.32729,34.44487,17970494.0,8066009.0,9931729.0,44.88,55.27,-2.12,,
Côte d'Ivoire,Africa,2005,71.46185,34.61707,18354514.0,8294189.0,10042114.0,45.19,54.71,-2.26,,
Côte d'Ivoire,Africa,2006,71.59372,34.7875,18754916.0,8536640.0,10162795.0,45.52,54.19,-1.87,,
Côte d'Ivoire,Africa,2007,71.7229,34.95617,19171237.0,8793013.0,10292928.0,45.87,53.69,-1.84,,
Côte d'Ivoire,Africa,2008,71.84938,35.12308,19605569.0,9064718.0,10433268.0,46.24,53.22,-1.81,,
Côte d'Ivoire,Africa,2009,71.97251,35.28743,20059147.0,9352105.0,10584261.0,46.62,52.77,-1.32,,
Côte d'Ivoire,Africa,2010,72.09296,35.45002,20532950.0,9655958.0,10745373.0,47.03,52.33,-1.58,,
Côte d'Ivoire,Africa,2011,72.21072,35.61084,21028655.0,9977653.0,10917658.0,47.45,51.92,-1.41,,
Côte d'Ivoire,Africa,2012,72.32546,35.76951,21547188.0,10317816.0,11100787.0,47.88,51.52,-1.26,,
Côte d'Ivoire,Africa,2013,72.4372,35.92604,22087504.0,10674058.0,11292254.0,48.33,51.13,-1.05,,
Côte d'Ivoire,Africa,2014,72.54596,36.08042,22647684.0,11043578.0,11487772.0,48.76,50.72,-1.04,,
Côte d'Ivoire,Africa,2015,72.65446,36.23608,23226143.0,11425679.0,11682793.0,49.19,50.3,-0.83,,
Côte d'Ivoire,Africa,2016,72.76205,36.39219,23822714.0,11819749.0,11876170.0,49.62,49.85,-0.91,47.15776,11234.0
Côte d'Ivoire,Africa,2017,72.86895,36.5491,24437470.0,12226563.0,12068187.0,50.03,49.38,-1.09,,
Democratic People's Republic of Korea,South-East Asia,2000,99.30294,68.99947,22929075.0,13622723.0,9306352.0,59.41,40.59,-0.01,,
Democratic People's Republic of Korea,South-East Asia,2001,99.30254,69.01835,23132980.0,13761343.0,9370467.0,59.49,40.51,,,
Democratic People's Republic of Korea,South-East Asia,2002,99.30215,69.03723,23339453.0,13901568.0,9435113.0,59.56,40.43,0.18,,
Democratic People's Republic of Korea,South-East Asia,2003,99.30176,69.05587,23542426.0,14040306.0,9498234.0,59.64,40.35,0.22,,
Democratic People's Republic of Korea,South-East Asia,2004,99.2395,69.03632,23732731.0,14172865.0,9556633.0,59.72,40.27,0.22,,
Democratic People's Republic of Korea,South-East Asia,2005,98.86547,68.82841,23904167.0,14295919.0,9608248.0,59.81,40.19,0.02,,
Democratic People's Republic of Korea,South-East Asia,2006,98.49234,68.62117,24054864.0,14408638.0,9652459.0,59.9,40.13,-0.03,,
Democratic People's Republic of Korea,South-East Asia,2007,98.1201,68.41413,24188331.0,14512753.0,9690536.0,60.0,40.06,0.54,,
Democratic People's Republic of Korea,South-East Asia,2008,97.74876,68.20753,24310142.0,14610900.0,9724246.0,60.1,40.0,0.52,,
Democratic People's Republic of Korea,South-East Asia,2009,97.38017,68.02087,24428341.0,14725631.0,9737390.0,60.28,39.86,-0.03,,
Democratic People's Republic of Korea,South-East Asia,2010,97.01418,67.842,24548836.0,14847551.0,9744048.0,60.48,39.69,-0.3,,
Democratic People's Republic of Korea,South-East Asia,2011,96.65021,67.66362,24673395.0,14971151.0,9751147.0,60.68,39.52,-0.25,,
Democratic People's Republic of Korea,South-East Asia,2012,96.28833,67.48652,24800645.0,15095843.0,9758191.0,60.87,39.35,-0.01,,
Democratic People's Republic of Korea,South-East Asia,2013,95.92847,67.31016,24929497.0,15220940.0,9765036.0,61.06,39.17,-0.44,,
Democratic People's Republic of Korea,South-East Asia,2014,95.57068,67.1348,25057790.0,15345549.0,9770814.0,61.24,38.99,-1.13,,
Democratic People's Republic of Korea,South-East Asia,2015,95.21488,66.96019,25183833.0,15468816.0,9775101.0,61.42,38.81,-1.15,,
Democratic People's Republic of Korea,South-East Asia,2016,94.8621,66.79067,25307665.0,15594374.0,9774246.0,61.62,38.62,-0.68,1.35658,343.0
Democratic People's Republic of Korea,South-East Asia,2017,94.51245,66.62582,25429825.0,15722409.0,9768556.0,61.83,38.41,-0.5,,
Democratic Republic of the Congo,Africa,2000,33.91777,,47105826.0,16534234.0,30542153.0,35.1,64.84,-2.48,,
Democratic Republic of the Congo,Africa,2001,34.46634,,48428545.0,17222057.0,31172281.0,35.56,64.37,,,
Democratic Republic of the Congo,Africa,2002,35.01624,,49871666.0,17968327.0,31867429.0,36.03,63.9,-1.98,,
Democratic Republic of the Congo,Africa,2003,35.56736,,51425580.0,18770684.0,32619349.0,36.5,63.43,-2.03,,
Democratic Republic of the Congo,Africa,2004,36.11961,,53068880.0,19622660.0,33411557.0,36.98,62.96,-2.39,,
Democratic Republic of the Congo,Africa,2005,36.67493,,54785903.0,20521483.0,34229993.0,37.46,62.48,-2.13,,
Democratic Republic of the Congo,Africa,2006,37.23416,,56578037.0,21470101.0,35072910.0,37.95,61.99,-2.25,,
Democratic Republic of the Congo,Africa,2007,37.79715,,58453683.0,22473029.0,35944533.0,38.45,61.49,-2.18,,
Democratic Republic of the Congo,Africa,2008,38.36274,,60411195.0,23531326.0,36842282.0,38.95,60.99,-2.01,,
Democratic Republic of the Congo,Africa,2009,38.93174,,62448574.0,24645971.0,37763464.0,39.47,60.47,-2.0,,
Democratic Republic of the Congo,Africa,2010,39.50303,,64563854.0,25817901.0,38705362.0,39.99,59.95,-2.2,,
Democratic Republic of the Congo,Africa,2011,40.07741,,66755153.00000001,27048151.0,39665446.0,40.52,59.42,-2.21,,
Democratic Republic of the Congo,Africa,2012,40.65374,,69020747.0,28337627.0,40641055.0,41.06,58.88,-2.09,,
Democratic Republic of the Congo,Africa,2013,41.23186,,71358807.0,29686908.0,41629125.0,41.6,58.34,-2.19,,
Democratic Republic of the Congo,Africa,2014,41.81209,,73767447.0,31096388.0,42626472.0,42.15,57.78,-2.17,,
Democratic Republic of the Congo,Africa,2015,42.39378,,76244544.0,32566508.0,43630111.0,42.71,57.22,-2.15,,
Democratic Republic of the Congo,Africa,2016,42.97677,,78789127.0,34098241.0,44637912.0,43.28,56.65,-2.23,59.75592,47081.0
Democratic Republic of the Congo,Africa,2017,43.24332,,81398764.0,35692384.0,45647604.0,43.85,56.08,-2.35,,
Denmark,Europe,2000,100.0,93.83339,5341194.0,4545356.0,795838.0,85.1,14.9,1.5,,
Denmark,Europe,2001,99.99999,93.83339,5358062.0,4562379.0,795683.0,85.15,14.85,,,
Denmark,Europe,2002,100.0,93.83339,5372801.0,4580302.0,792499.0,85.25,14.75,1.53,,
Denmark,Europe,2003,100.0,93.8334,5386968.0,4598295.0,788673.0,85.36,14.64,1.2,,
Denmark,Europe,2004,100.0,94.14477,5402761.0,4622929.0,779832.0,85.57,14.43,1.09,,
Denmark,Europe,2005,100.0,94.45615,5421702.0,4654838.0,766864.0,85.86,14.14,1.07,,
Denmark,Europe,2006,100.0,94.76752,5444286.0,4687427.0,756876.0,86.1,13.9,1.05,,
Denmark,Europe,2007,100.0,95.0789,5469921.0,4720211.0,749746.0,86.29,13.71,1.12,,
Denmark,Europe,2008,100.0,95.39029,5497729.0,4754871.0,742924.0,86.49,13.51,1.07,,
Denmark,Europe,2009,100.0,95.70167,5526388.0,4788863.0,737584.0,86.65,13.35,1.0,,
Denmark,Europe,2010,100.0,96.01305,5554844.0,4821305.0,733539.0,86.79,13.21,1.04,,
Denmark,Europe,2011,99.99999,96.32442,5582978.0,4854722.0,728151.0,86.96,13.04,1.1,,
Denmark,Europe,2012,100.0,96.6358,5610903.0,4889233.0,721427.0,87.14,12.86,0.91,,
Denmark,Europe,2013,100.0,96.73979,5638145.0,4921377.0,716440.0,87.29,12.71,0.96,,
Denmark,Europe,2014,100.0,96.73849,5664196.0,4950814.0,713100.0,87.41,12.59,0.95,,
Denmark,Europe,2015,100.0,96.73721,5688695.0,4979108.0,709587.0,87.53,12.47,0.9,,
Denmark,Europe,2016,100.0,96.73594,5711349.0,5006008.0,705862.0,87.65,12.36,0.87,0.30561,17.0
Denmark,Europe,2017,100.0,96.73467,5732274.0,5031580.0,701971.0,87.78,12.25,0.87,,
Djibouti,Eastern Mediterranean,2000,75.56113,,717584.0,549178.0,168406.0,76.53,23.47,-0.24,,
Djibouti,Eastern Mediterranean,2001,75.55396,,733015.0,561093.0,171618.0,76.55,23.41,,,
Djibouti,Eastern Mediterranean,2002,75.54728,,746942.0,571782.0,174439.0,76.55,23.35,-0.31,,
Djibouti,Eastern Mediterranean,2003,75.54113,,759641.0,581627.0,176988.0,76.57,23.3,-0.91,,
Djibouti,Eastern Mediterranean,2004,75.5355,,771603.0,591287.0,179465.0,76.63,23.26,-0.34,,
Djibouti,Eastern Mediterranean,2005,75.53008,,783254.0,601236.0,182018.0,76.76,23.24,-0.81,,
Djibouti,Eastern Mediterranean,2006,75.52547,,794563.0,611545.0,184663.0,76.97,23.24,-0.26,,
Djibouti,Eastern Mediterranean,2007,75.52139,,805451.0,622049.0,187353.0,77.23,23.26,-0.12,,
Djibouti,Eastern Mediterranean,2008,75.51782,,816358.0,632825.0,190109.0,77.52,23.29,0.27,,
Djibouti,Eastern Mediterranean,2009,75.51445,,827823.0,643899.0,192941.0,77.78,23.31,0.49,,
Djibouti,Eastern Mediterranean,2010,75.51486,,840198.0,655376.0,195770.0,78.0,23.3,0.25,,
Djibouti,Eastern Mediterranean,2011,75.51925,,853674.0,667325.0,198612.0,78.17,23.27,0.18,,
Djibouti,Eastern Mediterranean,2012,75.52743,,868137.0,679729.0,201456.0,78.3,23.21,0.16,,
Djibouti,Eastern Mediterranean,2013,75.53989,,883293.0,692437.0,204251.0,78.39,23.12,-0.1,,
Djibouti,Eastern Mediterranean,2014,75.5561,,898695.0,705235.0,206929.0,78.47,23.03,-0.77,,
Djibouti,Eastern Mediterranean,2015,75.57727,,913993.0,717972.0,209442.0,78.55,22.92,-0.44,,
Djibouti,Eastern Mediterranean,2016,75.60252,,929112.0,730569.0,211764.0,78.63,22.79,-0.63,31.28645,291.0
Djibouti,Eastern Mediterranean,2017,75.63231,,944099.0,743079.0,213906.0,78.71,22.66,-0.74,,
Dominica,Americas,2000,93.475,,69650.0,45474.0,24202.0,65.29,34.75,0.49,,
Dominica,Americas,2001,93.75,,69661.0,45552.0,24118.0,65.39,34.62,,,
Dominica,Americas,2002,94.025,,69837.0,45867.0,23957.0,65.68,34.3,0.55,,
Dominica,Americas,2003,94.3,,70100.0,46257.0,23836.0,65.99,34.0,0.67,,
Dominica,Americas,2004,94.575,,70382.0,46660.0,23719.0,66.3,33.7,0.95,,
Dominica,Americas,2005,94.85,,70589.0,47038.0,23589.0,66.64,33.42,0.83,,
Dominica,Americas,2006,95.125,,70718.0,47372.0,23435.0,66.99,33.14,0.91,,
Dominica,Americas,2007,95.4,,70795.0,47680.0,23270.0,67.35,32.87,0.79,,
Dominica,Americas,2008,95.675,,70827.0,47976.0,23098.0,67.74,32.61,0.92,,
Dominica,Americas,2009,95.95,,70851.0,48292.0,22937.0,68.16,32.37,0.67,,
Dominica,Americas,2010,96.225,,70878.0,48647.0,22793.0,68.63,32.16,0.9,,
Dominica,Americas,2011,96.5,,70916.0,49047.0,22671.0,69.16,31.97,1.14,,
Dominica,Americas,2012,96.5,,70965.0,49483.0,22561.0,69.73,31.79,0.98,,
Dominica,Americas,2013,96.5,,71016.0,49943.0,22457.0,70.33,31.62,1.12,,
Dominica,Americas,2014,96.5,,71085.0,50420.0,22358.0,70.93,31.45,1.06,,
Dominica,Americas,2015,96.5,,71183.0,50906.0,22256.0,71.51,31.27,1.08,,
Dominica,Americas,2016,,,71307.0,51392.0,22151.0,72.07,31.06,1.0,,
Dominica,Americas,2017,,,71458.0,51881.0,22044.0,72.6,30.85,1.2,,
Dominican Republic,Americas,2000,89.82323,,8471321.0,5287718.0,3274904.0,62.42,38.66,0.02,,
Dominican Republic,Americas,2001,90.27245,,8598601.0,5441366.0,3255760.0,63.28,37.86,,,
Dominican Republic,Americas,2002,90.71294,,8724975.0,5597091.0,3235194.0,64.15,37.08,0.12,,
Dominican Republic,Americas,2003,91.21085,,8850317.0,5793592.0,3174168.0,65.46,35.87,-0.42,,
Dominican Republic,Americas,2004,91.72041,,8974444.0,6008254.0,3094744.0,66.95,34.48,-0.34,,
Dominican Republic,Americas,2005,92.21127,,9097257.0,6223375.0,3014191.0,68.41,33.13,-0.26,,
Dominican Republic,Americas,2006,92.68439,,9218686.0,6439091.0,2932247.0,69.85,31.81,-0.11,,
Dominican Republic,Americas,2007,93.13971,,9338861.0,6654957.0,2849396.0,71.26,30.51,-0.08,,
Dominican Republic,Americas,2008,93.57764,,9458075.0,6870795.0,2765725.0,72.64,29.24,-0.04,,
Dominican Republic,Americas,2009,93.99761,,9576737.0,7085768.0,2681990.0,73.99,28.01,0.0,,
Dominican Republic,Americas,2010,94.40098,,9695121.0,7300054.0,2597931.0,75.3,26.8,-0.04,,
Dominican Republic,Americas,2011,94.77666,,9813211.0,7503010.0,2524085.0,76.46,25.72,0.0,,
Dominican Republic,Americas,2012,95.13077,,9930916.0,7697696.0,2457254.0,77.51,24.74,0.25,,
Dominican Republic,Americas,2013,95.47181,,10048232.0,7890775.0,2390521.0,78.53,23.79,0.21,,
Dominican Republic,Americas,2014,95.80037,,10165183.0,8082262.0,2323582.0,79.51,22.86,0.15,,
Dominican Republic,Americas,2015,96.11691,,10281680.0,8271701.999999999,2256692.0,80.45,21.95,0.24,,
Dominican Republic,Americas,2016,96.57637,,10397741.0,8458941.0,2189850.0,81.35,21.06,0.25,2.20544,229.0
Dominican Republic,Americas,2017,96.69022,,10513104.0,8643423.0,2123575.0,82.22,20.2,0.16,,
Ecuador,Americas,2000,82.36792,66.22778,12681123.0,7614955.0,5013641.0,60.05,39.54,-0.57,,
Ecuador,Americas,2001,83.08491,66.85207,12914667.0,7814356.0,5038399.0,60.51,39.01,,,
Ecuador,Americas,2002,83.8223,67.42609,13143465.0,7989423.0,5082637.0,60.79,38.67,-0.76,,
Ecuador,Americas,2003,84.53574,67.96652,13369678.0,8148667.0,5140934.0,60.95,38.45,-0.96,,
Ecuador,Americas,2004,85.24944,68.5069,13596388.0,8310299.000000001,5199348.0,61.12,38.24,-0.84,,
Ecuador,Americas,2005,85.9632,69.04697,13825847.0,8476093.0,5259140.0,61.31,38.04,-0.79,,
Ecuador,Americas,2006,86.67705,69.5867,14059384.0,8646883.0,5320597.0,61.5,37.84,-0.85,,
Ecuador,Americas,2007,87.39132,70.12666,14296557.0,8822087.0,5383366.0,61.71,37.65,-0.81,,
Ecuador,Americas,2008,88.10566,70.66629,14535739.0,9000784.0,5446778.0,61.92,37.47,-0.73,,
Ecuador,Americas,2009,88.82005,71.2056,14774424.0,9181295.0,5509980.0,62.14,37.29,-0.67,,
Ecuador,Americas,2010,89.53468,71.74486,15011117.0,9362550.0,5572140.0,62.37,37.12,-0.59,,
Ecuador,Americas,2011,90.24332,72.27468,15243884.0,9539093.0,5638262.0,62.58,36.99,-0.69,,
Ecuador,Americas,2012,90.94794,72.79785,15474101.0,9712551.0,5707115.0,62.77,36.88,-0.57,,
Ecuador,Americas,2013,91.653,73.32098,15707474.0,9886310.0,5775237.0,62.94,36.77,-0.18,,
Ecuador,Americas,2014,92.3583,73.8438,15951840.0,10060527.0,5842585.0,63.07,36.63,-0.02,,
Ecuador,Americas,2015,93.05378,74.36687,16212020.0,10235174.0,5909194.0,63.13,36.45,-0.14,,
Ecuador,Americas,2016,93.68204,74.85141,16491116.000000002,10410121.0,5974947.0,63.13,36.23,-0.09,0.64215,106.0
Ecuador,Americas,2017,93.99454,75.06802,16785361.0,10585047.0,6039811.0,63.06,35.98,-0.07,,
Egypt,Eastern Mediterranean,2000,97.87095,,68831561.0,29917321.0,39988667.0,43.46,58.1,0.05,,
Egypt,Eastern Mediterranean,2001,97.94453,,70152661.0,30515427.0,40711513.0,43.5,58.03,,,
Egypt,Eastern Mediterranean,2002,98.01802,,71485043.0,31132914.0,41457204.0,43.55,57.99,-0.41,,
Egypt,Eastern Mediterranean,2003,98.09145,,72826097.0,31763966.0,42217976.0,43.62,57.97,-0.64,,
Egypt,Eastern Mediterranean,2004,98.1648,,74172073.0,32399855.0,42982044.0,43.68,57.95,-0.82,,
Egypt,Eastern Mediterranean,2005,98.23808,,75523569.0,33035354.0,43742795.0,43.74,57.92,-0.63,,
Egypt,Eastern Mediterranean,2006,98.31129,,76873663.0,33665587.0,44493461.0,43.79,57.88,-0.84,,
Egypt,Eastern Mediterranean,2007,98.38364,,78232126.0,34262785.0,45274468.0,43.8,57.87,-0.55,,
Egypt,Eastern Mediterranean,2008,98.45557,,79636079.0,34857294.0,46096587.0,43.77,57.88,-0.51,,
Egypt,Eastern Mediterranean,2009,98.52762,,81134798.0,35491976.0,46973046.0,43.74,57.9,-0.61,,
Egypt,Eastern Mediterranean,2010,98.59972,,82761235.0,36182597.0,47925009.0,43.72,57.91,-0.9,,
Egypt,Eastern Mediterranean,2011,98.67193,,84529252.0,36935951.0,48961610.0,43.7,57.92,-1.44,,
Egypt,Eastern Mediterranean,2012,98.74377,,86422243.0,37712493.0,50100764.0,43.64,57.97,-1.44,,
Egypt,Eastern Mediterranean,2013,98.8158,,88404646.0,38520785.0,51286648.0,43.57,58.01,-1.64,,
Egypt,Eastern Mediterranean,2014,98.88798,,90424656.0,39331581.0,52480985.0,43.5,58.04,-1.63,,
Egypt,Eastern Mediterranean,2015,98.96033,,92442547.0,40123329.0,53654843.0,43.4,58.04,-1.5,,
Egypt,Eastern Mediterranean,2016,99.03286,,94447073.0,40889370.0,54799311.0,43.29,58.02,-1.44,2.2022,2080.0
Egypt,Eastern Mediterranean,2017,99.10573,,96442591.0,41659745.0,55893406.0,43.2,57.96,-1.42,,
El Salvador,Americas,2000,77.78591,,5887936.0,3456741.0,2410885.0,58.71,40.95,0.33,,
El Salvador,Americas,2001,77.99451,,5927006.0,3511901.0,2394061.0,59.25,40.39,,,
El Salvador,Americas,2002,79.30755,,5962136.0,3564991.0,2375312.0,59.79,39.84,0.3,,
El Salvador,Americas,2003,80.61546,,5994077.0,3616425.0,2355110.0,60.33,39.29,-0.18,,
El Salvador,Americas,2004,81.91846,,6023797.0,3666871.0,2333904.0,60.87,38.74,-0.07,,
El Salvador,Americas,2005,83.21478,,6052123.0,3716729.0,2312232.0,61.41,38.21,-0.03,,
El Salvador,Americas,2006,84.50497,,6079399.0,3766348.0,2290130.0,61.95,37.67,-0.17,,
El Salvador,Americas,2007,85.80185,,6105810.0,3818861.0,2264614.0,62.54,37.09,-0.01,,
El Salvador,Americas,2008,87.1683,,6131764.0,3890916.0,2219385.0,63.46,36.19,0.04,,
El Salvador,Americas,2009,88.50999,,6157686.0,3962815.0,2174461.0,64.36,35.31,-0.01,,
El Salvador,Americas,2010,89.82706,,6183875.0,4034898.0,2129728.0,65.25,34.44,0.06,,
El Salvador,Americas,2011,91.11933,,6210568.0,4107200.0,2085360.0000000002,66.13,33.58,0.11,,
El Salvador,Americas,2012,92.3861,,6237923.0,4179885.0,2041361.0,67.01,32.73,0.23,,
El Salvador,Americas,2013,93.62684,,6266070.0,4252778.0,1997999.0,67.87,31.89,-0.03,,
El Salvador,Americas,2014,94.84168,,6295128.0,4326112.0,1955077.0,68.72,31.06,-0.02,,
El Salvador,Americas,2015,96.03034,,6325124.0,4399797.0,1912681.0,69.56,30.24,-0.02,,
El Salvador,Americas,2016,97.06386,,6356143.0,4473087.0,1871635.0,70.37,29.45,-0.1,2.00514,127.0
El Salvador,Americas,2017,97.38837,,6388126.0,4545804.0,1832049.0,71.16,28.68,-0.26,,
Equatorial Guinea,Africa,2000,51.09814,,606181.0,301586.0,312737.0,49.75,51.59,-0.04,,
Equatorial Guinea,Africa,2001,51.79044,,631666.0,325206.0,314556.0,51.48,49.8,,,
Equatorial Guinea,Africa,2002,52.542,,658384.0,350349.0,316058.0,53.21,48.01,-0.52,,
Equatorial Guinea,Africa,2003,53.35042,,686664.0,377222.0,317389.0,54.94,46.22,0.11,,
Equatorial Guinea,Africa,2004,54.21503,,716949.0,406137.0,318680.0,56.65,44.45,-0.06,,
Equatorial Guinea,Africa,2005,55.13172,,749535.0,437275.0,320042.0,58.34,42.7,-0.39,,
Equatorial Guinea,Africa,2006,56.10058,,784496.0,470822.0,321395.0,60.02,40.97,0.17,,
Equatorial Guinea,Africa,2007,57.11857,,821687.0,506718.0,322609.0,61.67,39.26,0.26,,
Equatorial Guinea,Africa,2008,58.18379,,860840.0,544893.0,323525.0,63.3,37.58,0.2,,
Equatorial Guinea,Africa,2009,59.2918,,901599.0,585082.0,324029.0,64.89,35.94,0.37,,
Equatorial Guinea,Africa,2010,60.44137,,943639.0,627157.0,323947.0,66.46,34.33,0.24,,
Equatorial Guinea,Africa,2011,61.62961,,986853.0,671022.0,323268.0,68.0,32.76,0.15,,
Equatorial Guinea,Africa,2012,62.85389,,1031191.0,716629.0,321964.0,69.5,31.22,0.23,,
Equatorial Guinea,Africa,2013,63.67152,,1076413.0,753676.0,330070.0,70.02,30.66,0.12,,
Equatorial Guinea,Africa,2014,63.92648,,1122277.0,791529.0,337895.0,70.53,30.11,-0.37,,
Equatorial Guinea,Africa,2015,64.1786,,1168568.0,830013.0,345376.0,71.03,29.56,-0.21,,
Equatorial Guinea,Africa,2016,64.42552,,1215180.0,868940.0,352550.0,71.51,29.01,-0.14,22.28946,271.0
Equatorial Guinea,Africa,2017,64.66582,,1262002.0,908254.0,359435.0,71.97,28.48,-0.17,,
Eritrea,Africa,2000,46.81421,,2292416.0,902054.0,2490747.0,39.35,108.65,-0.77,,
Eritrea,Africa,2001,47.12042,,2374722.0,960122.0,2537002.0,40.43,106.83,,,
Eritrea,Africa,2002,47.44093,,2481058.0,1024407.9999999999,2590231.0,41.29,104.4,-0.27,,
Eritrea,Africa,2003,47.77522,,2600973.0,1093201.0,2645064.0,42.03,101.7,-0.72,,
Eritrea,Africa,2004,48.12342,,2719803.0,1163933.0,2694690.0,42.79,99.08,-0.64,,
Eritrea,Africa,2005,48.48441,,2826659.0,1234323.0,2734684.0,43.67,96.75,-0.8,,
Eritrea,Africa,2006,48.85949,,2918205.0,1303385.0,2763263.0,44.66,94.69,-0.9,,
Eritrea,Africa,2007,49.24695,,2996536.0,1371320.0,2782012.0,45.76,92.84,-1.05,,
Eritrea,Africa,2008,49.6487,,3062779.0,1439096.0,2793540.0,46.99,91.21,-0.71,,
Eritrea,Africa,2009,49.81033,,3119920.0,1490721.0,2819613.0,47.78,90.37,-0.68,,
Eritrea,Africa,2010,49.97738,,3170435.0,1544485.0,2846355.0,48.72,89.78,-0.88,,
Eritrea,Africa,2011,50.15053,,3213972.0,1600645.0,2874045.0,49.8,89.42,-0.77,,
Eritrea,Africa,2012,50.32917,,3250100.0,1658937.0,2902040.0,51.04,89.29,-0.7,,
Eritrea,Africa,2013,50.70513,,3281449.0,1719887.0,2931111.0,52.41,89.32,-0.77,,
Eritrea,Africa,2014,51.08356,,3311449.0,1784051.0,2961994.0,53.88,89.45,-0.81,,
Eritrea,Africa,2015,51.46509,,3342818.0,1851851.0,2995125.0,55.4,89.6,-0.88,,
Eritrea,Africa,2016,51.84972,,3376557.0,1923728.0,3030917.0,56.97,89.76,-0.66,45.56445,1539.0
Eritrea,Africa,2017,,,3412893.0,1999721.0,3069110.0,58.59,89.93,-0.73,,
Estonia,Europe,2000,99.11478,93.22531,1399112.0,970541.0,428571.0,69.37,30.63,0.9,,
Estonia,Europe,2001,99.1547,93.44939,1391730.0,963665.0,428064.0,69.24,30.76,,,
Estonia,Europe,2002,99.19495,93.67563,1382732.0,955687.0,427045.0,69.12,30.88,0.93,,
Estonia,Europe,2003,99.23553,93.90388,1372909.0,947157.0,425752.0,68.99,31.01,0.9,,
Estonia,Europe,2004,99.27644,94.13433,1363565.0,938976.0,424589.0,68.86,31.14,0.7,,
Estonia,Europe,2005,99.3177,94.36696,1355648.0,931800.0,423848.0,68.73,31.27,0.6,,
Estonia,Europe,2006,99.35927,94.60166,1349363.0,925713.0,423584.0,68.6,31.39,0.74,,
Estonia,Europe,2007,99.40118,94.83858,1344296.0,920409.0,423663.0,68.47,31.52,0.63,,
Estonia,Europe,2008,99.44344,95.07772,1340073.0,915704.0,424008.0,68.33,31.64,0.57,,
Estonia,Europe,2009,99.48605,95.31908,1336135.0,911337.0,424493.0,68.21,31.77,0.57,,
Estonia,Europe,2010,99.52898,95.37568,1332101.0,907079.0,425023.0,68.09,31.91,0.66,,
Estonia,Europe,2011,99.57225,95.10062,1327709.0,902878.0,425571.0,68.0,32.05,0.61,,
Estonia,Europe,2012,99.61729,94.82696,1323159.0,900611.0,424323.0,68.07,32.07,0.64,,
Estonia,Europe,2013,99.66356,94.55417,1319062.0,900268.0,421292.0,68.25,31.94,0.75,,
Estonia,Europe,2014,99.70941,94.28071,1316277.0,900030.0,418329.0,68.38,31.78,0.78,,
Estonia,Europe,2015,99.71053,93.9648,1315325.0,899890.0,415431.0,68.42,31.58,0.62,,
Estonia,Europe,2016,99.71165,93.64887,1316510.0,899848.0,412594.0,68.35,31.34,0.67,0.00627,0.0
Estonia,Europe,2017,99.71283,93.33299,1319390.0,899945.0,409687.0,68.21,31.05,0.65,,
Eswatini,Africa,2000,52.51423,,1005435.0,240805.0,820663.0,23.95,81.62,0.04,,
Eswatini,Africa,2001,53.52095,,1013609.0,242004.0,830923.0,23.88,81.98,,,
Eswatini,Africa,2002,54.52232,,1019059.0,242402.0,838528.0,23.79,82.28,0.13,,
Eswatini,Africa,2003,55.5183,,1022802.0,242442.0,844950.0,23.7,82.61,0.07,,
Eswatini,Africa,2004,56.50797,,1026286.0,242734.0,852319.0,23.65,83.05,-0.01,,
Eswatini,Africa,2005,57.49255,,1030579.0,243713.0,862160.0,23.65,83.66,-0.4,,
Eswatini,Africa,2006,58.47115,,1036092.0000000001,245505.0,875009.0,23.7,84.45,-0.27,,
Eswatini,Africa,2007,59.46272,,1042652.0,248513.0,889921.0,23.83,85.35,0.05,,
Eswatini,Africa,2008,60.56617,,1049945.0,255480.0,903417.0,24.33,86.04,-0.08,,
Eswatini,Africa,2009,61.66065,,1057467.0,262838.0,917837.0,24.86,86.8,-0.01,,
Eswatini,Africa,2010,62.74622,,1064837.0,270400.0,932443.0,25.39,87.57,-0.08,,
Eswatini,Africa,2011,63.82331,,1072033.0,278134.0,947124.0,25.94,88.35,-0.48,,
Eswatini,Africa,2012,64.86421,,1079288.0,285194.0,962964.0,26.42,89.22,-0.41,,
Eswatini,Africa,2013,65.89698,,1086843.0,292417.0,979039.0,26.91,90.08,-0.43,,
Eswatini,Africa,2014,66.92128,,1095019.0,299802.0,995295.0,27.38,90.89,-0.5,,
Eswatini,Africa,2015,67.93752,,1104044.0,307330.0,1011681.0,27.84,91.63,-0.48,,
Eswatini,Africa,2016,68.9483,,1113997.0,315075.0,1028022.9999999999,28.28,92.28,-0.49,27.89303,311.0
Eswatini,Africa,2017,69.00865,,1124805.0,323016.0,1044238.0,28.72,92.84,-0.27,,
Ethiopia,Africa,2000,18.69521,4.52877,66224804.0,9807289.0,56730042.0,14.81,85.66,-0.94,,
Ethiopia,Africa,2001,20.28878,4.92117,68159423.0,10224181.0,58268076.0,15.0,85.49,,,
Ethiopia,Africa,2002,21.84036,5.40116,70142091.0,10657558.0,59839634.0,15.19,85.31,-1.22,,
Ethiopia,Africa,2003,23.34811,5.6269,72170584.0,11106588.0,61438556.0,15.39,85.13,-1.41,,
Ethiopia,Africa,2004,24.81286,5.846,74239505.0,11570036.0,63054369.0,15.58,84.93,-1.31,,
Ethiopia,Africa,2005,26.23478,6.08815,76346311.0,12046373.0,64680710.0,15.78,84.72,-1.69,,
Ethiopia,Africa,2006,27.61464,6.35353,78489206.0,12536077.0,66314611.99999999,15.97,84.49,-1.74,,
Ethiopia,Africa,2007,28.96144,6.64733,80674348.0,13054220.0,67946189.0,16.18,84.22,-1.8,,
Ethiopia,Africa,2008,30.36671,7.02575,82916235.0,13733823.0,69451069.0,16.56,83.76,-1.73,,
Ethiopia,Africa,2009,31.72783,7.42772,85233913.0,14444161.0,70972092.0,16.95,83.27,-1.64,,
Ethiopia,Africa,2010,33.04677,7.85397,87639964.0,15189140.0,72513530.0,17.33,82.74,-1.64,,
Ethiopia,Africa,2011,34.32268,8.30346,90139929.0,15970018.0,74076738.0,17.72,82.18,-1.51,,
Ethiopia,Africa,2012,35.55694,8.77654,92726985.0,16787864.0,75656319.0,18.1,81.59,-1.56,,
Ethiopia,Africa,2013,36.73983,9.2662,95385798.0,17625298.0,77262426.0,18.48,81.0,-1.41,,
Ethiopia,Africa,2014,37.88149,9.77841,98094265.0,18497411.0,78869363.0,18.86,80.4,-1.34,,
Ethiopia,Africa,2015,38.98174,10.31244,100835458.0,19403087.0,80469946.0,19.24,79.8,-1.5,,
Ethiopia,Africa,2016,40.04142,10.86826,103603462.0,20343215.0,82059981.0,19.64,79.21,-1.62,43.66399,45237.0
Ethiopia,Africa,2017,41.05995,11.44477,106399924.0,21316856.0,83640582.0,20.03,78.61,-1.68,,
Fiji,Western Pacific,2000,94.60311,,811006.0,388640.0,422583.0,47.92,52.11,0.3,,
Fiji,Western Pacific,2001,94.63544,,813925.0,393266.0,420952.0,48.32,51.72,,,
Fiji,Western Pacific,2002,94.66776,,815257.0,397180.0,418511.0,48.72,51.33,0.47,,
Fiji,Western Pacific,2003,94.5918,,816076.0,400844.0,415784.0,49.12,50.95,0.45,,
Fiji,Western Pacific,2004,94.51643,,817860.0,404911.0,413443.0,49.51,50.55,0.39,,
Fiji,Western Pacific,2005,94.44138,,821604.0,409850.0,411967.0,49.88,50.14,0.38,,
Fiji,Western Pacific,2006,94.36691,,827870.0,415891.0,411520.0,50.24,49.71,-0.04,,
Fiji,Western Pacific,2007,94.29294,,836190.0,422892.0,411920.0,50.57,49.26,0.06,,
Fiji,Western Pacific,2008,94.22775,,845361.0,431333.0,412007.0,51.02,48.74,-0.07,,
Fiji,Western Pacific,2009,94.16517,,853637.0,440111.0,411856.0,51.56,48.25,-0.27,,
Fiji,Western Pacific,2010,94.10332,,859818.0,448644.0,411306.0,52.18,47.84,-0.19,,
Fiji,Western Pacific,2011,94.04205,,863449.0,456810.0,410276.0,52.91,47.52,-0.07,,
Fiji,Western Pacific,2012,93.98151,,865069.0,464716.0,408880.0,53.72,47.27,-0.07,,
Fiji,Western Pacific,2013,93.92134,,865608.0,472461.0,407254.0,54.58,47.05,-0.05,,
Fiji,Western Pacific,2014,93.86182,,866453.0,480253.0,405553.0,55.43,46.81,0.55,,
Fiji,Western Pacific,2015,93.80295,,868627.0,488237.0,403912.0,56.21,46.5,0.58,,
Fiji,Western Pacific,2016,93.74462,,872399.0,496431.0,402329.0,56.9,46.12,0.92,2.88769,25.0
Fiji,Western Pacific,2017,93.79092,,877459.0,504742.0,400760.0,57.52,45.67,0.64,,
Finland,Europe,2000,100.0,92.47527,5187954.0,4263603.0,924351.0,82.18,17.82,1.72,,
Finland,Europe,2001,100.0,93.06813,5200477.0,4283523.0,916956.0,82.37,17.63,,,
Finland,Europe,2002,100.0,93.66098,5213366.0,4301206.0,912167.0,82.5,17.5,1.76,,
Finland,Europe,2003,100.0,94.25384,5227093.0,4319571.0,907532.0,82.64,17.36,1.69,,
Finland,Europe,2004,100.0,94.84669,5242170.0,4339059.0,903126.0,82.77,17.23,1.62,,
Finland,Europe,2005,100.0,95.43954,5258927.0,4359902.0,899025.0,82.9,17.1,1.6,,
Finland,Europe,2006,100.0,96.0324,5277491.0,4382334.0,895236.0,83.04,16.96,1.5,,
Finland,Europe,2007,100.0,96.62525,5297739.0,4406270.0,891744.0,83.17,16.83,1.49,,
Finland,Europe,2008,100.0,97.21811,5319449.0,4431430.0,888472.0,83.31,16.7,1.45,,
Finland,Europe,2009,100.00001,97.81097,5342262.0,4457298.0,885348.0,83.43,16.57,1.46,,
Finland,Europe,2010,100.0,98.40381,5365782.0,4494902.0,870880.0,83.77,16.23,1.42,,
Finland,Europe,2011,100.0,98.99667,5390038.0,4543815.0,845427.0,84.3,15.68,1.39,,
Finland,Europe,2012,100.00001,99.58952,5414770.0,4592453.0,820527.0,84.81,15.15,1.4,,
Finland,Europe,2013,100.0,99.62812,5438982.0,4627922.0,808694.0,85.09,14.87,1.39,,
Finland,Europe,2014,100.0,99.62937,5461411.0,4650324.0,809393.0,85.15,14.82,1.28,,
Finland,Europe,2015,100.0,99.63062,5481122.0,4672016.0,809950.0,85.24,14.78,1.04,,
Finland,Europe,2016,100.0,99.63187,5497713.0,4692803.0,810329.0,85.36,14.74,1.0,0.03616,2.0
Finland,Europe,2017,100.0,99.63313,5511371.0,4712684.0,810547.0,85.51,14.71,1.08,,
France,Europe,2000,99.89733,96.77525,59015096.0,45225597.0,14382604.0,76.63,24.37,0.79,,
France,Europe,2001,99.90585,96.7835,59384132.0,45608443.0,14302809.0,76.8,24.09,,,
France,Europe,2002,99.91419,96.79159,59803441.0,46000154.0,14224922.0,76.92,23.79,0.93,,
France,Europe,2003,99.92238,96.79951,60251588.0,46400907.0,14149190.0,77.01,23.48,0.18,,
France,Europe,2004,99.9304,96.87717,60697981.0,46811200.0,14075407.0,77.12,23.19,0.35,,
France,Europe,2005,99.93826,96.95467,61120127.0,47229925.0,14003975.0,77.27,22.91,0.4,,
France,Europe,2006,99.94595,97.03204,61508926.0,47658471.0,13934413.0,77.48,22.65,0.6,,
France,Europe,2007,99.95351,97.10927,61869227.0,48094669.0,13866281.0,77.74,22.41,0.56,,
France,Europe,2008,99.9609,97.18636,62209207.0,48534862.0,13794705.0,78.02,22.17,0.55,,
France,Europe,2009,99.96815,97.26331,62542900.0,48969824.0,13717697.0,78.3,21.93,0.51,,
France,Europe,2010,99.97524,97.34013,62879530.0,49393298.0,13633442.0,78.55,21.68,0.68,,
France,Europe,2011,99.98218,97.4168,63222227.0,49802211.0,13541366.0,78.77,21.42,0.6,,
France,Europe,2012,99.98896,97.49334,63564221.0,50197777.0,13442096.0,78.97,21.15,0.55,,
France,Europe,2013,99.99558,97.56973,63893525.0,50583160.0,13336757.0,79.17,20.87,0.45,,
France,Europe,2014,100.0,97.64396,64193550.0,50963661.0,13226977.0,79.39,20.6,0.3,,
France,Europe,2015,100.0,97.7139,64453200.0,51343241.0,13113960.0,79.66,20.35,0.11,,
France,Europe,2016,100.0,97.78383,64667596.0,51722652.0,12998038.0,79.98,20.1,-0.1,0.26542,172.0
France,Europe,2017,100.0,97.85376,64842509.0,52100536.0,12879012.0,80.35,19.86,0.28,,
Gabon,Africa,2000,79.53762,,1228360.0,971091.0,260031.0,79.06,21.17,0.64,,
Gabon,Africa,2001,80.1376,,1258003.0,1005172.0,257087.0,79.9,20.44,,,
Gabon,Africa,2002,80.70048,,1288315.0,1040289.0,254120.0,80.75,19.72,0.41,,
Gabon,Africa,2003,81.22711,,1319953.0,1076897.0,251249.0,81.59,19.03,0.3,,
Gabon,Africa,2004,81.71886,,1353795.0,1115625.0,248580.0,82.41,18.36,0.41,,
Gabon,Africa,2005,82.17657,,1390549.0,1156908.0,246218.0,83.2,17.71,0.33,,
Gabon,Africa,2006,82.60249,,1430152.0,1200768.0,244076.0,83.96,17.07,0.22,,
Gabon,Africa,2007,82.99741,,1472575.0,1247086.0,242107.0,84.69,16.44,0.3,,
Gabon,Africa,2008,83.36343,,1518540.0,1296102.0,240309.0,85.35,15.83,0.26,,
Gabon,Africa,2009,83.70043,,1568928.0,1348027.0,238727.0,85.92,15.22,0.14,,
Gabon,Africa,2010,84.01086,,1624140.0,1402919.0,237291.0,86.38,14.61,0.3,,
Gabon,Africa,2011,84.29539,,1684635.0,1461072.0,236029.0,86.73,14.01,0.38,,
Gabon,Africa,2012,84.55587,,1749682.0,1522001.0,234816.0,86.99,13.42,0.29,,
Gabon,Africa,2013,84.7922,,1817071.0,1583869.0,233402.0,87.17,12.84,0.33,,
Gabon,Africa,2014,85.00294,,1883800.0,1644080.0,231633.0,87.27,12.3,0.15,,
Gabon,Africa,2015,85.4748,,1947686.0,1700834.0,229341.0,87.33,11.78,0.02,,
Gabon,Africa,2016,85.62704,,2007873.0,1753288.0,226498.0,87.32,11.28,-0.1,20.57946,413.0
Gabon,Africa,2017,85.771,,2064822.9999999998,1801892.0,223245.0,87.27,10.81,-0.1,,
Gambia,Africa,2000,75.00136,,1317703.0,589663.0,642181.0,44.75,48.73,0.53,,
Gambia,Africa,2001,75.13911,,1360074.0,619680.0,650815.0,45.56,47.85,,,
Gambia,Africa,2002,75.2877,,1404261.0,651518.0,659831.0,46.4,46.99,0.83,,
Gambia,Africa,2003,75.44097,,1449925.0,684608.0,669586.0,47.22,46.18,0.32,,
Gambia,Africa,2004,75.58038,,1496527.0,717306.0,681267.0,47.93,45.52,0.17,,
Gambia,Africa,2005,75.72826,,1543741.0,751269.0,692935.0,48.67,44.89,0.2,,
Gambia,Africa,2006,75.88463,,1591445.0,786528.0,704493.0,49.42,44.27,-0.03,,
Gambia,Africa,2007,76.04948,,1639848.0,823137.0,715979.0,50.2,43.66,0.05,,
Gambia,Africa,2008,76.22301,,1689285.0,861178.0,727394.0,50.98,43.06,0.07,,
Gambia,Africa,2009,76.40444,,1740279.0,900720.0,738840.0,51.76,42.46,0.12,,
Gambia,Africa,2010,76.59435,,1793196.0,941876.0,750273.0,52.52,41.84,0.07,,
Gambia,Africa,2011,76.79232,,1848147.0,984667.0,761696.0,53.28,41.21,0.0,,
Gambia,Africa,2012,76.99876,,1905013.0,1029096.0,773029.0,54.02,40.58,0.0,,
Gambia,Africa,2013,77.21253,,1963712.0,1075066.0,784258.0,54.75,39.94,-0.05,,
Gambia,Africa,2014,77.4333,,2024042.0,1122488.0,795364.0,55.46,39.3,-0.15,,
Gambia,Africa,2015,77.66074,,2085860.0000000002,1171281.0,806309.0,56.15,38.66,0.02,,
Gambia,Africa,2016,77.82724,,2149136.0,1221426.0,817075.0,56.83,38.02,-0.43,29.65944,637.0
Gambia,Africa,2017,77.99157,,2213889.0,1272914.0,827654.0,57.5,37.38,-0.08,,
Georgia,Europe,2000,92.97521,74.5881,4362187.0,2485610.0,2236449.0,56.98,51.27,-0.81,,
Georgia,Europe,2001,93.20199,74.77414,4296979.0,2448110.0,2224052.0,56.97,51.76,,,
Georgia,Europe,2002,93.46075,74.98245,4258571.0,2425352.0,2199528.0,56.95,51.65,-1.19,,
Georgia,Europe,2003,93.75501,75.21508,4238929.0,2419111.0,2159971.0,57.07,50.96,-1.3,,
Georgia,Europe,2004,94.04644,75.83226,4225816.0,2412548.0,2120781.0,57.09,50.19,-0.87,,
Georgia,Europe,2005,94.33504,76.44949,4210168.0,2405012.0,2081534.9999999998,57.12,49.44,-0.75,,
Georgia,Europe,2006,94.62092,77.06681,4189720.0000000005,2396650.0,2042246.0,57.2,48.74,-0.96,,
Georgia,Europe,2007,94.90408,77.6842,4166867.0,2387511.0,2003024.0,57.3,48.07,-0.64,,
Georgia,Europe,2008,95.18443,78.08326,4142654.9999999995,2377090.0,1963424.0,57.38,47.4,-0.92,,
Georgia,Europe,2009,95.46198,78.30735,4119493.9999999995,2364669.0,1923027.0,57.4,46.68,-0.97,,
Georgia,Europe,2010,95.73682,78.52918,4099099.0,2350051.0,1881610.0,57.33,45.9,-0.72,,
Georgia,Europe,2011,96.00888,78.74872,4081017.0,2332531.0,1838725.0,57.16,45.06,-0.66,,
Georgia,Europe,2012,96.27824,78.96601,4064106.0,2312776.0,1794943.0,56.91,44.17,-0.68,,
Georgia,Europe,2013,96.54476,79.18097,4048701.0,2293439.0,1752471.0,56.65,43.28,-0.44,,
Georgia,Europe,2014,97.64145,79.39369,4035311.0,2278324.0,1714022.0,56.46,42.48,-0.32,,
Georgia,Europe,2015,97.91409,79.60415,4024183.0,2270087.0,1681437.0,56.41,41.78,-0.47,,
Georgia,Europe,2016,98.17055,79.81266,4015450.0,2270328.0,1655077.0,56.54,41.22,-0.31,0.17978,7.0
Georgia,Europe,2017,98.39444,79.99468,4008716.0,2278042.0,1634019.0,56.83,40.76,-0.37,,
Germany,Europe,2000,100.0,99.8,81400882.0,61087413.0,20400344.0,75.05,25.06,1.41,,
Germany,Europe,2001,100.0,99.8,81453885.0,61290583.0,20245265.0,75.25,24.85,,,
Germany,Europe,2002,100.0,99.8,81535122.0,61514310.0,20097558.0,75.45,24.65,1.1,,
Germany,Europe,2003,100.0,99.8,81614380.0,61736369.0,19950126.0,75.64,24.44,0.58,,
Germany,Europe,2004,100.0,99.8,81646474.0,61923578.0,19792081.0,75.84,24.24,0.64,,
Germany,Europe,2005,100.0,99.8,81602741.0,62053609.0,19617625.0,76.04,24.04,0.89,,
Germany,Europe,2006,100.0,99.8,81472226.0,62116895.0,19423458.0,76.24,23.84,1.03,,
Germany,Europe,2007,100.0,99.8,81277830.0,62129072.0,19215385.0,76.44,23.64,1.0,,
Germany,Europe,2008,100.0,99.8,81065752.0,62126272.0,19004672.0,76.64,23.44,0.95,,
Germany,Europe,2009,100.0,99.8,80899961.0,62158252.0,18807360.0,76.83,23.25,0.86,,
Germany,Europe,2010,100.0,99.8,80827002.0,62261612.0,18633173.0,77.03,23.05,0.8,,
Germany,Europe,2011,100.0,99.8,80855632.0,62448659.0,18485321.0,77.23,22.86,0.84,,
Germany,Europe,2012,100.0,99.8,80972628.0,62558823.0,18507405.0,77.26,22.86,0.78,,
Germany,Europe,2013,100.0,99.8,81174367.0,62720439.0,18544700.0,77.27,22.85,0.93,,
Germany,Europe,2014,100.0,99.8,81450378.0,62901872.0,18587788.0,77.23,22.82,0.93,,
Germany,Europe,2015,100.0,99.8,81787411.0,63078413.0,18629376.0,77.12,22.78,0.7,,
Germany,Europe,2016,100.0,99.8,82193768.0,63257479.0,18657193.0,76.96,22.7,0.68,0.58651,482.0
Germany,Europe,2017,100.0,99.8,82658409.0,63442124.0,18672100.0,76.75,22.59,0.59,,
Ghana,Africa,2000,64.46381,13.0987,19278856.0,8319629.999999999,10619132.0,43.15,55.08,-0.36,,
Ghana,Africa,2001,65.3511,13.37315,19756928.0,8662170.0,10759435.0,43.84,54.46,,,
Ghana,Africa,2002,66.34829,14.58292,20246381.0,9020862.0,10903660.0,44.56,53.85,-0.16,,
Ghana,Africa,2003,67.34624,15.82424,20750299.0,9395582.0,11051200.0,45.28,53.26,0.03,,
Ghana,Africa,2004,68.34537,17.09741,21272323.0,9786032.0,11200504.0,46.0,52.65,0.04,,
Ghana,Africa,2005,69.34496,18.40112,21814642.0,10191110.0,11350899.0,46.72,52.03,0.17,,
Ghana,Africa,2006,70.34588,19.73632,22379055.0,10611799.0,11501626.0,47.42,51.39,0.01,,
Ghana,Africa,2007,71.34811,21.10264,22963946.0,11047908.0,11652304.0,48.11,50.74,-0.07,,
Ghana,Africa,2008,72.35184,22.50003,23563825.0,11498085.0,11800555.0,48.8,50.08,-0.03,,
Ghana,Africa,2009,73.35655,23.92735,24170940.0,11959419.0,11944412.0,49.48,49.42,0.03,,
Ghana,Africa,2010,74.36338,25.38599,24779619.0,12430779.0,12081325.0,50.17,48.76,0.03,,
Ghana,Africa,2011,75.37181,26.87477,25387712.0,12911092.0,12210704.0,50.86,48.1,0.17,,
Ghana,Africa,2012,76.38178,28.3932,25996450.0,13399991.0,12333058.0,51.55,47.44,0.13,,
Ghana,Africa,2013,77.393,29.94032,26607645.0,13897088.0,12449163.0,52.23,46.79,0.06,,
Ghana,Africa,2014,78.40562,31.51594,27224473.0,14403125.0,12559438.0,52.91,46.13,-0.11,,
Ghana,Africa,2015,79.41982,33.11989,27849205.0,14918455.0,12664366.0,53.57,45.47,-0.03,,
Ghana,Africa,2016,80.43578,34.752,28481945.0,15442824.0,12763904.0,54.22,44.81,-0.13,18.83582,5365.0
Ghana,Africa,2017,81.45339,36.41161,29121465.0,15975765.0,12857864.0,54.86,44.15,0.09,,
Greece,Europe,2000,99.58681,98.95221,11082104.0,8102077.0,3040042.0,73.11,27.43,0.81,,
Greece,Europe,2001,99.62233,99.04154,11134457.0,8154866.0,3029532.0,73.24,27.21,,,
Greece,Europe,2002,99.65945,99.13505,11182305.0,8222245.999999999,2994553.0,73.53,26.78,0.88,,
Greece,Europe,2003,99.69575,99.22662,11218884.0,8285324.000000001,2958243.0,73.85,26.37,0.48,,
Greece,Europe,2004,99.73127,99.3163,11234992.0,8348364.0,2922112.0,74.31,26.01,0.49,,
Greece,Europe,2005,99.76599,99.40405,11224791.0,8413925.0,2887279.0,74.96,25.72,0.51,,
Greece,Europe,2006,99.79994,99.48994,11185228.0,8484479.0,2854291.0,75.85,25.52,0.63,,
Greece,Europe,2007,99.83311,99.57397,11120358.0,8558326.0,2822571.0,76.96,25.38,0.52,,
Greece,Europe,2008,99.86555,99.65621,11040309.0,8629570.0,2790077.0,78.16,25.27,0.27,,
Greece,Europe,2009,99.89722,99.73662,10959272.0,8689496.0,2754332.0,79.29,25.13,-0.21,,
Greece,Europe,2010,99.92817,99.81525,10887637.0,8732440.0,2713565.0,80.21,24.92,-0.13,,
Greece,Europe,2011,99.9584,99.89214,10829079.0,8755520.0,2667285.0,80.85,24.63,-0.1,,
Greece,Europe,2012,99.98792,99.96731,10781125.0,8761695.0,2616562.0,81.27,24.27,-0.22,,
Greece,Europe,2013,100.0,100.0,10740500.0,8757539.0,2563761.0,81.54,23.87,-0.17,,
Greece,Europe,2014,99.99999,99.99999,10701456.0,8752916.0,2511810.0,81.79,23.47,-0.14,,
Greece,Europe,2015,100.0,100.0,10659750.0,8755057.0,2462743.0,82.13,23.1,-0.23,,
Greece,Europe,2016,100.0,100.0,10615185.0,8766565.0,2417151.0,82.59,22.77,-0.12,0.0371,4.0
Greece,Europe,2017,100.0,100.0,10569450.0,8785441.0,2374332.0,83.12,22.46,-0.07,,
Grenada,Americas,2000,93.30764,78.71873,102833.0,36276.0,65343.0,35.28,63.54,1.02,,
Grenada,Americas,2001,93.53996,79.61002,103249.0,36584.0,65265.0,35.43,63.21,,,
Grenada,Americas,2002,93.77227,80.50478,103634.0,36668.0,65432.0,35.38,63.14,0.92,,
Grenada,Americas,2003,94.00459,81.40298,104005.0,36760.0,65615.0,35.34,63.09,0.89,,
Grenada,Americas,2004,94.2369,82.30465,104347.0,36855.0,65801.0,35.32,63.06,0.88,,
Grenada,Americas,2005,94.46922,83.20976,104661.0,36954.0,65995.0,35.31,63.06,0.41,,
Grenada,Americas,2006,94.70153,84.11833,104933.0,37059.0,66200.0,35.32,63.09,0.39,,
Grenada,Americas,2007,94.93385,85.03035,105190.0,37170.0,66416.0,35.34,63.14,0.38,,
Grenada,Americas,2008,95.16616,85.94583,105456.0,37287.0,66643.0,35.36,63.2,0.39,,
Grenada,Americas,2009,95.39848,86.86475,105789.0,37412.0,66884.0,35.36,63.22,0.39,,
Grenada,Americas,2010,95.63079,87.11722,106233.0,37543.0,67134.0,35.34,63.2,0.52,,
Grenada,Americas,2011,95.86311,87.32885,106796.0,37679.0,67396.0,35.28,63.11,0.36,,
Grenada,Americas,2012,95.97139,87.4275,107446.0,37835.0,67646.0,35.21,62.96,0.49,,
Grenada,Americas,2013,95.62865,87.11526,108170.0,38017.0,67892.0,35.15,62.76,0.43,,
Grenada,Americas,2014,95.62865,87.11526,108902.0,38224.0,68136.0,35.1,62.57,0.77,,
Grenada,Americas,2015,95.62865,87.11526,109599.0,38453.0,68370.0,35.09,62.38,0.79,,
Grenada,Americas,2016,95.62865,87.11526,110261.0,38712.0,68605.0,35.11,62.22,1.02,0.34283,0.0
Grenada,Americas,2017,95.62865,87.11526,110874.0,38994.0,68831.0,35.17,62.08,1.01,,
Guatemala,Americas,2000,85.75377,46.63568,11650743.0,5281459.0,6369284.0,45.33,54.67,-0.77,,
Guatemala,Americas,2001,86.28421,47.18518,11924946.0,5445865.0,6479081.0,45.67,54.33,,,
Guatemala,Americas,2002,86.81068,47.73734,12208848.0,5616683.0,6592165.0,46.01,53.99,-0.84,,
Guatemala,Americas,2003,87.32949,48.28807,12500478.0,5789994.0,6710484.0,46.32,53.68,-0.78,,
Guatemala,Americas,2004,87.84232,48.83873,12796925.0,5965383.0,6831542.0,46.62,53.38,-0.81,,
Guatemala,Americas,2005,88.35131,49.39161,13096028.0,6143708.0,6952320.0,46.91,53.09,-0.84,,
Guatemala,Americas,2006,88.85661,49.94688,13397021.0,6324779.0,7072229.0,47.21,52.79,-0.74,,
Guatemala,Americas,2007,89.35838,50.50474,13700327.0,6508761.0,7191525.0,47.51,52.49,-0.75,,
Guatemala,Americas,2008,89.8566,51.06522,14006428.0,6695971.0,7310395.0,47.81,52.19,-0.71,,
Guatemala,Americas,2009,90.35091,51.6278,14316263.0,6886723.0,7429485.0,48.1,51.9,-0.93,,
Guatemala,Americas,2010,90.84182,52.19322,14630417.0,7081513.0,7548904.0,48.4,51.6,-0.85,,
Guatemala,Americas,2011,91.32897,52.76095,14948801.0,7280286.0,7668633.0,48.7,51.3,-0.74,,
Guatemala,Americas,2012,91.8126,53.33138,15270771.0,7482817.0,7788239.0,49.0,51.0,-0.63,,
Guatemala,Americas,2013,92.29375,53.90662,15595816.0,7690609.0,7905605.0,49.31,50.69,-0.67,,
Guatemala,Americas,2014,92.77225,54.48679,15923236.0,7903575.0,8019984.0,49.64,50.37,-0.66,,
Guatemala,Americas,2015,93.24812,55.07239,16252429.0,8121457.0,8130972.0,49.97,50.03,-0.66,,
Guatemala,Americas,2016,93.72089,55.66295,16583076.0,8344199.000000001,8238270.0,50.32,49.68,-0.54,6.29517,1044.0
Guatemala,Americas,2017,94.19058,55.99078,16914970.0,8571832.0,8341671.0,50.68,49.32,-0.65,,
Guinea,Africa,2000,62.73274,,8240730.0,2719112.0,6089434.0,33.0,73.89,-1.91,,
Guinea,Africa,2001,62.86386,,8417081.0,2793947.0,6177192.0,33.19,73.39,,,
Guinea,Africa,2002,62.97107,,8586074.0,2870967.0,6266378.0,33.44,72.98,-1.42,,
Guinea,Africa,2003,63.0549,,8753093.0,2951025.0,6358823.0,33.71,72.65,-0.79,,
Guinea,Africa,2004,63.11525,,8925743.0,3034722.0,6455507.0,34.0,72.32,-1.03,,
Guinea,Africa,2005,63.15234,,9109581.0,3122424.0,6557321.0,34.28,71.98,-1.16,,
Guinea,Africa,2006,63.16671,,9307425.0,3215311.0,6666117.0,34.55,71.62,-1.91,,
Guinea,Africa,2007,63.15825,,9518162.0,3313930.0,6782797.0,34.82,71.26,-2.4,,
Guinea,Africa,2008,63.12718,,9738792.0,3417618.0,6905524.0,35.09,70.91,-2.1,,
Guinea,Africa,2009,63.07372,,9964469.0,3524968.0,7031556.0,35.38,70.57,-2.12,,
Guinea,Africa,2010,62.99843,,10192176.0,3635259.0,7158911.0,35.67,70.24,-1.69,,
Guinea,Africa,2011,62.90121,,10420472.0,3748184.0,7286986.0,35.97,69.93,-1.39,,
Guinea,Africa,2012,62.78228,,10652031.0,3864491.0,7416978.0,36.28,69.63,-1.29,,
Guinea,Africa,2013,62.64186,,10892817.0,3985322.0,7551293.0,36.59,69.32,-1.23,,
Guinea,Africa,2014,62.4802,,11150982.0,4112604.9999999995,7692904.0,36.88,68.99,-0.96,,
Guinea,Africa,2015,62.30217,,11432088.0,4249131.0,7842402.0,37.17,68.6,-0.39,,
Guinea,Africa,2016,62.10819,,11738429.0,4395623.0,8000301.0,37.45,68.15,-0.39,44.63392,5239.0
Guinea,Africa,2017,61.89872,,12067519.0,4551855.0,8165321.0,37.72,67.66,-0.7,,
Guinea-Bissau,Africa,2000,53.37679,,1201301.0,450585.0,792644.0,37.51,65.98,-0.35,,
Guinea-Bissau,Africa,2001,54.22892,,1227106.0,464192.0,803320.0,37.83,65.46,,,
Guinea-Bissau,Africa,2002,55.07722,,1254453.0,478650.0,814873.0,38.16,64.96,-0.73,,
Guinea-Bissau,Africa,2003,55.92104,,1283305.0,493952.0,827250.0,38.49,64.46,-0.49,,
Guinea-Bissau,Africa,2004,56.7607,,1313492.0,510047.0,840298.0,38.83,63.97,-0.38,,
Guinea-Bissau,Africa,2005,57.59557,,1344930.0,526889.0,853949.0,39.18,63.49,-0.56,,
Guinea-Bissau,Africa,2006,58.4266,,1377581.0,544510.0,868159.0,39.53,63.02,-0.5,,
Guinea-Bissau,Africa,2007,59.25316,,1411543.0,562966.0,882992.0,39.88,62.56,-0.46,,
Guinea-Bissau,Africa,2008,60.07558,,1446936.0,582338.0,898503.0,40.25,62.1,-0.71,,
Guinea-Bissau,Africa,2009,60.89322,,1483921.0,602671.0,914777.0,40.61,61.65,-0.67,,
Guinea-Bissau,Africa,2010,61.70735,,1522599.0,624074.0,931806.0,40.99,61.2,-0.69,,
Guinea-Bissau,Africa,2011,62.51734,,1562989.0,646569.0,949585.0,41.37,60.75,-0.75,,
Guinea-Bissau,Africa,2012,63.3235,,1604979.0,670128.0,968011.0,41.75,60.31,-0.97,,
Guinea-Bissau,Africa,2013,64.12551,,1648255.0,694632.0,986863.0,42.14,59.87,-0.9,,
Guinea-Bissau,Africa,2014,64.92369,,1692437.0,719902.0,1005842.0,42.54,59.43,-0.71,,
Guinea-Bissau,Africa,2015,65.71803,,1737202.0,745799.0,1024727.0000000001,42.93,58.99,-0.52,,
Guinea-Bissau,Africa,2016,66.50823,,1782438.0,772272.0,1043425.9999999999,43.33,58.54,-0.44,35.27235,629.0
Guinea-Bissau,Africa,2017,66.63441,,1828145.0,799336.0,1061947.0,43.72,58.09,-0.5,,
Guyana,Americas,2000,87.90513,,746715.0,216152.0,537149.0,28.95,71.93,-0.49,,
Guyana,Americas,2001,88.38362,,745206.0,215193.0,537070.0,28.88,72.07,,,
Guyana,Americas,2002,88.86269,,744789.0,214424.0,537460.0,28.79,72.16,-0.56,,
Guyana,Americas,2003,89.33388,,745143.0,212827.0,539030.0,28.56,72.34,-0.44,,
Guyana,Americas,2004,89.80358,,745737.0,210941.0,540711.0,28.29,72.51,-0.56,,
Guyana,Americas,2005,90.27409,,746163.0,208931.0,542015.0,28.0,72.64,-0.46,,
Guyana,Americas,2006,90.74548,,746343.0,206755.0,542846.0,27.7,72.73,-0.73,,
Guyana,Americas,2007,91.21767,,746474.0,204490.0,543379.0,27.39,72.79,-0.56,,
Guyana,Americas,2008,91.69066,,746817.0,202288.0,544026.0,27.09,72.85,-0.63,,
Guyana,Americas,2009,92.1645,,747718.0,200360.0,545333.0,26.8,72.93,-0.63,,
Guyana,Americas,2010,92.63911,,749436.0,198836.0,547720.0,26.53,73.08,-0.46,,
Guyana,Americas,2011,93.11452,,752028.0,197762.0,551338.0,26.3,73.31,-0.43,,
Guyana,Americas,2012,93.6057,,755399.0,198816.0,554275.0,26.32,73.38,-0.5,,
Guyana,Americas,2013,94.09735,,759285.0,200133.0,557948.0,26.36,73.48,-0.46,,
Guyana,Americas,2014,94.73885,,763380.0,201641.0,561752.0,26.41,73.59,-0.14,,
Guyana,Americas,2015,95.16186,,767432.0,203204.0,565310.0,26.48,73.66,-0.14,,
Guyana,Americas,2016,95.53635,,771368.0,204790.0,568513.0,26.55,73.7,-0.03,3.64877,28.0
Guyana,Americas,2017,95.53975,,775222.0,206425.0,571434.0,26.63,73.71,-0.04,,
Haiti,Americas,2000,56.23929,,8463806.0,3043515.0,5505685.0,35.96,65.05,-0.63,,
Haiti,Americas,2001,57.06076,,8608819.0,3238074.0,5454493.0,37.61,63.36,,,
Haiti,Americas,2002,57.89031,,8754150.0,3439782.0,5394951.0,39.29,61.63,-1.26,,
Haiti,Americas,2003,58.72479,,8900104.0,3648543.0,5328009.0,40.99,59.86,-1.32,,
Haiti,Americas,2004,59.25749,,9047077.0,3800774.0,5318404.0,42.01,58.79,-1.99,,
Haiti,Americas,2005,59.75303,,9195288.0,3949718.0,5313686.0,42.95,57.79,-1.81,,
Haiti,Americas,2006,60.24738,,9344785.0,4102872.9999999995,5306584.0,43.91,56.79,-1.39,,
Haiti,Americas,2007,60.73926,,9495328.0,4259931.0,5296958.0,44.86,55.78,-1.32,,
Haiti,Americas,2008,61.22998,,9646580.0,4420707.0,5284322.0,45.83,54.78,-1.39,,
Haiti,Americas,2009,61.71658,,9798046.0,4584309.0,5268561.0,46.79,53.77,-0.96,,
Haiti,Americas,2010,62.20079,,9949322.0,4750682.0,5248935.0,47.75,52.76,-0.94,,
Haiti,Americas,2011,62.6818,,10100320.0,4919494.0,5225560.0,48.71,51.74,-0.99,,
Haiti,Americas,2012,63.15966,,10250930.0,5090792.0,5198418.0,49.66,50.71,-0.79,,
Haiti,Americas,2013,63.63269,,10400675.0,5263888.0,5167888.0,50.61,49.69,-0.63,,
Haiti,Americas,2014,64.10223,,10549009.0,5438927.0,5133539.0,51.56,48.66,-0.64,,
Haiti,Americas,2015,64.56748,,10695542.0,5615518.0,5095543.0,52.5,47.64,-0.67,,
Haiti,Americas,2016,65.02302,,10839970.0,5791991.0,5055343.0,53.43,46.64,-0.74,23.79188,2579.0
Haiti,Americas,2017,65.46683,,10982366.0,5967808.0,5013421.0,54.34,45.65,-0.67,,
Honduras,Americas,2000,84.80421,,6574509.0,2965811.0,3558472.0,45.11,54.13,-0.08,,
Honduras,Americas,2001,85.43278,,6751912.0,3076391.0,3616670.0,45.56,53.57,,,
Honduras,Americas,2002,86.0812,,6929265.0,3198899.0,3664258.0,46.17,52.88,-0.26,,
Honduras,Americas,2003,86.71111,,7106319.0,3324702.0,3709119.0,46.79,52.19,-0.38,,
Honduras,Americas,2004,87.3345,,7282953.0,3452724.0,3751429.0,47.41,51.51,-0.39,,
Honduras,Americas,2005,87.95048,,7458985.0,3582399.0,3791031.0,48.03,50.83,-0.63,,
Honduras,Americas,2006,88.55975,,7634298.0,3713768.0,3827638.0,48.65,50.14,-0.67,,
Honduras,Americas,2007,89.162,,7808518.0,3846671.0,3861301.0,49.26,49.45,-0.44,,
Honduras,Americas,2008,89.75739,,7980955.0,3980896.0,3891762.0,49.88,48.76,-0.53,,
Honduras,Americas,2009,90.34547,,8150775.0,4115946.0,3919075.0,50.5,48.08,-0.31,,
Honduras,Americas,2010,90.92673,,8317469.999999999,4251823.0,3942955.0,51.12,47.41,-0.5,,
Honduras,Americas,2011,91.50076,,8480671.0,4388211.0,3963389.0,51.74,46.73,-0.39,,
Honduras,Americas,2012,92.06799,,8640691.0,4525190.0,3980456.0,52.37,46.07,-0.35,,
Honduras,Americas,2013,92.62791,,8798521.0,4662918.0,3994867.0,53.0,45.4,-0.44,,
Honduras,Americas,2014,93.18098,,8955589.0,4802219.0,4006997.0,53.62,44.74,-0.53,,
Honduras,Americas,2015,93.7373,,9112916.0,4943275.0,4017554.0,54.24,44.09,-0.47,,
Honduras,Americas,2016,94.28603,,9270795.0,5086183.0,4026684.0,54.86,43.43,-0.43,3.6189,336.0
Honduras,Americas,2017,94.82711,,9429013.0,5230757.0,4034310.0,55.48,42.79,-0.56,,
Hungary,Europe,2000,99.96383,50.50587,10220507.0,6600231.0,3620820.0,64.58,35.43,0.92,,
Hungary,Europe,2001,99.96393,50.50592,10193449.0,6592418.0,3601587.0,64.67,35.33,,,
Hungary,Europe,2002,99.96508,50.5065,10167283.0,6617312.0,3550560.0,65.08,34.92,1.26,,
Hungary,Europe,2003,99.96549,50.50671,10141342.0,6641907.0,3500049.0,65.49,34.51,1.13,,
Hungary,Europe,2004,99.9659,53.29515,10114480.0,6665484.0,3449597.0,65.9,34.11,0.83,,
Hungary,Europe,2005,99.96638,56.08366,10085937.0,6693836.0,3392629.0,66.37,33.64,1.0,,
Hungary,Europe,2006,99.9669,58.87222,10055653.0,6726881.0,3329016.0,66.9,33.11,0.99,,
Hungary,Europe,2007,99.96744,61.66081,10024149.0,6758203.0,3265684.0,67.42,32.58,0.75,,
Hungary,Europe,2008,99.96796,64.44942,9991867.0,6788364.0,3202837.0,67.94,32.05,0.75,,
Hungary,Europe,2009,99.96848,67.23807,9959439.0,6817892.0,3141050.0,68.46,31.54,0.54,,
Hungary,Europe,2010,99.96893,70.02669,9927370.0,6841345.0,3086495.0,68.91,31.09,0.69,,
Hungary,Europe,2011,99.96938,72.81534,9895680.0,6865183.0,3033021.0,69.38,30.65,0.74,,
Hungary,Europe,2012,99.9697,75.60391,9864358.0,6876953.0,2992731.0,69.72,30.34,0.68,,
Hungary,Europe,2013,99.96998,78.39247,9833923.0,6884550.0,2957147.0,70.01,30.07,0.8,,
Hungary,Europe,2014,99.97025,81.18105,9804991.0,6891627.0,2921708.0,70.29,29.8,0.67,,
Hungary,Europe,2015,99.97053,83.96964,9777923.0,6897667.0,2886258.0,70.54,29.52,0.75,,
Hungary,Europe,2016,99.97081,86.75824,9752975.0,6903238.0,2850043.0,70.78,29.22,0.65,0.23983,23.0
Hungary,Europe,2017,100.0,89.57276,9729823.0,6908347.0,2813212.0,71.0,28.91,0.81,,
Iceland,Europe,2000,100.00001,89.53967,280435.0,259125.0,21310.0,92.4,7.6,1.58,,
Iceland,Europe,2001,100.0,90.16659,282907.0,261779.99999999997,21127.0,92.53,7.47,,,
Iceland,Europe,2002,100.0,90.79351,285329.0,264390.0,20939.0,92.66,7.34,1.62,,
Iceland,Europe,2003,100.0,91.42043,287952.0,267187.0,20765.0,92.79,7.21,1.52,,
Iceland,Europe,2004,100.0,92.04736,291104.0,270477.0,20627.0,92.91,7.09,1.46,,
Iceland,Europe,2005,100.00001,92.67429,294979.0,274440.0,20539.0,93.04,6.96,1.44,,
Iceland,Europe,2006,100.0,93.30121,299720.0,279222.0,20506.0,93.16,6.84,1.45,,
Iceland,Europe,2007,100.0,93.92813,305183.0,284684.0,20516.0,93.28,6.72,1.48,,
Iceland,Europe,2008,100.0,94.55505,310856.0,290351.0,20533.0,93.4,6.61,1.22,,
Iceland,Europe,2009,100.0,95.18198,316062.0,295574.0,20512.0,93.52,6.49,1.19,,
Iceland,Europe,2010,100.0,95.8089,320328.0,299745.0,20583.0,93.57,6.43,1.02,,
Iceland,Europe,2011,100.0,96.43582,323474.0,302678.0,20740.0,93.57,6.41,1.24,,
Iceland,Europe,2012,100.0,97.06274,325652.0,304692.0,20834.0,93.56,6.4,1.25,,
Iceland,Europe,2013,100.0,97.68967,327187.0,306209.0,20820.0,93.59,6.36,1.29,,
Iceland,Europe,2014,100.0,98.3166,328594.0,307657.0,20802.0,93.63,6.33,1.25,,
Iceland,Europe,2015,100.0,98.94352,330243.0,309438.0,20805.0,93.7,6.3,1.31,,
Iceland,Europe,2016,100.0,99.57044,332206.0,311646.0,20828.0,93.81,6.27,1.36,0.10354,0.0
Iceland,Europe,2017,100.0,100.0,334393.0,314163.0,20862.0,93.95,6.24,1.35,,
India,South-East Asia,2000,79.0238,,1056575549.0000001,291350282.0,761700630.0,27.57,72.09,-1.0,,
India,South-East Asia,2001,79.53629,,1075000085.0,299138807.0,772339048.0,27.83,71.85,,,
India,South-East Asia,2002,80.36022,,1093317189.0,307805144.0,782001968.0,28.15,71.53,-1.21,,
India,South-East Asia,2003,81.18413,,1111523144.0,316585269.0,791442579.0,28.48,71.2,-1.51,,
India,South-East Asia,2004,82.00808,,1129623456.0,325483057.0,800652720.0,28.81,70.88,-1.28,,
India,South-East Asia,2005,82.83167,,1147609927.0,334479406.0,809639268.0,29.15,70.55,-1.01,,
India,South-East Asia,2006,83.65495,,1165486291.0,343589817.0,818387902.0,29.48,70.22,-1.06,,
India,South-East Asia,2007,84.47796,,1183209472.0,352799379.0,826881860.0,29.82,69.88,-1.15,,
India,South-East Asia,2008,85.30058,,1200669765.0,362088139.0,835058767.0,30.16,69.55,-1.11,,
India,South-East Asia,2009,86.12248,,1217726215.0,371405723.0,842864409.0,30.5,69.22,-1.35,,
India,South-East Asia,2010,86.94367,,1234281170.0,380744554.0,850236137.0,30.85,68.89,-1.28,,
India,South-East Asia,2011,87.76416,,1250287943.0,390082225.0,857153804.0,31.2,68.56,-1.33,,
India,South-East Asia,2012,88.58461,,1265780247.0,399552347.0,863513505.0,31.57,68.22,-1.29,,
India,South-East Asia,2013,89.40462,,1280842125.0,409174674.0,869387533.0,31.95,67.88,-1.23,,
India,South-East Asia,2014,90.22395,,1295600772.0,419001673.0,874857621.0,32.34,67.53,-1.0,,
India,South-East Asia,2015,91.04228,,1310152403.0,429069459.0,879984521.0,32.75,67.17,-0.95,,
India,South-East Asia,2016,91.85928,,1324517249.0,439391699.0,884779655.0,33.17,66.8,-0.95,18.58389,246147.0
India,South-East Asia,2017,92.67464,,1338676785.0,449963381.0,889216746.0,33.61,66.43,-0.76,,
Indonesia,South-East Asia,2000,75.653,,211513823.0,88851487.0,122688942.0,42.01,58.01,-2.0,,
Indonesia,South-East Asia,2001,76.60564,,214427417.0,91771693.0,122734809.0,42.8,57.24,,,
Indonesia,South-East Asia,2002,77.54884,,217357793.0,94763872.0,122744187.0,43.6,56.47,-1.58,,
Indonesia,South-East Asia,2003,78.4823,,220309469.0,97826125.0,122719089.0,44.4,55.7,-2.09,,
Indonesia,South-East Asia,2004,79.40639,,223285676.0,100959670.0,122654979.0,45.22,54.93,-1.91,,
Indonesia,South-East Asia,2005,80.31999,,226289470.0,104155654.0,122557076.0,46.03,54.16,-1.52,,
Indonesia,South-East Asia,2006,81.14355,,229318262.0,107420813.0,122417389.0,46.84,53.38,-1.42,,
Indonesia,South-East Asia,2007,81.95579,,232374245.0,110751705.0,122237436.0,47.66,52.6,-1.2,,
Indonesia,South-East Asia,2008,82.75713,,235469762.0,114147710.0,122011566.0,48.48,51.82,-1.06,,
Indonesia,South-East Asia,2009,83.54684,,238620563.0,117596639.0,121743839.0,49.28,51.02,-0.75,,
Indonesia,South-East Asia,2010,84.32185,,241834215.0,121052980.0,121471143.0,50.06,50.23,-0.85,,
Indonesia,South-East Asia,2011,85.06897,,245115987.0,124314824.0,121392687.0,50.72,49.52,-0.77,,
Indonesia,South-East Asia,2012,85.80625,,248451722.0,127617869.0,121265363.0,51.37,48.81,-0.59,,
Indonesia,South-East Asia,2013,86.53343,,251805307.0,130944421.0,121087842.0,52.0,48.09,-0.52,,
Indonesia,South-East Asia,2014,87.25106,,255128076.0,134287882.0,120843234.0,52.64,47.37,-0.42,,
Indonesia,South-East Asia,2015,87.95873,,258383256.0,137634761.0,120527352.0,53.27,46.65,-0.62,,
Indonesia,South-East Asia,2016,88.65653,,261556381.0,140972925.0,120142531.0,53.9,45.93,-0.37,7.05721,18459.0
Indonesia,South-East Asia,2017,89.34401,,264650963.0,144294861.0,119696518.0,54.52,45.23,-0.5,,
Iran (Islamic Republic of),Eastern Mediterranean,2000,94.94387,91.07142,65623405.0,42352090.0,23779764.0,64.54,36.24,-0.73,,
Iran (Islamic Republic of),Eastern Mediterranean,2001,95.00295,91.15829,66449111.99999999,43450252.0,23646162.0,65.39,35.59,,,
Iran (Islamic Republic of),Eastern Mediterranean,2002,95.06155,91.24444,67284796.0,44507585.0,23475745.0,66.15,34.89,-0.77,,
Iran (Islamic Republic of),Eastern Mediterranean,2003,95.11966,91.32986,68122938.0,45534739.0,23277974.0,66.84,34.17,-0.78,,
Iran (Islamic Republic of),Eastern Mediterranean,2004,95.17718,91.41442,68951281.0,46552583.0,23064517.0,67.52,33.45,-0.76,,
Iran (Islamic Republic of),Eastern Mediterranean,2005,95.17159,91.43821,69762347.0,47575374.0,22846437.0,68.2,32.75,-0.78,,
Iran (Islamic Republic of),Eastern Mediterranean,2006,95.16553,91.46117,70554760.0,48605487.0,22622393.0,68.89,32.06,-1.04,,
Iran (Islamic Republic of),Eastern Mediterranean,2007,95.15501,91.47744,71336475.0,49603357.0,22427746.0,69.53,31.44,-0.93,,
Iran (Islamic Republic of),Eastern Mediterranean,2008,95.14209,91.49007,72120604.0,50597418.0,22248124.0,70.16,30.85,-0.94,,
Iran (Islamic Republic of),Eastern Mediterranean,2009,95.12875,91.50197,72924837.0,51614573.0,22072992.0,70.78,30.27,-1.56,,
Iran (Islamic Republic of),Eastern Mediterranean,2010,95.11506,91.51324,73762519.0,52664138.0,21903373.0,71.4,29.69,-1.63,,
Iran (Islamic Republic of),Eastern Mediterranean,2011,95.10094,91.52379,74634957.0,53750339.0,21741243.0,72.02,29.13,-1.42,,
Iran (Islamic Republic of),Eastern Mediterranean,2012,95.0854,91.53213,75539878.0,54859221.0,21594353.0,72.62,28.59,-1.32,,
Iran (Islamic Republic of),Eastern Mediterranean,2013,95.06876,91.53874,76481961.0,55982036.0,21453348.0,73.2,28.05,-1.25,,
Iran (Islamic Republic of),Eastern Mediterranean,2014,95.11356,91.60413,77465770.0,57106555.0,21304537.0,73.72,27.5,-0.87,,
Iran (Islamic Republic of),Eastern Mediterranean,2015,95.15778,91.66867,78492215.0,58217032.0,21143455.0,74.17,26.94,-0.93,,
Iran (Islamic Republic of),Eastern Mediterranean,2016,95.20149,91.73247,79563989.0,59308845.0,20968583.0,74.54,26.35,-0.81,0.98453,783.0
Iran (Islamic Republic of),Eastern Mediterranean,2017,95.24454,91.7953,80673883.0,60380188.0,20782600.0,74.84,25.76,-0.93,,
Iraq,Eastern Mediterranean,2000,80.90583,50.03514,23497585.0,16141452.0,7423961.0,68.69,31.59,-1.74,,
Iraq,Eastern Mediterranean,2001,81.47542,50.55137,24208180.0,16624564.999999998,7627084.0,68.67,31.51,,,
Iraq,Eastern Mediterranean,2002,82.4247,51.0666,24931919.0,17109394.0,7829905.0,68.62,31.41,-1.61,,
Iraq,Eastern Mediterranean,2003,83.37234,51.58082,25644499.0,17595416.0,8032210.0,68.61,31.32,-2.39,,
Iraq,Eastern Mediterranean,2004,84.31834,52.09403,26313838.0,18082636.0,8233973.0,68.72,31.29,-3.18,,
Iraq,Eastern Mediterranean,2005,85.2627,52.61147,26922284.0,18572494.0,8435932.0,68.99,31.33,-2.69,,
Iraq,Eastern Mediterranean,2006,86.20512,53.12255,27448124.0,19061498.0,8636414.0,69.45,31.46,-2.83,,
Iraq,Eastern Mediterranean,2007,87.1462,53.63292,27911248.0,19553317.0,8837116.0,70.06,31.66,-2.77,,
Iraq,Eastern Mediterranean,2008,88.08564,54.14227,28385746.0,20065505.0,9045912.0,70.69,31.87,-2.47,,
Iraq,Eastern Mediterranean,2009,89.0232,54.65036,28973162.0,20621349.0,9273303.0,71.17,32.01,-2.18,,
Iraq,Eastern Mediterranean,2010,89.97401,55.17437,29741976.0,21258071.0,9504630.0,71.47,31.96,-2.24,,
Iraq,Eastern Mediterranean,2011,90.92862,55.70583,30725300.0,21976633.0,9750420.0,71.53,31.73,-1.85,,
Iraq,Eastern Mediterranean,2012,91.87715,56.23398,31890011.0,22757413.0,10019158.0,71.36,31.42,-1.93,,
Iraq,Eastern Mediterranean,2013,92.81965,56.75885,33157050.000000004,23581028.0,10302117.0,71.12,31.07,-2.01,,
Iraq,Eastern Mediterranean,2014,93.75629,57.28068,34411951.0,24419574.0,10586506.0,70.96,30.76,-2.48,,
Iraq,Eastern Mediterranean,2015,94.68708,57.79946,35572261.0,25252255.0,10863394.0,70.99,30.54,-2.26,,
Iraq,Eastern Mediterranean,2016,95.61298,58.31704,36610632.0,26076797.0,11125775.0,71.23,30.39,-2.31,3.03475,1111.0
Iraq,Eastern Mediterranean,2017,96.53348,58.83333,37552781.0,26898682.0,11375936.0,71.63,30.29,-2.31,,
Ireland,Europe,2000,97.18372,93.0507,3783103.0,2276738.0,1572038.0,60.18,41.55,1.59,,
Ireland,Europe,2001,97.1975,93.33542,3842245.0,2322075.0,1587218.0,60.44,41.31,,,
Ireland,Europe,2002,97.21105,93.61999,3907998.0,2371800.0,1604488.0,60.69,41.06,1.51,,
Ireland,Europe,2003,97.22426,93.9043,3980076.0,2426707.0,1622840.0,60.97,40.77,1.35,,
Ireland,Europe,2004,97.23723,94.18845,4058130.0,2485586.0,1643163.0,61.25,40.49,1.17,,
Ireland,Europe,2005,97.24998,94.47247,4141223.0,2547885.0,1665092.0,61.52,40.21,1.3,,
Ireland,Europe,2006,97.26261,94.75644,4230623.0,2613787.0,1689583.0,61.78,39.94,1.19,,
Ireland,Europe,2007,97.27542,95.04066,4324641.0,2680174.0,1717899.0,61.97,39.72,1.21,,
Ireland,Europe,2008,97.28808,95.32479,4415872.0,2744990.0,1744599.0,62.16,39.51,1.19,,
Ireland,Europe,2009,97.30058,95.60884,4494576.0,2802132.0,1765932.0,62.34,39.29,1.06,,
Ireland,Europe,2010,97.3129,95.89279,4554321.0,2847514.0,1779414.0,62.52,39.07,1.02,,
Ireland,Europe,2011,97.32507,96.17666,4591105.0,2878783.0,1783796.0,62.7,38.85,0.95,,
Ireland,Europe,2012,97.33707,96.46043,4608198.0,2897729.0,1780388.0,62.88,38.64,0.94,,
Ireland,Europe,2013,97.34892,96.7441,4615422.0,2909430.0,1772537.0,63.04,38.4,0.9,,
Ireland,Europe,2014,97.3606,97.02768,4626844.0,2921471.0,1764876.0,63.14,38.14,1.05,,
Ireland,Europe,2015,97.37213,97.29984,4652425.0,2939375.0,1760732.0,63.18,37.85,0.91,,
Ireland,Europe,2016,97.38348,97.31146,4695779.0,2964988.0,1761090.0,63.14,37.5,0.85,0.07416,3.0
Ireland,Europe,2017,97.39455,97.32282,4753279.0,2997322.0,1764335.0,63.06,37.12,1.0,,
Israel,Europe,2000,100.0,99.91615,5945950.0,5484711.0,529030.0,92.24,8.9,-1.04,,
Israel,Europe,2001,100.0,99.91612,6060676.0,5594224.0,535306.0,92.3,8.83,,,
Israel,Europe,2002,100.0,99.91609,6169313.0,5698352.0,540933.0,92.37,8.77,-1.46,,
Israel,Europe,2003,100.0,99.91605,6278374.0,5803032.0,546487.0,92.43,8.7,-1.52,,
Israel,Europe,2004,100.0,99.91603,6396514.0,5916127.0,552700.0,92.49,8.64,-1.32,,
Israel,Europe,2005,100.0,99.916,6529479.0,6042911.0,560059.0,92.55,8.58,-1.25,,
Israel,Europe,2006,100.0,99.91596,6680637.0,6186413.0,568798.0,92.6,8.51,-1.26,,
Israel,Europe,2007,100.0,99.91593,6847141.0,6344035.0,578650.0,92.65,8.45,-1.25,,
Israel,Europe,2008,100.0,99.86237,7020836.0,6508489.0,588921.0,92.7,8.39,-1.32,,
Israel,Europe,2009,100.0,99.80883,7190034.0,6669224.0,598671.0,92.76,8.33,-1.63,,
Israel,Europe,2010,100.0,99.75533,7346446.0,6818961.0,606998.0,92.82,8.26,-1.34,,
Israel,Europe,2011,100.0,99.70185,7487100.0,6955079.0,613695.0,92.89,8.2,-1.2,,
Israel,Europe,2012,100.0,99.64841,7614952.0,7080096.0,619009.0,92.98,8.13,-1.08,,
Israel,Europe,2013,100.0,99.59501,7734841.0,7197813.0,623292.0,93.06,8.06,-1.1,,
Israel,Europe,2014,100.0,99.54165,7854213.0,7314254.0,627075.0,93.13,7.98,-1.04,,
Israel,Europe,2015,100.0,99.48833,7978490.0,7433814.0,630733.0,93.17,7.91,-1.09,,
Israel,Europe,2016,100.0,99.43504,8108985.0,7557487.0,634341.0,93.2,7.82,-0.79,0.24682,20.0
Israel,Europe,2017,100.0,99.38181,8243848.0,7683807.0,637763.0,93.21,7.74,-0.89,,
Italy,Europe,2000,100.0,86.4651,56692178.0,38513990.0,18779731.0,67.94,33.13,0.92,,
Italy,Europe,2001,100.0,87.03429,56875147.0,38691248.0,18815119.0,68.03,33.08,,,
Italy,Europe,2002,99.99233,87.59677,57182519.0,38948261.0,18853502.0,68.11,32.97,0.84,,
Italy,Europe,2003,99.94635,88.12537,57564588.0,39249995.0,18897042.0,68.18,32.83,0.43,,
Italy,Europe,2004,99.90039,88.65348,57948424.0,39554131.0,18940573.0,68.26,32.69,0.27,,
Italy,Europe,2005,99.85444,89.18107,58281212.0,39835813.0,18972670.0,68.35,32.55,0.49,,
Italy,Europe,2006,99.80851,89.70815,58542619.0,40089433.0,18990436.0,68.48,32.44,0.53,,
Italy,Europe,2007,99.76259,90.23472,58747861.0,40317902.0,18995609.0,68.63,32.33,0.45,,
Italy,Europe,2008,99.71669,90.76079,58922109.0,40516399.0,18985986.0,68.76,32.22,0.55,,
Italy,Europe,2009,99.6708,91.28634,59105625.0,40681311.0,18960542.0,68.83,32.08,0.35,,
Italy,Europe,2010,99.62494,91.81139,59325229.0,40811310.0,18918497.0,68.79,31.89,0.47,,
Italy,Europe,2011,99.57908,92.33593,59589076.0,40901795.0,18858134.0,68.64,31.65,0.5,,
Italy,Europe,2012,99.53333,92.86005,59879471.0,41027723.0,18706111.0,68.52,31.24,0.51,,
Italy,Europe,2013,99.48765,93.38371,60166830.0,41158347.0,18509653.0,68.41,30.76,0.5,,
Italy,Europe,2014,99.44202,93.90689,60409620.0,41276482.0,18309186.0,68.33,30.31,0.46,,
Italy,Europe,2015,99.44225,94.47314,60578494.0,41393818.0,18110394.0,68.33,29.9,0.38,,
Italy,Europe,2016,99.4425,95.03938,60663060.0,41515002.0,17914936.0,68.44,29.53,0.37,0.13718,83.0
Italy,Europe,2017,99.44273,95.03961,60673701.0,41637312.0,17722588.0,68.62,29.21,0.31,,
Jamaica,Americas,2000,93.12331,,2654701.0,1376634.0,1280230.0,51.86,48.23,0.19,,
Jamaica,Americas,2001,93.28157,,2674702.0,1393476.0,1283535.0,52.1,47.99,,,
Jamaica,Americas,2002,93.43519,,2692845.0,1408386.0,1287060.0,52.3,47.8,-0.21,,
Jamaica,Americas,2003,93.587,,2709437.0,1422372.0,1290139.0,52.5,47.62,-0.38,,
Jamaica,Americas,2004,93.40358,,2725015.0,1436006.0,1292771.0,52.7,47.44,-0.35,,
Jamaica,Americas,2005,93.07216,,2740003.0,1449489.0,1295184.0,52.9,47.27,-0.3,,
Jamaica,Americas,2006,92.7127,,2754407.0,1462883.0,1297396.0,53.11,47.1,-0.32,,
Jamaica,Americas,2007,92.35199,,2768227.0,1476111.0,1299356.0,53.32,46.94,-0.25,,
Jamaica,Americas,2008,91.99024,,2781876.0,1489115.0,1301007.0,53.53,46.77,-0.31,,
Jamaica,Americas,2009,91.62727,,2795837.0,1501785.0,1302297.0,53.72,46.58,-0.36,,
Jamaica,Americas,2010,91.26319,,2810460.0,1514064.0,1303146.0,53.87,46.37,-0.43,,
Jamaica,Americas,2011,90.89815,,2825929.0,1525934.0,1303559.0,54.0,46.13,-0.06,,
Jamaica,Americas,2012,90.53372,,2842132.0,1537884.0,1303108.0,54.11,45.85,0.12,,
Jamaica,Americas,2013,90.17014,,2858712.0,1549954.0,1301853.0,54.22,45.54,0.18,,
Jamaica,Americas,2014,90.31852,,2875139.0,1562230.0,1299857.0,54.34,45.21,0.02,,
Jamaica,Americas,2015,90.46777,,2891021.0,1574768.0,1297166.0,54.47,44.87,0.1,,
Jamaica,Americas,2016,90.61792,,2906236.0,1587568.0,1293787.0,54.63,44.52,0.31,0.61365,18.0
Jamaica,Americas,2017,90.64844,,2920848.0,1600602.0,1289697.0,54.8,44.15,0.31,,
Japan,Western Pacific,2000,98.4875,97.86467,127524174.0,100303716.0,27230218.0,78.65,21.35,1.2,,
Japan,Western Pacific,2001,98.4875,97.86467,127713828.0,102165938.0,25557575.0,80.0,20.01,,,
Japan,Western Pacific,2002,98.4875,97.86467,127893078.0,104428752.0,23473865.0,81.65,18.35,1.18,,
Japan,Western Pacific,2003,98.4875,97.86467,128058372.0,106547065.0,21520729.0,83.2,16.81,1.03,,
Japan,Western Pacific,2004,98.4875,97.86467,128204195.0,108520519.0,19693113.0,84.65,15.36,1.03,,
Japan,Western Pacific,2005,98.52771,97.90996,128326116.0,110340709.0,17995058.0,85.98,14.02,1.04,,
Japan,Western Pacific,2006,98.56792,97.95525,128422734.0,111887819.0,16545175.0,87.12,12.88,1.14,,
Japan,Western Pacific,2007,98.60812,98.00053,128494057.0,113271669.0,15233582.0,88.15,11.86,1.01,,
Japan,Western Pacific,2008,98.64833,98.04584,128538646.0,114542316.0,14008192.0,89.11,10.9,0.89,,
Japan,Western Pacific,2009,98.68855,98.09113,128555189.0,115696464.0,12870195.0,90.0,10.01,0.98,,
Japan,Western Pacific,2010,98.72875,98.13644,128542353.0,116741034.0,11810839.0,90.82,9.19,0.88,,
Japan,Western Pacific,2011,98.76896,98.18176,128498965.0,117029015.0,11476384.0,91.07,8.93,1.0,,
Japan,Western Pacific,2012,98.80917,98.22707,128423571.0,117058372.0,11368012.0,91.15,8.85,0.95,,
Japan,Western Pacific,2013,98.84937,98.27238,128314195.0,117055095.0,11257825.0,91.23,8.77,1.02,,
Japan,Western Pacific,2014,98.88958,98.31771,128168639.0,117017577.0,11145296.0,91.3,8.7,0.97,,
Japan,Western Pacific,2015,98.92979,98.36304,127985133.0,116944428.0,11030530.0,91.37,8.62,1.07,,
Japan,Western Pacific,2016,98.97,98.40837,127763265.0,116835097.0,10913416.0,91.45,8.54,0.98,0.1667,213.0
Japan,Western Pacific,2017,99.01021,98.4537,127502725.0,116693276.0,10791174.0,91.52,8.46,1.11,,
Jordan,Eastern Mediterranean,2000,99.40183,93.95779,5122493.0,3994240.0,1108890.0,77.97,21.65,0.0,,
Jordan,Eastern Mediterranean,2001,99.36469,93.923,5217336.0,4065615.0,1127867.0,77.93,21.62,,,
Jordan,Eastern Mediterranean,2002,99.32752,93.8882,5317506.0,4139874.0,1147614.0,77.85,21.58,-0.46,,
Jordan,Eastern Mediterranean,2003,99.29035,93.85337,5434030.0,4226123.0,1170651.0,77.77,21.54,-0.07,,
Jordan,Eastern Mediterranean,2004,99.25321,93.81858,5580244.0,4335531.0,1200064.0,77.69,21.51,-0.23,,
Jordan,Eastern Mediterranean,2005,99.23149,93.82613,5765635.0,4541834.0,1172277.0,78.77,20.33,-0.13,,
Jordan,Eastern Mediterranean,2006,99.21413,93.84554,5991540.0,4804920.0,1129312.0,80.2,18.85,-0.76,,
Jordan,Eastern Mediterranean,2007,99.19569,93.86185,6255280.0,5101387.0,1091804.0,81.55,17.45,-0.3,,
Jordan,Eastern Mediterranean,2008,99.17622,93.87525,6556478.0,5431436.0,1058386.0,82.84,16.14,-0.37,,
Jordan,Eastern Mediterranean,2009,99.15565,93.88553,6893260.0,5793050.0,1028066.0,84.04,14.91,-0.35,,
Jordan,Eastern Mediterranean,2010,99.1341,93.89304,7261539.0,6183184.0,999206.0,85.15,13.76,-0.31,,
Jordan,Eastern Mediterranean,2011,99.11156,93.89775,7662846.0,6603250.0,971693.0,86.17,12.68,-0.51,,
Jordan,Eastern Mediterranean,2012,99.0881,93.89987,8089962.0,7048241.0,944332.0,87.12,11.67,-0.52,,
Jordan,Eastern Mediterranean,2013,99.06368,93.89931,8518983.0,7498502.0,914962.0,88.02,10.74,-0.61,,
Jordan,Eastern Mediterranean,2014,99.03842,93.89637,8918828.0,7928375.0,880931.0,88.89,9.88,-0.54,,
Jordan,Eastern Mediterranean,2015,99.00478,93.87062,9266575.0,8266802.0,892500.0,89.21,9.63,-0.61,,
Jordan,Eastern Mediterranean,2016,98.97105,93.84464,9554286.0,8558078.0,897724.0,89.57,9.4,-0.49,0.62637,60.0
Jordan,Eastern Mediterranean,2017,98.93723,93.81834,9785843.0,8804565.0,897788.0,89.97,9.17,-0.5,,
Kazakhstan,Europe,2000,84.56442,57.54806,14922719.0,8446937.0,6610426.0,56.6,44.3,0.09,,
Kazakhstan,Europe,2001,84.94212,57.78784,14910205.0,8448150.0,6591821.0,56.66,44.21,,,
Kazakhstan,Europe,2002,85.62772,59.68283,14976188.0,8496067.0,6609578.0,56.73,44.13,0.36,,
Kazakhstan,Europe,2003,86.31612,61.59482,15100041.0,8578434.0,6653891.0,56.81,44.07,0.36,,
Kazakhstan,Europe,2004,87.0073,63.52372,15250015.0,8676172.0,6709744.0,56.89,44.0,0.07,,
Kazakhstan,Europe,2005,87.70124,65.46944,15402807.0,8775200.0,6766257.0,56.97,43.93,0.19,,
Kazakhstan,Europe,2006,88.39791,67.43186,15551268.0,8870996.0,6819865.0,57.04,43.85,0.21,,
Kazakhstan,Europe,2007,89.09731,69.4109,15702104.0,8967622.0,6873733.0,57.11,43.78,0.65,,
Kazakhstan,Europe,2008,89.7994,71.40648,15862123.0,9069766.0,6931410.0,57.18,43.7,0.62,,
Kazakhstan,Europe,2009,90.50419,73.41849,16043007.0,9185254.0,6998909.0,57.25,43.63,0.78,,
Kazakhstan,Europe,2010,91.21149,75.44648,16252279.0,9319106.0,7079870.0,57.34,43.56,0.52,,
Kazakhstan,Europe,2011,91.92159,77.4911,16490669.999999998,9472378.0,7175002.0,57.44,43.51,-0.34,,
Kazakhstan,Europe,2012,92.63432,79.55186,16751525.000000002,9640492.0,7280687.0,57.55,43.46,-0.41,,
Kazakhstan,Europe,2013,93.30481,81.5865,17026117.0,9815970.0,7391287.0,57.65,43.41,-0.4,,
Kazakhstan,Europe,2014,93.88235,83.54642,17302615.0,9988702.0,7499077.0,57.73,43.34,0.04,,
Kazakhstan,Europe,2015,94.46207,85.52089,17572016.0,10151168.0,7598480.0,57.77,43.24,-0.04,,
Kazakhstan,Europe,2016,95.04381,87.50956,17830901.0,10300410.0,7687326.0,57.77,43.11,0.01,0.38312,68.0
Kazakhstan,Europe,2017,95.62751,89.51225,18080019.0,10437728.0,7766771.0,57.73,42.96,0.04,,
Kenya,Africa,2000,47.3154,,31964557.0,6256185.0,25194298.0,19.57,78.82,-1.07,,
Kenya,Africa,2001,48.04586,,32848564.0,6541648.0,25779834.0,19.91,78.48,,,
Kenya,Africa,2002,48.77066,,33751739.0,6839247.0,26374762.0,20.26,78.14,-1.19,,
Kenya,Africa,2003,49.48969,,34678779.0,7149767.0,26981085.0,20.62,77.8,-1.26,,
Kenya,Africa,2004,50.20282,,35635271.0,7474389.0,27600542.0,20.97,77.45,-1.09,,
Kenya,Africa,2005,50.90902,,36624895.0,7813454.0,28234834.0,21.33,77.09,-1.25,,
Kenya,Africa,2006,51.60912,,37649033.0,8168189.0,28883861.0,21.7,76.72,-1.13,,
Kenya,Africa,2007,52.30302,,38705932.0,8538821.0,29547088.0,22.06,76.34,-1.3,,
Kenya,Africa,2008,52.99059,,39791981.0,8925701.0,30222715.0,22.43,75.95,-1.39,,
Kenya,Africa,2009,53.67088,,40901792.0,9328130.0,30909074.0,22.81,75.57,-1.43,,
Kenya,Africa,2010,54.34464,,42030676.0,9746669.0,31603483.0,23.19,75.19,-1.17,,
Kenya,Africa,2011,55.01381,,43178274.0,10183601.0,32303238.0,23.59,74.81,-1.24,,
Kenya,Africa,2012,55.67772,,44343467.0,10639429.0,33007199.999999996,23.99,74.44,-1.32,,
Kenya,Africa,2013,56.33693,,45519981.0,11114158.0,33712691.0,24.42,74.06,-1.17,,
Kenya,Africa,2014,56.9904,,46700055.0,11607614.0,34416636.0,24.86,73.7,-1.28,,
Kenya,Africa,2015,57.6383,,47878336.0,12119756.0,35116503.0,25.31,73.35,-1.24,,
Kenya,Africa,2016,58.28035,,49051534.0,12650834.0,35810733.0,25.79,73.01,-1.35,51.1546,25092.0
Kenya,Africa,2017,58.91633,,50221142.0,13201347.0,36498515.0,26.29,72.68,-1.13,,
Kiribati,Western Pacific,2000,50.02758,,84396.0,36259.0,48147.0,42.96,57.05,,,
Kiribati,Western Pacific,2001,51.29749,,85849.0,37325.0,48533.0,43.48,56.53,,,
Kiribati,Western Pacific,2002,52.56739,,87305.0,37988.0,49355.0,43.51,56.53,,,
Kiribati,Western Pacific,2003,53.8373,,88835.0,38680.0,50215.0,43.54,56.53,1.17,,
Kiribati,Western Pacific,2004,55.1072,,90499.0,39415.0,51127.0,43.55,56.49,1.16,,
Kiribati,Western Pacific,2005,56.37711,,92325.0,40209.0,52116.0,43.55,56.45,1.38,,
Kiribati,Western Pacific,2006,57.64701,,94343.0,41503.0,52757.0,43.99,55.92,1.35,,
Kiribati,Western Pacific,2007,58.91692,,96527.0,43211.0,53100.0,44.77,55.01,1.34,,
Kiribati,Western Pacific,2008,60.18682,,98761.0,44993.0,53447.0,45.56,54.12,1.34,,
Kiribati,Western Pacific,2009,61.45673,,100930.0,46811.0,53757.0,46.38,53.26,1.4,,
Kiribati,Western Pacific,2010,62.72663,,102927.0,48647.0,54005.0,47.26,52.47,1.42,,
Kiribati,Western Pacific,2011,63.99654,,104728.0,50481.0,54175.0,48.2,51.73,1.3,,
Kiribati,Western Pacific,2012,65.26645,,106370.0,52328.0,54285.0,49.19,51.03,1.29,,
Kiribati,Western Pacific,2013,66.53635,,107890.0,54188.0,54347.0,50.23,50.37,1.28,,
Kiribati,Western Pacific,2014,67.80626,,109391.0,56083.0,54375.0,51.27,49.71,0.8,,
Kiribati,Western Pacific,2015,69.07616,,110930.0,58024.0,54383.0,52.31,49.02,0.84,,
Kiribati,Western Pacific,2016,70.34607,,112524.0,60000.0,54395.0,53.32,48.34,0.87,16.6583,19.0
Kiribati,Western Pacific,2017,71.61597,,114158.0,61996.0,54402.0,54.31,47.66,0.88,,
Kuwait,Eastern Mediterranean,2000,100.0,100.0,2045123.0,2030234.0,20507.0,99.27,1.0,0.75,,
Kuwait,Eastern Mediterranean,2001,100.0,100.0,2103282.0,2107417.0,1938.0,100.2,0.09,,,
Kuwait,Eastern Mediterranean,2002,100.0,100.0,2136997.0,2143833.0,0.0,100.32,0.0,-0.15,,
Kuwait,Eastern Mediterranean,2003,100.0,100.0,2161626.0,2169118.0,0.0,100.35,0.0,0.29,,
Kuwait,Eastern Mediterranean,2004,100.0,100.0,2200492.0,2207939.0,0.0,100.34,0.0,0.34,,
Kuwait,Eastern Mediterranean,2005,100.0,100.0,2270198.0,2276623.0,0.0,100.28,0.0,0.25,,
Kuwait,Eastern Mediterranean,2006,100.0,100.0,2373672.0,2377258.0,0.0,100.15,0.0,0.41,,
Kuwait,Eastern Mediterranean,2007,100.0,100.0,2504019.0,2503410.0,0.0,99.98,0.0,0.62,,
Kuwait,Eastern Mediterranean,2008,100.0,100.0,2656009.0,2652340.0,0.0,99.86,0.0,0.5,,
Kuwait,Eastern Mediterranean,2009,100.0,100.0,2821045.0,2818939.0,0.0,99.93,0.0,0.35,,
Kuwait,Eastern Mediterranean,2010,100.0,100.0,2991884.0,2998083.0,0.0,100.21,0.0,0.45,,
Kuwait,Eastern Mediterranean,2011,100.0,100.0,3168060.0,3191051.0,0.0,100.73,0.0,0.31,,
Kuwait,Eastern Mediterranean,2012,100.0,100.0,3348853.0,3395556.0,0.0,101.39,0.0,0.2,,
Kuwait,Eastern Mediterranean,2013,100.0,100.0,3526376.0,3598385.0,0.0,102.04,0.0,0.17,,
Kuwait,Eastern Mediterranean,2014,100.0,100.0,3690941.0,3782450.0,0.0,102.48,0.0,0.15,,
Kuwait,Eastern Mediterranean,2015,100.0,100.0,3835591.0,3935794.0,0.0,102.61,0.0,-0.21,,
Kuwait,Eastern Mediterranean,2016,100.0,100.0,3956875.0,4052584.0,0.0,102.42,0.0,-0.05,0.01242,0.0
Kuwait,Eastern Mediterranean,2017,100.0,100.0,4056099.0,4136528.0000000005,0.0,101.98,0.0,-0.05,,
Kyrgyzstan,Europe,2000,80.60384,46.35088,4920712.0,1736915.0,3183803.0,35.3,64.7,-0.18,,
Kyrgyzstan,Europe,2001,80.60341,46.34982,4962836.0,1751617.0,3210973.0,35.29,64.7,,,
Kyrgyzstan,Europe,2002,81.10655,46.57822,4991483.0,1761456.0,3229231.0,35.29,64.69,-0.61,,
Kyrgyzstan,Europe,2003,81.6095,46.80611,5013530.0,1768994.0,3243275.0,35.28,64.69,-1.1,,
Kyrgyzstan,Europe,2004,82.11266,47.03451,5039005.0,1777971.0,3259958.0,35.28,64.69,-1.18,,
Kyrgyzstan,Europe,2005,82.57237,48.679,5075347.0,1791108.0,3284272.0,35.29,64.71,-1.18,,
Kyrgyzstan,Europe,2006,83.03161,50.34464,5124382.0,1809149.0,3317581.0,35.3,64.74,-1.39,,
Kyrgyzstan,Europe,2007,83.48999,52.03041,5184392.0,1831296.0,3358424.0,35.32,64.78,-0.99,,
Kyrgyzstan,Europe,2008,83.94771,53.73682,5254979.0,1856822.0,3405472.0,35.33,64.8,-0.57,,
Kyrgyzstan,Europe,2009,84.40495,55.46437,5334710.0,1884432.0,3456349.0,35.32,64.79,-0.62,,
Kyrgyzstan,Europe,2010,84.8657,57.22332,5422293.0,1914419.0,3507918.0,35.31,64.69,-1.04,,
Kyrgyzstan,Europe,2011,85.32988,59.01343,5517922.0,1946715.0,3559886.0,35.28,64.51,-1.1,,
Kyrgyzstan,Europe,2012,85.79738,60.83437,5621576.0,1981578.0,3612530.0,35.25,64.26,-0.91,,
Kyrgyzstan,Europe,2013,86.26759,62.68441,5731303.0,2018706.0,3665102.0,35.22,63.95,-0.91,,
Kyrgyzstan,Europe,2014,86.73149,64.55478,5844532.0,2057768.9999999998,3716797.0,35.21,63.59,-0.8,,
Kyrgyzstan,Europe,2015,87.07851,66.33919,5959121.0,2098492.0,3766909.0,35.21,63.21,-0.88,,
Kyrgyzstan,Europe,2016,87.42696,68.1477,6074330.0,2140739.0,3814995.0,35.24,62.81,-0.65,0.77594,47.0
Kyrgyzstan,Europe,2017,87.4559,68.22332,6189733.0,2184417.0,3860700.0,35.29,62.37,-0.43,,
Lao People's Democratic Republic,Western Pacific,2000,46.51606,5.08624,5323700.0,1171236.0,4158068.0,22.0,78.1,-0.58,,
Lao People's Democratic Republic,Western Pacific,2001,48.82481,6.85009,5409582.0,1244999.0,4169569.0000000005,23.01,77.08,,,
Lao People's Democratic Republic,Western Pacific,2002,51.12482,8.74185,5493246.0,1321748.0,4175524.9999999995,24.06,76.01,-0.1,,
Lao People's Democratic Republic,Western Pacific,2003,53.41333,10.40265,5576640.0,1401957.0,4177698.9999999995,25.14,74.91,-1.23,,
Lao People's Democratic Republic,Western Pacific,2004,55.69015,10.88317,5662208.0,1486517.0,4178087.9999999995,26.25,73.79,-0.61,,
Lao People's Democratic Republic,Western Pacific,2005,57.88626,11.33578,5751676.0,1564297.0,4189729.0000000005,27.2,72.84,-0.49,,
Lao People's Democratic Republic,Western Pacific,2006,59.94119,11.72742,5846074.0,1623065.0,4226291.0,27.76,72.29,-0.09,,
Lao People's Democratic Republic,Western Pacific,2007,61.98684,12.11969,5944948.0,1684769.0,4265018.0,28.34,71.74,-0.18,,
Lao People's Democratic Republic,Western Pacific,2008,64.0238,12.51304,6046620.0,1748658.0,4303532.0,28.92,71.17,0.02,,
Lao People's Democratic Republic,Western Pacific,2009,66.05057,12.90685,6148623.0,1813299.0,4338737.0,29.49,70.56,-0.16,,
Lao People's Democratic Republic,Western Pacific,2010,68.06745,13.30142,6249165.0,1877890.0,4368384.0,30.05,69.9,-0.28,,
Lao People's Democratic Republic,Western Pacific,2011,70.07413,13.69674,6347567.0,1941861.0,4391626.0,30.59,69.19,-0.06,,
Lao People's Democratic Republic,Western Pacific,2012,72.07056,14.09297,6444530.0,2005615.0,4409554.0,31.12,68.42,0.03,,
Lao People's Democratic Republic,Western Pacific,2013,74.05544,14.48947,6541304.0,2069929.9999999998,4424627.0,31.64,67.64,0.07,,
Lao People's Democratic Republic,Western Pacific,2014,76.02924,14.88671,6639756.0,2136475.0,4439922.0,32.18,66.87,0.5,,
Lao People's Democratic Republic,Western Pacific,2015,77.99142,15.28452,6741164.0,2206330.0,4457637.0,32.73,66.13,0.54,,
Lao People's Democratic Republic,Western Pacific,2016,79.9419,15.68307,6845846.0,2279990.0,4478363.0,33.3,65.42,0.53,11.31273,774.0
Lao People's Democratic Republic,Western Pacific,2017,82.0619,16.08187,6953035.0,2356986.0,4501174.0,33.9,64.74,0.4,,
Latvia,Europe,2000,97.81055,92.79144,2384164.0,1622821.0,761342.0,68.07,31.93,0.42,,
Latvia,Europe,2001,97.80708,92.77224,2358693.0,1602731.0,755946.0,67.95,32.05,,,
Latvia,Europe,2002,97.85539,92.79999,2332530.0,1582606.0,749886.0,67.85,32.15,0.94,,
Latvia,Europe,2003,97.90534,92.83607,2305848.0,1563315.0,742460.0,67.8,32.2,1.0,,
Latvia,Europe,2004,97.95924,92.89632,2278921.0,1547332.0,731523.0,67.9,32.1,0.62,,
Latvia,Europe,2005,98.01284,92.95632,2251993.0,1531348.0,720635.0,68.0,32.0,0.81,,
Latvia,Europe,2006,98.06318,92.98924,2225066.0,1512417.0,712806.0,67.97,32.04,0.84,,
Latvia,Europe,2007,98.11288,93.17592,2198089.0,1492802.0,705716.0,67.91,32.11,0.56,,
Latvia,Europe,2008,98.1628,93.36407,2171259.0,1473264.0,698617.0,67.85,32.18,0.2,,
Latvia,Europe,2009,98.21375,93.55994,2144785.0,1454815.0,690494.0,67.83,32.19,0.35,,
Latvia,Europe,2010,98.26554,93.76279,2118861.0,1437458.0,681390.0,67.84,32.16,0.53,,
Latvia,Europe,2011,98.31727,93.96592,2093610.0000000002,1420159.0,672334.0,67.83,32.11,0.32,,
Latvia,Europe,2012,98.36892,94.16918,2069016.0,1403005.0,663369.0,67.81,32.06,0.45,,
Latvia,Europe,2013,98.42049,94.37258,2044957.0,1386195.0,654589.0,67.79,32.01,0.59,,
Latvia,Europe,2014,98.47196,94.57601,2021219.0,1370004.0,646121.0,67.78,31.97,0.49,,
Latvia,Europe,2015,98.52336,94.77968,1997674.0,1354612.0,638051.0,67.81,31.94,0.44,,
Latvia,Europe,2016,98.57478,94.98471,1974266.0,1340371.0,630159.0,67.89,31.92,0.48,0.0206,0.0
Latvia,Europe,2017,98.62618,95.19086,1951097.0,1327234.0,622436.0,68.03,31.9,0.46,,
Lebanon,Eastern Mediterranean,2000,85.3944,43.98826,3842778.0,2782415.0,452951.0,72.41,11.79,-0.44,,
Lebanon,Eastern Mediterranean,2001,85.85199,44.22397,3991001.0,2893448.0,466411.0,72.5,11.69,,,
Lebanon,Eastern Mediterranean,2002,86.30957,44.45968,4182205.0,3038097.0,484740.0,72.64,11.59,-0.36,,
Lebanon,Eastern Mediterranean,2003,86.76716,44.69539,4388375.0,3196790.0,504674.0,72.85,11.5,-0.46,,
Lebanon,Eastern Mediterranean,2004,87.22475,44.93111,4569378.0,3341513.0,521754.0,73.13,11.42,-0.71,,
Lebanon,Eastern Mediterranean,2005,87.68233,45.16682,4698763.0,3453680.0,533172.0,73.5,11.35,-1.0,,
Lebanon,Eastern Mediterranean,2006,88.13992,45.40253,4759753.0,3520247.0,537103.0,73.96,11.28,-1.81,,
Lebanon,Eastern Mediterranean,2007,88.5975,45.63824,4767344.0,3551171.0,535295.0,74.49,11.23,-2.12,,
Lebanon,Eastern Mediterranean,2008,89.05509,45.87395,4764741.0,3578351.0,532696.0,75.1,11.18,-1.88,,
Lebanon,Eastern Mediterranean,2009,89.51267,46.10966,4813026.0,3647156.0,536000.0,75.78,11.14,-1.56,,
Lebanon,Eastern Mediterranean,2010,89.97026,46.34537,4953061.0,3787791.0,549350.0,76.47,11.09,-1.63,,
Lebanon,Eastern Mediterranean,2011,90.42785,46.58109,5202026.0,4014066.0,574302.0,77.16,11.04,-1.56,,
Lebanon,Eastern Mediterranean,2012,90.88544,46.8168,5537612.0,4308525.0,607879.0,77.8,10.98,-1.66,,
Lebanon,Eastern Mediterranean,2013,91.34302,47.05251,5913022.0,4631900.0,644202.0,78.33,10.89,-1.69,,
Lebanon,Eastern Mediterranean,2014,91.80061,47.28822,6261044.0,4927910.0,675369.0,78.71,10.79,-1.7,,
Lebanon,Eastern Mediterranean,2015,92.25819,47.52393,6532678.0,5155483.0,695996.0,78.92,10.65,-1.7,,
Lebanon,Eastern Mediterranean,2016,92.6,47.7,6714281.0,5301864.0,704804.0,78.96,10.5,-1.62,0.78675,53.0
Lebanon,Eastern Mediterranean,2017,92.6,47.7,6819373.0,5378552.0,703805.0,78.87,10.32,-1.63,,
Lesotho,Africa,2000,67.46613,,2032804.0,365288.0,1503411.0,17.97,73.96,0.1,,
Lesotho,Africa,2001,67.45876,,2035740.0,378451.0,1507504.0,18.59,74.05,,,
Lesotho,Africa,2002,67.46555,,2029829.0,391816.0,1510496.0,19.3,74.41,-0.05,,
Lesotho,Africa,2003,67.48666,,2018348.0,405432.0,1512665.0,20.09,74.95,0.1,,
Lesotho,Africa,2004,67.52285,,2005940.0,419398.0,1514330.0,20.91,75.49,0.36,,
Lesotho,Africa,2005,67.57364,,1996114.0,433749.0,1515794.0,21.73,75.94,0.0,,
Lesotho,Africa,2006,67.63997,,1989939.0,448564.0,1517098.0,22.54,76.24,-0.13,,
Lesotho,Africa,2007,67.69918,,1986922.0,461950.0,1520337.0,23.25,76.52,-0.39,,
Lesotho,Africa,2008,67.77174,,1987129.0,475894.0,1524036.0,23.95,76.7,-0.21,,
Lesotho,Africa,2009,67.85714,,1990131.0,490524.0,1528685.0,24.65,76.81,0.33,,
Lesotho,Africa,2010,67.95634,,1995581.0,506015.0,1534536.0,25.36,76.9,0.46,,
Lesotho,Africa,2011,68.06932,,2003788.0,522440.00000000006,1541726.0,26.07,76.94,0.38,,
Lesotho,Africa,2012,68.16004,,2014994.0,537196.0,1552732.0,26.66,77.06,0.27,,
Lesotho,Africa,2013,68.26103,,2028530.0,552651.0,1564710.0,27.24,77.14,0.34,,
Lesotho,Africa,2014,68.3727,,2043445.0,568683.0,1577102.0,27.83,77.18,-0.33,,
Lesotho,Africa,2015,68.4955,,2059021.0000000002,585146.0,1589499.0,28.42,77.2,-0.31,,
Lesotho,Africa,2016,68.62891,,2075030.0000000002,602028.0,1601793.0,29.01,77.19,-0.24,44.35666,920.0
Lesotho,Africa,2017,68.64994,,2091534.0,619305.0,1614034.0,29.61,77.17,-0.19,,
Liberia,Africa,2000,62.1736,,2848456.0,1278731.0,1605791.0,44.89,56.37,-1.95,,
Liberia,Africa,2001,63.03995,,2953927.0,1336241.0,1654891.0,45.24,56.02,,,
Liberia,Africa,2002,63.90367,,3024729.0,1378811.0,1684052.0,45.58,55.68,-2.19,,
Liberia,Africa,2003,64.76419,,3077058.0,1413560.0,1702673.0,45.94,55.33,-2.16,,
Liberia,Africa,2004,65.62178,,3135651.0,1451818.0,1724596.0,46.3,55.0,-1.37,,
Liberia,Africa,2005,66.47617,,3218116.0,1501819.0,1759411.0,46.67,54.67,-1.36,,
Liberia,Africa,2006,67.05872,,3329211.0,1566255.0,1809583.0,47.05,54.35,-1.33,,
Liberia,Africa,2007,67.63177,,3461911.0,1642005.0,1870927.0,47.43,54.04,-1.24,,
Liberia,Africa,2008,68.19511,,3607860.0,1724838.0,1938155.0,47.81,53.72,-1.29,,
Liberia,Africa,2009,68.75152,,3754133.0,1808379.0,2003149.0,48.17,53.36,-1.05,,
Liberia,Africa,2010,69.30095,,3891356.0,1887733.0,2060391.9999999998,48.51,52.95,-0.47,,
Liberia,Africa,2011,69.84359,,4017443.0,1961532.0,2108635.0,48.83,52.49,-0.43,,
Liberia,Africa,2012,70.37892,,4135658.9999999995,2031548.0,2150015.0,49.12,51.99,-0.48,,
Liberia,Africa,2013,70.90736,,4248334.0,2099636.0,2186655.0,49.42,51.47,-0.48,,
Liberia,Africa,2014,71.42843,,4359506.0,2168899.0,2221838.0,49.75,50.97,-0.62,,
Liberia,Africa,2015,71.94231,,4472230.0,2241715.0,2257906.0,50.13,50.49,-0.82,,
Liberia,Africa,2016,72.44901,,4586787.0,2318610.0,2295213.0,50.55,50.04,-0.44,41.54313,1905.0
Liberia,Africa,2017,72.94803,,4702226.0,2398953.0,2332953.0,51.02,49.61,-0.36,,
Libya,Eastern Mediterranean,2000,84.29737,,5357891.0,4091103.0,1264648.0,76.36,23.6,-0.3,,
Libya,Eastern Mediterranean,2001,85.18684,,5443248.0,4162158.9999999995,1278407.0,76.46,23.49,,,
Libya,Eastern Mediterranean,2002,86.07632,,5531089.0,4235702.0,1291813.0,76.58,23.36,-0.1,,
Libya,Eastern Mediterranean,2003,86.96579,,5620547.0,4311268.0,1304684.0,76.71,23.21,0.12,,
Libya,Eastern Mediterranean,2004,87.85526,,5710154.0,4388024.0,1316735.0,76.85,23.06,0.36,,
Libya,Eastern Mediterranean,2005,88.74474,,5798614.0,4465029.0,1327659.0,77.0,22.9,0.45,,
Libya,Eastern Mediterranean,2006,89.63421,,5886872.0,4543608.0,1337827.0,77.18,22.73,0.36,,
Libya,Eastern Mediterranean,2007,90.52368,,5974787.0,4623288.0,1347074.0,77.38,22.55,0.75,,
Libya,Eastern Mediterranean,2008,91.41315,,6058748.0,4699121.0,1353957.0,77.56,22.35,0.81,,
Libya,Eastern Mediterranean,2009,92.30264,,6133984.0,4764444.0,1356609.0,77.67,22.12,0.83,,
Libya,Eastern Mediterranean,2010,93.19211,,6197663.0,4815154.0,1353986.0,77.69,21.85,0.03,,
Libya,Eastern Mediterranean,2011,94.08158,,6247439.0,4848113.0,1345388.0,77.6,21.54,-1.29,,
Libya,Eastern Mediterranean,2012,94.97105,,6285748.0,4866386.0,1331872.0,77.42,21.19,-1.59,,
Libya,Eastern Mediterranean,2013,95.86053,,6320360.0,4879707.0,1316263.0,77.21,20.83,-1.84,,
Libya,Eastern Mediterranean,2014,96.75,,6362037.0,4901806.0,1302302.0,77.05,20.47,-2.35,,
Libya,Eastern Mediterranean,2015,97.63947,,6418315.0,4942479.0,1292476.0,77.01,20.14,-2.2,,
Libya,Eastern Mediterranean,2016,98.52895,,6492162.0,5005658.0,1287595.0,77.1,19.83,-2.28,0.5827,38.0
Libya,Eastern Mediterranean,2017,98.52895,,6580724.0,5088051.0,1286565.0,77.32,19.55,-2.36,,
Lithuania,Europe,2000,89.66957,68.65453,3501839.0,2345732.0,1156103.0,66.99,33.01,0.42,,
Lithuania,Europe,2001,90.11673,68.99689,3473625.0,2324497.0,1149120.0,66.92,33.08,,,
Lithuania,Europe,2002,90.56031,69.33652,3444763.0,2302055.0,1142699.0,66.83,33.17,0.89,,
Lithuania,Europe,2003,91.00541,69.6773,3414365.0,2278635.0,1135717.0,66.74,33.26,1.05,,
Lithuania,Europe,2004,91.45203,71.37566,3381131.0,2253373.0,1127745.0,66.65,33.35,0.77,,
Lithuania,Europe,2005,91.91387,73.09937,3344268.0,2228451.0,1115801.0,66.63,33.36,0.78,,
Lithuania,Europe,2006,92.38925,74.84776,3303335.0,2203756.0,1099915.0,66.71,33.3,0.87,,
Lithuania,Europe,2007,92.86344,76.60926,3258980.0,2176998.0,1083093.0,66.8,33.23,0.82,,
Lithuania,Europe,2008,93.33645,78.38383,3212865.0,2148920.0,1065707.0,66.88,33.17,0.75,,
Lithuania,Europe,2009,93.79765,80.16235,3167265.0,2118060.0,1050712.0,66.87,33.17,0.63,,
Lithuania,Europe,2010,94.24874,81.94576,3123816.0,2085346.0,1038457.0000000001,66.76,33.24,0.72,,
Lithuania,Europe,2011,94.70961,83.75119,3083403.0,2055543.9999999998,1024337.0,66.66,33.22,0.67,,
Lithuania,Europe,2012,95.18639,85.5846,3045561.0,2030818.0,1006428.0,66.68,33.05,0.79,,
Lithuania,Europe,2013,95.66102,87.43019,3008934.0,2007793.0,989541.0,66.73,32.89,0.96,,
Lithuania,Europe,2014,96.1336,89.28796,2971497.0,1987639.0,974207.0,66.89,32.79,0.74,,
Lithuania,Europe,2015,96.60413,91.15781,2931880.0,1971134.0,960792.0,67.23,32.77,0.76,,
Lithuania,Europe,2016,97.07375,91.60094,2889557.0,1959170.0,949079.0,67.8,32.85,0.83,0.08078,2.0
Lithuania,Europe,2017,97.54207,92.04286,2845414.0,1951399.0,938898.0,68.58,33.0,0.78,,
Luxembourg,Europe,2000,100.0,100.0,436103.0,367269.0,68834.0,84.22,15.78,1.61,,
Luxembourg,Europe,2001,100.0,100.0,440198.0,373476.0,66722.0,84.84,15.16,,,
Luxembourg,Europe,2002,100.0,100.0,443726.0,378492.0,65233.99999999999,85.3,14.7,1.64,,
Luxembourg,Europe,2003,100.0,100.0,447322.0,383547.0,63775.0,85.74,14.26,1.44,,
Luxembourg,Europe,2004,100.0,100.0,451819.0,389362.0,62457.0,86.18,13.82,1.32,,
Luxembourg,Europe,2005,100.0,100.0,457842.0,396482.0,61360.0,86.6,13.4,1.33,,
Luxembourg,Europe,2006,100.0,100.0,465610.0,405074.0,60480.0,87.0,12.99,1.4,,
Luxembourg,Europe,2007,100.0,100.0,474915.0,414952.0,59770.0,87.37,12.59,1.48,,
Luxembourg,Europe,2008,100.0,100.0,485405.0,425920.0,59185.0,87.75,12.19,1.51,,
Luxembourg,Europe,2009,100.0,100.0,496527.0,437611.0,58668.0,88.13,11.82,1.45,,
Luxembourg,Europe,2010,100.0,100.0,507889.0,449722.0,58167.0,88.55,11.45,1.46,,
Luxembourg,Europe,2011,100.0,100.0,519307.0,462260.0,57681.0,89.01,11.11,1.32,,
Luxembourg,Europe,2012,99.9872,99.95499,530857.0,475148.0,57239.0,89.51,10.78,1.33,,
Luxembourg,Europe,2013,99.96525,99.9029,542560.0,487929.0,56792.0,89.93,10.47,1.34,,
Luxembourg,Europe,2014,99.9446,99.85406,554516.0,500039.0,56277.0,90.18,10.15,1.38,,
Luxembourg,Europe,2015,99.92517,99.80822,566741.0,511081.0,55660.0,90.18,9.82,1.44,,
Luxembourg,Europe,2016,99.90687,99.76517,579264.0,520820.00000000006,54927.0,89.91,9.48,1.42,0.0485,0.0
Luxembourg,Europe,2017,99.8896,99.72468,591910.0,529352.0,54103.0,89.43,9.14,1.33,,
Madagascar,Africa,2000,35.76851,,15766806.0,4276171.0,11490635.0,27.12,72.88,0.16,,
Madagascar,Africa,2001,36.67054,,16260932.0,4454036.0,11806896.0,27.39,72.61,,,
Madagascar,Africa,2002,37.58027,,16765116.999999998,4637690.0,12127427.0,27.66,72.34,-0.23,,
Madagascar,Africa,2003,38.49727,,17279141.0,4827118.0,12452023.0,27.94,72.06,0.62,,
Madagascar,Africa,2004,39.42199,,17802997.0,5022492.0,12780505.0,28.21,71.79,0.24,,
Madagascar,Africa,2005,40.50362,,18336724.0,5283543.0,13053181.0,28.81,71.19,-0.02,,
Madagascar,Africa,2006,41.59783,,18880269.0,5555506.0,13324762.0,29.42,70.58,0.18,,
Madagascar,Africa,2007,42.70419,,19433530.0,5838483.0,13595040.0,30.04,69.96,0.09,,
Madagascar,Africa,2008,43.8237,,19996473.0,6132917.0,13863552.0,30.67,69.33,-0.47,,
Madagascar,Africa,2009,44.95406,,20569117.0,6438271.0,14130850.0,31.3,68.7,-0.73,,
Madagascar,Africa,2010,46.09624,,21151640.0,6755337.0,14396303.0,31.94,68.06,-0.98,,
Madagascar,Africa,2011,47.24979,,21743967.0,7084135.0,14659814.0,32.58,67.42,-0.71,,
Madagascar,Africa,2012,48.41475,,22346645.0,7425048.0,14921525.0,33.23,66.77,-0.54,,
Madagascar,Africa,2013,49.59065,,22961255.0,7778842.0,15182304.0,33.88,66.12,-0.66,,
Madagascar,Africa,2014,50.77799,,23589888.0,8146486.0,15443315.0,34.53,65.47,-0.56,,
Madagascar,Africa,2015,51.97583,,24234088.0,8528793.0,15705295.0,35.19,64.81,-0.43,,
Madagascar,Africa,2016,53.18465,,24894370.0,8926246.0,15968305.0,35.86,64.14,-0.29,30.23168,7526.0
Madagascar,Africa,2017,54.40398,,25570512.0,9339025.0,16231870.0,36.52,63.48,-0.3,,
Malawi,Africa,2000,52.94207,,11148758.0,1662050.0,9714122.0,14.91,87.13,-0.33,,
Malawi,Africa,2001,53.89622,,11432000.0,1719028.0,9976835.0,15.04,87.27,,,
Malawi,Africa,2002,54.84702,,11713664.0,1776361.0,10237350.0,15.16,87.4,0.0,,
Malawi,Africa,2003,55.79481,,12000181.0,1835073.0,10501614.0,15.29,87.51,0.04,,
Malawi,Africa,2004,56.73922,,12301838.0,1896881.0,10779157.0,15.42,87.62,0.12,,
Malawi,Africa,2005,57.6806,,12625952.0,1962982.0,11076729.0,15.55,87.73,0.1,,
Malawi,Africa,2006,58.61859,,12973699.0,2033728.0,11395534.0,15.68,87.84,0.12,,
Malawi,Africa,2007,59.5535,,13341806.0,2108614.0,11732355.0,15.8,87.94,0.08,,
Malawi,Africa,2008,60.485,,13727890.0,2187171.0,12084063.0,15.93,88.03,-0.06,,
Malawi,Africa,2009,61.41658,,14128155.0,2270272.0,12444330.0,16.07,88.08,0.05,,
Malawi,Africa,2010,62.34785,,14539612.0,2357581.0,12809514.0,16.21,88.1,0.04,,
Malawi,Africa,2011,63.27869,,14962115.0,2449138.0,13178480.0,16.37,88.08,-0.07,,
Malawi,Africa,2012,64.20844,,15396015.0,2545363.0,13551942.0,16.53,88.02,0.0,,
Malawi,Africa,2013,65.1372,,15839286.0,2646671.0,13930476.0,16.71,87.95,-0.21,,
Malawi,Africa,2014,66.06406,,16289552.0,2753615.0,14315223.0,16.9,87.88,0.08,,
Malawi,Africa,2015,66.98931,,16745303.0,2866700.0,14706907.0,17.12,87.83,0.03,,
Malawi,Africa,2016,67.91184,,17205261.0,2986276.0,15105299.0,17.36,87.79,-0.11,28.29031,4867.0
Malawi,Africa,2017,68.83188,,17670196.0,3112590.0,15509514.0,17.61,87.77,-0.25,,
Malaysia,Western Pacific,2000,97.36629,93.02483,23194257.0,14369654.0,8815954.0,61.95,38.01,0.09,,
Malaysia,Western Pacific,2001,97.41599,93.13538,23709119.0,14911850.0,8787057.0,62.89,37.06,,,
Malaysia,Western Pacific,2002,97.34638,93.13565,24208391.0,15452419.0,8746392.0,63.83,36.13,0.54,,
Malaysia,Western Pacific,2003,97.28144,93.13946,24698819.0,15993282.0,8695421.0,64.75,35.21,0.49,,
Malaysia,Western Pacific,2004,97.22108,93.14672,25190652.0,16537812.000000002,8636297.0,65.65,34.28,0.35,,
Malaysia,Western Pacific,2005,97.16496,93.15688,25690611.0,17087554.0,8571839.0,66.51,33.37,0.56,,
Malaysia,Western Pacific,2006,97.11317,93.17019,26201961.0,17642481.0,8501085.0,67.33,32.44,0.29,,
Malaysia,Western Pacific,2007,97.06552,93.18643,26720370.0,18201417.0,8424428.0,68.12,31.53,0.19,,
Malaysia,Western Pacific,2008,97.02195,93.20554,27236006.0,18767682.0,8343387.000000001,68.91,30.63,0.11,,
Malaysia,Western Pacific,2009,96.9821,93.22699,27735040.0,19344402.0,8260981.0,69.75,29.79,-0.04,,
Malaysia,Western Pacific,2010,96.94601,93.25095,28208035.0,19934949.0,8177340.0,70.67,28.99,0.14,,
Malaysia,Western Pacific,2011,96.90334,93.25924,28650959.0,20505204.0,8129924.0,71.57,28.38,0.08,,
Malaysia,Western Pacific,2012,96.86199,93.26659,29068189.0,21083027.0,8087429.0,72.53,27.82,-0.01,,
Malaysia,Western Pacific,2013,96.82343,93.2757,29468923.0,21665249.0,8041475.0,73.52,27.29,0.05,,
Malaysia,Western Pacific,2014,96.78783,93.28694,29866603.0,22240775.0,7987242.0,74.47,26.74,0.27,,
Malaysia,Western Pacific,2015,96.75487,93.29981,30270962.0,22800563.0,7922592.0,75.32,26.17,0.26,,
Malaysia,Western Pacific,2016,96.72462,93.31452,30684654.0,23340549.0,7846716.0,76.07,25.57,0.14,0.41999,129.0
Malaysia,Western Pacific,2017,96.69594,93.32928,31104646.0,23859450.0,7764814.0,76.71,24.96,0.12,,
Maldives,South-East Asia,2000,92.49741,,279398.0,77683.0,202701.0,27.8,72.55,1.18,,
Maldives,South-East Asia,2001,93.02065,,286306.0,82833.0,204194.0,28.93,71.32,,,
Maldives,South-East Asia,2002,93.5321,,294186.0,88426.0,205915.0,30.06,69.99,1.08,,
Maldives,South-East Asia,2003,94.03106,,302683.0,94447.0,207762.0,31.2,68.64,1.03,,
Maldives,South-East Asia,2004,94.51709,,311265.0,100857.0,209566.0,32.4,67.33,0.5,,
Maldives,South-East Asia,2005,94.98944,,319608.0,107606.0,211230.0,33.67,66.09,0.81,,
Maldives,South-East Asia,2006,95.43826,,327487.0,113904.0,213467.0,34.78,65.18,0.76,,
Maldives,South-East Asia,2007,95.85316,,335169.0,118298.0,217772.0,35.3,64.97,0.08,,
Maldives,South-East Asia,2008,96.28121,,343452.0,122874.0,222180.0,35.78,64.69,-0.16,,
Maldives,South-East Asia,2009,96.70452,,353398.0,127694.0,226807.0,36.13,64.18,-0.23,,
Maldives,South-East Asia,2010,97.12308,,365734.0,132805.0,231706.0,36.31,63.35,-0.17,,
Maldives,South-East Asia,2011,97.53684,,380495.0,138232.0,236899.0,36.33,62.26,-0.24,,
Maldives,South-East Asia,2012,97.94578,,397237.0,143926.0,242277.0,36.23,60.99,-0.37,,
Maldives,South-East Asia,2013,98.34985,,415593.0,149760.0,247637.0,36.04,59.59,0.13,,
Maldives,South-East Asia,2014,98.749,,435015.0,155568.0,252679.0,35.76,58.09,0.68,,
Maldives,South-East Asia,2015,99.14322,,454915.0,161207.0,257196.00000000003,35.44,56.54,0.42,,
Maldives,South-East Asia,2016,99.23921,,475512.0,166627.0,261129.00000000003,35.04,54.92,0.42,0.30585,1.0
Maldives,South-East Asia,2017,99.2562,,496402.0,171827.0,264503.0,34.61,53.28,0.23,,
Mali,Africa,2000,48.74513,,10946445.0,3110018.0,7857672.0,28.41,71.78,0.24,,
Mali,Africa,2001,50.45309,,11271600.0,3283554.0,8009704.0,29.13,71.06,,,
Mali,Africa,2002,52.22511,,11616887.0,3469119.0,8169810.0,29.86,70.33,0.41,,
Mali,Africa,2003,53.99598,,11982695.0,3667260.0,8337868.0,30.6,69.58,0.26,,
Mali,Africa,2004,55.76588,,12369070.0,3878665.0,8513241.0,31.36,68.83,0.45,,
Mali,Africa,2005,57.53251,,12775516.0,4103334.0,8695429.0,32.12,68.06,0.18,,
Mali,Africa,2006,59.29706,,13203378.0,4342646.0,8884418.0,32.89,67.29,0.41,,
Mali,Africa,2007,61.05762,,13651464.0,4596646.0,9078960.0,33.67,66.51,0.23,,
Mali,Africa,2008,62.81464,,14113577.0,4863921.0,9274295.0,34.46,65.71,0.21,,
Mali,Africa,2009,64.56595,,14581429.0,5141495.0,9465102.0,35.26,64.91,-0.08,,
Mali,Africa,2010,66.30988,,15049353.0,5426927.0,9648158.0,36.06,64.11,-0.18,,
Mali,Africa,2011,68.04574,,15514590.0,5718983.0,9822006.0,36.86,63.31,-0.71,,
Mali,Africa,2012,69.7729,,15979496.0,6018387.0,9988283.0,37.66,62.51,-2.03,,
Mali,Africa,2013,71.49079,,16449854.0,6327199.0,10150619.0,38.46,61.71,-1.72,,
Mali,Africa,2014,73.1991,,16934214.0,6648719.0,10314127.0,39.26,60.91,-1.71,,
Mali,Africa,2015,74.89703,,17438778.0,6985593.0,10482312.0,40.06,60.11,-1.69,,
Mali,Africa,2016,76.58435,,17965443.0,7338892.0,10655945.0,40.85,59.31,-1.62,70.7214,12705.0
Mali,Africa,2017,78.26083,,18512430.0,7708268.0,10833712.0,41.64,58.52,-1.91,,
Malta,Europe,2000,100.0,100.0,393645.0,366394.0,30274.0,93.08,7.69,1.59,,
Malta,Europe,2001,100.0,100.0,396328.0,369779.0,29376.0,93.3,7.41,,,
Malta,Europe,2002,100.0,100.0,398718.0,372829.0,28474.0,93.51,7.14,1.6,,
Malta,Europe,2003,100.0,100.0,400859.0,375631.0,27580.0,93.71,6.88,1.55,,
Malta,Europe,2004,100.0,100.0,402817.0,378304.0,26703.0,93.91,6.63,1.32,,
Malta,Europe,2005,100.0,100.0,404653.0,380936.0,25851.0,94.14,6.39,1.38,,
Malta,Europe,2006,100.0,100.0,406328.0,383165.0,25398.0,94.3,6.25,1.23,,
Malta,Europe,2007,100.0,100.0,407852.0,385117.0,25207.0,94.43,6.18,1.27,,
Malta,Europe,2008,100.0,100.0,409491.0,387109.0,25019.0,94.53,6.11,1.27,,
Malta,Europe,2009,100.0,100.0,411552.0,389205.0,24840.0,94.57,6.04,1.25,,
Malta,Europe,2010,100.0,100.0,414253.0,391441.0,24669.0,94.49,5.96,1.25,,
Malta,Europe,2011,100.0,100.0,417714.0,393857.0,24510.0,94.29,5.87,1.06,,
Malta,Europe,2012,100.0,100.0,421809.0,396429.0,24360.0,93.98,5.78,1.07,,
Malta,Europe,2013,100.0,100.0,426151.0,399033.0,24213.0,93.64,5.68,1.04,,
Malta,Europe,2014,100.0,100.0,430197.0,401512.0,24058.0,93.33,5.59,1.13,,
Malta,Europe,2015,100.0,100.0,433559.0,403728.0,23888.0,93.12,5.51,1.06,,
Malta,Europe,2016,100.0,100.0,436097.0,405661.0,23701.0,93.02,5.43,1.08,0.03337,0.0
Malta,Europe,2017,100.0,100.0,437933.0,407337.0,23498.0,93.01,5.37,1.25,,
Marshall Islands,Western Pacific,2000,,,50753.0,35771.0,16388.0,70.48,32.29,,,
Marshall Islands,Western Pacific,2001,76.94551,,51422.0,36059.0,16123.999999999998,70.12,31.36,,,
Marshall Islands,Western Pacific,2002,76.77856,,52370.0,36311.0,15847.0,69.34,30.26,,,
Marshall Islands,Western Pacific,2003,76.61322,,53456.0,36549.0,15567.0,68.37,29.12,1.17,,
Marshall Islands,Western Pacific,2004,76.44949,,54476.0,36784.0,15290.0,67.52,28.07,1.13,,
Marshall Islands,Western Pacific,2005,76.28771,,55258.0,37031.0,15024.0,67.01,27.19,1.07,,
Marshall Islands,Western Pacific,2006,77.29887,,55767.0,37306.0,14772.0,66.9,26.49,1.04,,
Marshall Islands,Western Pacific,2007,78.24762,,56051.0,37604.0,14533.0,67.09,25.93,1.08,,
Marshall Islands,Western Pacific,2008,79.16193,,56174.0,37917.0,14301.0,67.5,25.46,1.01,,
Marshall Islands,Western Pacific,2009,80.1015,,56250.0,38242.0,14078.0,67.99,25.03,1.38,,
Marshall Islands,Western Pacific,2010,81.06553,,56366.0,38568.0,13857.0,68.42,24.58,1.15,,
Marshall Islands,Western Pacific,2011,82.05375,,56531.0,38901.0,13641.0,68.81,24.13,1.06,,
Marshall Islands,Western Pacific,2012,83.06684,,56717.0,39233.0,13430.0,69.17,23.68,1.03,,
Marshall Islands,Western Pacific,2013,84.10457,,56938.0,39566.0,13227.0,69.49,23.23,1.05,,
Marshall Islands,Western Pacific,2014,85.16592,,57179.0,39877.0,13021.0,69.74,22.77,0.99,,
Marshall Islands,Western Pacific,2015,86.25048,,57439.0,40175.0,12819.0,69.94,22.32,0.92,,
Marshall Islands,Western Pacific,2016,87.35748,,57735.0,40451.0,12615.0,70.06,21.85,0.21,,
Marshall Islands,Western Pacific,2017,88.48643,,58058.0,40714.0,12413.0,70.13,21.38,0.87,,
Mauritania,Africa,2000,40.99553,,2630219.0,1032034.0000000001,1677325.0,39.24,63.77,0.34,,
Mauritania,Africa,2001,42.01621,,2702400.0,1077677.0,1713052.0,39.88,63.39,,,
Mauritania,Africa,2002,43.708,,2778099.0,1134364.0,1738864.0,40.83,62.59,0.38,,
Mauritania,Africa,2003,45.41598,,2857148.0,1193234.0,1763883.0,41.76,61.74,0.06,,
Mauritania,Africa,2004,47.1399,,2939247.0,1254537.0,1788286.0,42.68,60.84,-0.17,,
Mauritania,Africa,2005,48.87827,,3024194.0,1318368.0,1812352.0,43.59,59.93,-0.23,,
Mauritania,Africa,2006,50.63122,,3111906.0,1384825.0,1835828.0,44.5,58.99,0.24,,
Mauritania,Africa,2007,52.39851,,3202517.0,1453941.0,1858724.0,45.4,58.04,-0.28,,
Mauritania,Africa,2008,54.18026,,3296238.0,1526159.0,1881382.0,46.3,57.08,-0.64,,
Mauritania,Africa,2009,55.97377,,3393409.0,1601880.0,1904408.0,47.21,56.12,-0.88,,
Mauritania,Africa,2010,57.78039,,3494195.0,1681621.0,1927922.0,48.13,55.17,-1.08,,
Mauritania,Africa,2011,59.59946,,3598648.0,1765624.0,1952048.0,49.06,54.24,-1.17,,
Mauritania,Africa,2012,61.43031,,3706555.0,1853842.0,1976397.0,50.02,53.32,-1.13,,
Mauritania,Africa,2013,63.27145,,3817494.0,1945704.0,2000466.0,50.97,52.4,-1.01,,
Mauritania,Africa,2014,65.11945,,3930896.0,2040207.0,2023713.0,51.9,51.48,-0.59,,
Mauritania,Africa,2015,66.9733,,4046301.0,2136699.0,2045642.0,52.81,50.56,-0.64,,
Mauritania,Africa,2016,68.83202,,4163533.0000000005,2234912.0,2066106.0000000002,53.68,49.62,-0.75,38.56949,1606.0
Mauritania,Africa,2017,70.69619,,4282570.0,2334906.0,2085277.9999999998,54.52,48.69,-0.63,,
Mauritius,Africa,2000,99.27978,,1185145.0,505705.0,679440.0,42.67,57.33,0.76,,
Mauritius,Africa,2001,99.32417,,1193917.0,508114.0,685803.0,42.56,57.44,,,
Mauritius,Africa,2002,99.3687,,1201812.0,510129.0,691683.0,42.45,57.55,1.12,,
Mauritius,Africa,2003,99.41334,,1208994.0,511826.0,697168.0,42.33,57.67,1.01,,
Mauritius,Africa,2004,99.45811,,1215677.0,513296.00000000006,702381.0,42.22,57.78,0.97,,
Mauritius,Africa,2005,99.50301,,1222003.0,514605.0,707398.0,42.11,57.89,1.03,,
Mauritius,Africa,2006,99.54803,,1228089.0,515802.0,712296.0,42.0,58.0,0.78,,
Mauritius,Africa,2007,99.59318,,1233889.0,516868.00000000006,717043.0,41.89,58.11,0.88,,
Mauritius,Africa,2008,99.63845,,1239262.0,517740.0,721553.0,41.78,58.22,0.89,,
Mauritius,Africa,2009,99.68385,,1243991.0,518333.99999999994,725690.0,41.67,58.34,0.71,,
Mauritius,Africa,2010,99.72937,,1247955.0,518583.99999999994,729371.0,41.55,58.45,0.64,,
Mauritius,Africa,2011,99.77502,,1251080.0,518469.00000000006,732554.0,41.44,58.55,0.95,,
Mauritius,Africa,2012,99.82079,,1253488.0,518048.0,735323.0,41.33,58.66,0.97,,
Mauritius,Africa,2013,99.86669,,1255452.0,517451.0,737839.0,41.22,58.77,0.94,,
Mauritius,Africa,2014,99.86658,,1257355.0,516852.0,740367.0,41.11,58.88,0.67,,
Mauritius,Africa,2015,99.86649,,1259456.0,516376.99999999994,743079.0,41.0,59.0,1.0,,
Mauritius,Africa,2016,99.86639,,1261865.0,516339.00000000006,745793.0,40.92,59.1,1.01,0.58845,7.0
Mauritius,Africa,2017,99.86633,,1264499.0,516698.0,748440.0,40.86,59.19,0.97,,
Mexico,Americas,2000,89.03966,38.90113,98899845.0,76007411.0,25712262.0,76.85,26.0,-0.2,,
Mexico,Americas,2001,89.76392,39.1558,100298153.0,77346472.0,25720596.0,77.12,25.64,,,
Mexico,Americas,2002,90.48326,39.40786,101684758.0,78647444.0,25708164.0,77.34,25.28,-0.06,,
Mexico,Americas,2003,91.19765,39.65736,103081020.0,79950936.0,25689517.0,77.56,24.92,-0.12,,
Mexico,Americas,2004,91.90723,39.90437,104514932.0,81313480.0,25682103.0,77.8,24.57,-0.21,,
Mexico,Americas,2005,92.61166,40.14882,106005203.0,82773323.0,25698905.0,78.08,24.24,-0.45,,
Mexico,Americas,2006,93.31108,40.39079,107560153.0,84348110.0,25744268.0,78.42,23.93,-0.64,,
Mexico,Americas,2007,94.0054,40.63027,109170502.0,86024318.0,25812028.0,78.8,23.64,-0.73,,
Mexico,Americas,2008,94.67805,40.8674,110815271.0,87771378.0,25890431.0,79.21,23.36,-0.8,,
Mexico,Americas,2009,95.22182,41.10212,112463887.0,89539202.0,25966026.0,79.62,23.09,-0.69,,
Mexico,Americas,2010,95.76019,41.3345,114092963.0,91292115.0,26026826.0,80.02,22.81,-0.73,,
Mexico,Americas,2011,96.29357,41.56474,115695473.0,93021907.0,26068110.0,80.4,22.53,-0.67,,
Mexico,Americas,2012,96.82172,41.79271,117274155.0,94735780.0,26092527.0,80.78,22.25,-0.66,,
Mexico,Americas,2013,97.34483,42.01851,118827161.0,96434989.0,26100980.0,81.16,21.97,-0.71,,
Mexico,Americas,2014,97.86288,42.24212,120355128.0,98125896.0,26095704.0,81.53,21.68,-0.85,,
Mexico,Americas,2015,98.37579,42.46352,121858258.0,99812701.0,26078248.0,81.91,21.4,-0.8,,
Mexico,Americas,2016,98.88368,42.68274,123333376.0,101492232.0,26048191.0,82.29,21.12,-0.63,1.05554,1302.0
Mexico,Americas,2017,99.31822,42.87031,124777324.0,103158751.0,26004525.0,82.67,20.84,-0.72,,
Micronesia (Federated States of),Western Pacific,2000,87.66875,,107402.0,23990.0,83442.0,22.34,77.69,,,
Micronesia (Federated States of),Western Pacific,2001,87.06194,,107173.0,23930.0,83235.0,22.33,77.66,,,
Micronesia (Federated States of),Western Pacific,2002,86.45512,,107030.0,23889.0,83094.0,22.32,77.64,,,
Micronesia (Federated States of),Western Pacific,2003,85.8483,,106901.0,23852.0,82964.0,22.31,77.61,0.63,,
Micronesia (Federated States of),Western Pacific,2004,85.24149,,106625.0,23799.0,82778.0,22.32,77.63,1.0,,
Micronesia (Federated States of),Western Pacific,2005,84.63467,,106129.0,23714.0,82482.0,22.34,77.72,1.13,,
Micronesia (Federated States of),Western Pacific,2006,84.02785,,105371.0,23593.0,82091.0,22.39,77.91,1.13,,
Micronesia (Federated States of),Western Pacific,2007,83.42103,,104444.0,23451.0,81627.0,22.45,78.15,1.15,,
Micronesia (Federated States of),Western Pacific,2008,82.81421,,103543.0,23310.0,81168.0,22.51,78.39,1.17,,
Micronesia (Federated States of),Western Pacific,2009,82.20739,,102975.0,23188.0,80772.0,22.52,78.44,1.29,,
Micronesia (Federated States of),Western Pacific,2010,81.60057,,102911.0,23105.0,80511.0,22.45,78.23,1.21,,
Micronesia (Federated States of),Western Pacific,2011,80.99375,,103450.0,23078.0,80390.0,22.31,77.71,1.1,,
Micronesia (Federated States of),Western Pacific,2012,80.38693,,104506.0,23106.0,80397.0,22.11,76.93,1.15,,
Micronesia (Federated States of),Western Pacific,2013,79.78011,,105926.0,23183.0,80519.0,21.89,76.01,1.1,,
Micronesia (Federated States of),Western Pacific,2014,79.17329,,107446.0,23299.0,80716.0,21.68,75.12,0.98,,
Micronesia (Federated States of),Western Pacific,2015,78.56648,,108895.0,23452.0,80981.0,21.54,74.37,1.04,,
Micronesia (Federated States of),Western Pacific,2016,78.56648,,110215.0,23638.0,81299.0,21.45,73.76,1.06,3.56993,4.0
Micronesia (Federated States of),Western Pacific,2017,78.56648,,111459.0,23861.0,81683.0,21.41,73.29,1.18,,
Monaco,Europe,2000,100.0,100.0,32147.0,32082.0,0.0,99.8,0.0,,,
Monaco,Europe,2001,100.0,100.0,32470.0,32360.0,0.0,99.66,0.0,,,
Monaco,Europe,2002,100.0,100.0,32806.0,32628.999999999996,0.0,99.46,0.0,,,
Monaco,Europe,2003,100.0,100.0,33153.0,32933.0,0.0,99.34,0.0,,,
Monaco,Europe,2004,100.0,100.0,33500.0,33314.0,0.0,99.44,0.0,,,
Monaco,Europe,2005,100.0,100.0,33843.0,33793.0,0.0,99.85,0.0,,,
Monaco,Europe,2006,100.0,100.0,34190.0,34408.0,0.0,100.64,0.0,,,
Monaco,Europe,2007,100.0,100.0,34525.0,35111.0,0.0,101.7,0.0,,,
Monaco,Europe,2008,100.0,100.0,34872.0,35853.0,0.0,102.81,0.0,,,
Monaco,Europe,2009,100.0,100.0,35226.0,36534.0,0.0,103.71,0.0,,,
Monaco,Europe,2010,100.0,100.0,35612.0,37094.0,0.0,104.16,0.0,,,
Monaco,Europe,2011,100.0,100.0,36024.0,37497.0,0.0,104.09,0.0,,,
Monaco,Europe,2012,100.0,100.0,36460.0,37783.0,0.0,103.63,0.0,,,
Monaco,Europe,2013,100.0,100.0,36901.0,37971.0,0.0,102.9,0.0,,,
Monaco,Europe,2014,100.0,100.0,37322.0,38132.0,0.0,102.17,0.0,,,
Monaco,Europe,2015,100.0,100.0,37718.0,38307.0,0.0,101.56,0.0,,,
Monaco,Europe,2016,100.0,100.0,38070.0,38499.0,0.0,101.13,0.0,,,
Monaco,Europe,2017,100.0,100.0,38392.0,38695.0,0.0,100.79,0.0,,,
Mongolia,Western Pacific,2000,61.81681,22.30304,2397418.0,1369725.0,1027711.0,57.13,42.87,0.82,,
Mongolia,Western Pacific,2001,63.36263,22.57371,2419588.0,1408838.0,1010938.0,58.23,41.78,,,
Mongolia,Western Pacific,2002,64.8989,22.83139,2443271.0,1449195.0,994464.0,59.31,40.7,1.17,,
Mongolia,Western Pacific,2003,66.42435,23.07528,2468762.0,1490901.0,978385.0,60.39,39.63,0.96,,
Mongolia,Western Pacific,2004,67.93781,23.30461,2496391.0,1534125.0,962707.0,61.45,38.56,0.77,,
Mongolia,Western Pacific,2005,69.43597,23.51735,2526424.0,1578882.0,947564.0,62.49,37.51,0.88,,
Mongolia,Western Pacific,2006,70.92046,23.71454,2558856.0,1625241.0,932771.0,63.51,36.45,0.65,,
Mongolia,Western Pacific,2007,72.3897,23.89521,2593820.0,1673283.0,918387.0,64.51,35.41,0.67,,
Mongolia,Western Pacific,2008,73.84321,24.05909,2631898.0,1723543.0,904588.0,65.49,34.37,0.54,,
Mongolia,Western Pacific,2009,75.27756,24.20415,2673796.0,1776558.0,891731.0,66.44,33.35,0.61,,
Mongolia,Western Pacific,2010,76.69541,24.33202,2719896.0,1832856.0,879794.0,67.39,32.35,0.6,,
Mongolia,Western Pacific,2011,77.82366,24.28315,2770361.0,1876802.0,884714.0,67.75,31.93,0.61,,
Mongolia,Western Pacific,2012,78.80202,24.14368,2824698.0,1914512.0,899714.0,67.78,31.85,0.47,,
Mongolia,Western Pacific,2013,79.78899,24.00721,2881791.0,1953762.0,915345.0,67.8,31.76,0.49,,
Mongolia,Western Pacific,2014,80.78407,23.87346,2940108.0,1993024.0,930872.0,67.79,31.66,0.79,,
Mongolia,Western Pacific,2015,81.7881,23.74289,2998439.0,2031123.0,945754.0,67.74,31.54,0.72,,
Mongolia,Western Pacific,2016,82.80058,23.61521,3056364.0,2067612.9999999998,959785.0,67.65,31.4,0.8,1.28871,39.0
Mongolia,Western Pacific,2017,83.31312,23.72208,3113786.0,2102610.0,973037.0,67.53,31.25,0.79,,
Montenegro,Europe,2000,,,,,,,,,,
Montenegro,Europe,2001,,,,,,,,,,
Montenegro,Europe,2002,,,,,,,,,,
Montenegro,Europe,2003,,,,,,,,,,
Montenegro,Europe,2004,,,,,,,,,,
Montenegro,Europe,2005,,,,,,,,,,
Montenegro,Europe,2006,95.77116,83.4659,617860.0,388015.0,229817.0,62.8,37.2,0.04,,
Montenegro,Europe,2007,95.82231,84.98574,619555.0,391136.0,228348.0,63.13,36.86,0.11,,
Montenegro,Europe,2008,95.87126,86.48738,621320.0,394307.0,226898.0,63.46,36.52,0.77,,
Montenegro,Europe,2009,95.91797,87.97002,622939.0,397429.0,225423.0,63.8,36.19,0.82,,
Montenegro,Europe,2010,95.96249,89.12033,624275.0,400419.0,223866.0,64.14,35.86,0.58,,
Montenegro,Europe,2011,95.97439,89.80383,625270.0,403247.0,222219.0,64.49,35.54,0.57,,
Montenegro,Europe,2012,96.02908,90.52998,625925.0,405924.0,220462.0,64.85,35.22,0.6,,
Montenegro,Europe,2013,96.00826,91.18702,626345.0,408471.0,218623.0,65.22,34.9,0.5,,
Montenegro,Europe,2014,96.30699,91.84336,626645.0,410944.0,216730.0,65.58,34.59,0.22,,
Montenegro,Europe,2015,97.06462,92.49895,626956.0,413376.0,214802.0,65.93,34.26,0.14,,
Montenegro,Europe,2016,97.05335,93.04792,627264.0,415772.0,212843.0,66.28,33.93,0.28,0.02545,0.0
Montenegro,Europe,2017,97.04205,93.59692,627563.0,418113.0,210847.0,66.62,33.6,-0.06,,
Morocco,Eastern Mediterranean,2000,62.2984,54.77501,28793679.0,15386939.0,13462682.0,53.44,46.76,-0.07,,
Morocco,Eastern Mediterranean,2001,63.51545,55.69656,29126330.0,15659623.0,13522209.0,53.76,46.43,,,
Morocco,Eastern Mediterranean,2002,64.96165,56.61134,29454768.0,15933618.0,13578750.0,54.1,46.1,-0.26,,
Morocco,Eastern Mediterranean,2003,66.41605,57.51805,29782884.0,16210236.0,13633701.0,54.43,45.78,-0.41,,
Morocco,Eastern Mediterranean,2004,67.8788,58.41733,30115214.0,16491111.0,13688174.0,54.76,45.45,-0.31,,
Morocco,Eastern Mediterranean,2005,69.45778,59.43399,30455561.0,16839654.0,13681416.0,55.29,44.92,-0.56,,
Morocco,Eastern Mediterranean,2006,71.05648,60.46397,30804683.0,17208410.0,13660936.0,55.86,44.35,-0.46,,
Morocco,Eastern Mediterranean,2007,72.65025,61.48038,31163673.0,17585327.0,13640554.0,56.43,43.77,-0.5,,
Morocco,Eastern Mediterranean,2008,74.23789,62.48266,31536811.0,17974247.0,13622608.0,56.99,43.2,-0.57,,
Morocco,Eastern Mediterranean,2009,75.81828,63.47033,31929087.0,18378993.0,13610904.0,57.56,42.63,-0.4,,
Morocco,Eastern Mediterranean,2010,77.39205,64.44515,32343389.0,18803302.0,13606337.0,58.14,42.07,-0.38,,
Morocco,Eastern Mediterranean,2011,78.95724,65.40549,32781853.000000004,19248915.0,13609908.0,58.72,41.52,-0.39,,
Morocco,Eastern Mediterranean,2012,80.51361,66.35199,33241900.0,19714347.0,13619442.0,59.31,40.97,-0.47,,
Morocco,Eastern Mediterranean,2013,82.06017,67.28419,33715703.0,20193352.0,13631417.0,59.89,40.43,-0.49,,
Morocco,Eastern Mediterranean,2014,83.59669,68.20269,34192357.0,20678644.0,13639438.0,60.48,39.89,-0.45,,
Morocco,Eastern Mediterranean,2015,85.12221,69.10708,34663603.0,21163594.0,13639728.0,61.05,39.35,-0.34,,
Morocco,Eastern Mediterranean,2016,86.63644,69.99794,35126283.0,21645998.0,13630788.0,61.62,38.81,-0.31,1.90323,669.0
Morocco,Eastern Mediterranean,2017,86.77851,70.26644,35581255.0,22125702.0,13613878.0,62.18,38.26,-0.37,,
Mozambique,Africa,2000,19.89657,,17711927.0,5257395.0,12810292.0,29.68,72.33,-0.13,,
Mozambique,Africa,2001,21.40296,,18221888.0,5442245.0,13146513.0,29.87,72.15,,,
Mozambique,Africa,2002,23.39232,,18764155.0,5637914.0,13501744.0,30.05,71.95,0.19,,
Mozambique,Africa,2003,25.39025,,19331100.0,5843407.0,13873191.0,30.23,71.77,0.25,,
Mozambique,Africa,2004,27.39721,,19910552.0,6056875.0,14255830.0,30.42,71.6,0.0,,
Mozambique,Africa,2005,29.41262,,20493925.0,6276808.0,14646262.0,30.63,71.47,0.12,,
Mozambique,Africa,2006,31.43742,,21080110.0,6503378.0,15044085.0,30.85,71.37,0.52,,
Mozambique,Africa,2007,33.47004,,21673316.0,6737381.0,15451006.0,31.09,71.29,0.36,,
Mozambique,Africa,2008,35.65163,,22276596.0,7044072.0,15802686.0,31.62,70.94,0.38,,
Mozambique,Africa,2009,37.85226,,22894710.0,7369706.0,16154357.0,32.19,70.56,0.63,,
Mozambique,Africa,2010,40.06075,,23531574.0,7709657.0,16511748.0,32.76,70.17,0.39,,
Mozambique,Africa,2011,42.2759,,24187494.0,8064212.0,16874793.0,33.34,69.77,0.33,,
Mozambique,Africa,2012,44.49751,,24862664.0,8433845.0,17242761.0,33.92,69.35,0.39,,
Mozambique,Africa,2013,46.72533,,25560755.0,8818444.0,17615928.0,34.5,68.92,-0.23,,
Mozambique,Africa,2014,48.95916,,26286191.0,9218957.0,17993425.0,35.07,68.45,-0.34,,
Mozambique,Africa,2015,51.19878,,27042002.0,9635602.0,18375089.0,35.63,67.95,-0.51,,
Mozambique,Africa,2016,53.44394,,27829938.0,10069035.0,18760441.0,36.18,67.41,-1.09,27.62905,7689.0
Mozambique,Africa,2017,55.69398,,28649018.0,10519046.0,19149788.0,36.72,66.84,-0.93,,
Myanmar,South-East Asia,2000,46.26788,,46719701.0,12457527.0,33637935.0,26.66,72.0,-1.67,,
Myanmar,South-East Asia,2001,48.30663,,47225120.0,12686440.0,33941554.0,26.86,71.87,,,
Myanmar,South-East Asia,2002,50.38422,,47702171.0,12912214.0,34228006.0,27.07,71.75,-1.41,,
Myanmar,South-East Asia,2003,52.50074,,48148902.0,13132634.0,34492260.0,27.28,71.64,-1.15,,
Myanmar,South-East Asia,2004,54.65594,,48564484.0,13345374.0,34728333.0,27.48,71.51,-0.99,,
Myanmar,South-East Asia,2005,56.84962,,48949924.0,13548744.0,34933870.0,27.68,71.37,-0.9,,
Myanmar,South-East Asia,2006,59.08124,,49301050.0,13741453.0,35105021.0,27.87,71.21,-0.85,,
Myanmar,South-East Asia,2007,61.35087,,49621475.0,13924916.0,35246670.0,28.06,71.03,-1.06,,
Myanmar,South-East Asia,2008,63.65826,,49929642.0,14105265.0,35374487.0,28.25,70.85,-1.09,,
Myanmar,South-East Asia,2009,66.00294,,50250367.0,14290552.0,35510138.0,28.44,70.67,-1.29,,
Myanmar,South-East Asia,2010,68.38513,,50600818.0,14487449.0,35668447.0,28.63,70.49,-1.29,,
Myanmar,South-East Asia,2011,70.80415,,50990617.0,14698256.0,35854775.0,28.83,70.32,-1.11,,
Myanmar,South-East Asia,2012,73.25996,,51413704.0,14921720.0,36064794.0,29.02,70.15,-0.94,,
Myanmar,South-East Asia,2013,75.75214,,51852468.0,15155252.0,36292944.0,29.23,69.99,-1.14,,
Myanmar,South-East Asia,2014,78.28081,,52280824.0,15395307.0,36528875.0,29.45,69.87,-1.09,,
Myanmar,South-East Asia,2015,79.91476,,52680726.0,15646537.0,36757132.0,29.7,69.77,-1.17,,
Myanmar,South-East Asia,2016,80.84426,,53045201.0,15908841.0,36976382.0,29.99,69.71,-0.8,12.61942,6694.0
Myanmar,South-East Asia,2017,81.77405,,53382523.0,16183083.0,37187526.0,30.32,69.66,-1.08,,
Namibia,Africa,2000,76.66938,,1794571.0,614845.0,1284412.0,34.26,71.57,-0.25,,
Namibia,Africa,2001,76.91348,,1823672.0,636106.0,1297490.0,34.88,71.15,,,
Namibia,Africa,2002,77.26118,,1851523.0,662540.0,1299607.0,35.78,70.19,0.15,,
Namibia,Africa,2003,77.62745,,1879117.0,689513.0,1297022.0,36.69,69.02,0.48,,
Namibia,Africa,2004,77.9931,,1907745.0,716613.0,1292615.0,37.56,67.76,0.66,,
Namibia,Africa,2005,78.35654,,1938320.0,744428.0,1287768.0,38.41,66.44,0.63,,
Namibia,Africa,2006,78.71858,,1971317.0,773153.0,1282581.0,39.22,65.06,0.78,,
Namibia,Africa,2007,79.07854,,2006514.0,802798.0,1277117.0,40.01,63.65,1.02,,
Namibia,Africa,2008,79.43665,,2043394.0,834052.0,1272323.0,40.82,62.27,1.2,,
Namibia,Africa,2009,79.79105,,2081043.9999999998,867670.0,1269370.0,41.69,61.0,0.93,,
Namibia,Africa,2010,80.14346,,2118874.0,904380.0,1268790.0,42.68,59.88,0.85,,
Namibia,Africa,2011,80.49236,,2156698.0,944676.0,1270945.0,43.8,58.93,0.91,,
Namibia,Africa,2012,80.84596,,2194783.0,989177.0,1274757.0,45.07,58.08,0.98,,
Namibia,Africa,2013,81.1961,,2233508.0,1036790.9999999999,1279729.0,46.42,57.3,0.96,,
Namibia,Africa,2014,81.54272,,2273423.0,1086537.0,1284455.0,47.79,56.5,0.61,,
Namibia,Africa,2015,81.88493,,2314904.0,1137588.0,1287973.0,49.14,55.64,0.73,,
Namibia,Africa,2016,82.21806,,2358044.0,1189295.0,1290418.0,50.44,54.72,0.71,18.31716,432.0
Namibia,Africa,2017,82.5411,,2402633.0,1241686.0,1292108.0,51.68,53.78,0.63,,
Nauru,Western Pacific,2000,95.76962,,10337.0,10037.0,0.0,97.1,0.0,,,
Nauru,Western Pacific,2001,96.01731,,10215.0,10052.0,0.0,98.4,0.0,,,
Nauru,Western Pacific,2002,96.265,,10102.0,10080.0,0.0,99.78,0.0,,,
Nauru,Western Pacific,2003,96.51269,,9994.0,10106.0,0.0,101.12,0.0,1.17,,
Nauru,Western Pacific,2004,96.76038,,9902.0,10126.0,0.0,102.26,0.0,1.13,,
Nauru,Western Pacific,2005,97.00806,,9849.0,10114.0,0.0,102.69,0.0,1.07,,
Nauru,Western Pacific,2006,97.25574,,9828.0,10071.0,0.0,102.47,0.0,1.04,,
Nauru,Western Pacific,2007,97.50343,,9842.0,10002.0,0.0,101.63,0.0,1.08,,
Nauru,Western Pacific,2008,97.75112,,9891.0,9947.0,0.0,100.57,0.0,1.01,,
Nauru,Western Pacific,2009,97.99881,,9939.0,9945.0,0.0,100.06,0.0,1.38,,
Nauru,Western Pacific,2010,98.2465,,10005.0,10025.0,0.0,100.2,0.0,1.45,,
Nauru,Western Pacific,2011,98.49419,,10070.0,10208.0,0.0,101.37,0.0,1.06,,
Nauru,Western Pacific,2012,98.74187,,10140.0,10478.0,0.0,103.33,0.0,1.03,,
Nauru,Western Pacific,2013,98.98956,,10209.0,10790.0,0.0,105.69,0.0,1.05,,
Nauru,Western Pacific,2014,99.23724,,10289.0,11070.0,0.0,107.59,0.0,0.6,,
Nauru,Western Pacific,2015,99.48493,,10383.0,11260.0,0.0,108.45,0.0,0.54,,
Nauru,Western Pacific,2016,99.48493,,10475.0,11347.0,0.0,108.32,0.0,0.58,,
Nauru,Western Pacific,2017,99.48493,,10573.0,11359.0,0.0,107.43,0.0,0.52,,
Nepal,South-East Asia,2000,79.98707,23.9283,23941110.0,3180501.0,20560410.0,13.28,85.88,-1.17,,
Nepal,South-East Asia,2001,80.58893,24.16208,24347106.0,3369880.0,20791897.0,13.84,85.4,,,
Nepal,South-East Asia,2002,81.14635,24.36175,24725627.0,3498199.0,21068143.0,14.15,85.21,-1.72,,
Nepal,South-East Asia,2003,81.69852,24.56056,25080872.0,3627212.0,21323411.0,14.46,85.02,-1.89,,
Nepal,South-East Asia,2004,82.24532,24.7585,25419344.0,3756147.0,21553302.0,14.78,84.79,-2.15,,
Nepal,South-East Asia,2005,82.78663,24.95553,25744500.0,3884136.0,21756151.0,15.09,84.51,-2.1,,
Nepal,South-East Asia,2006,83.32235,25.15159,26066693.0,4010912.0,21929706.0,15.39,84.13,-1.89,,
Nepal,South-East Asia,2007,83.85242,25.34678,26382581.0,4136836.0000000005,22078011.0,15.68,83.68,-1.88,,
Nepal,South-East Asia,2008,84.37664,25.54093,26666576.0,4263906.0,22211953.0,15.99,83.3,-1.83,,
Nepal,South-East Asia,2009,84.89488,25.73401,26883535.0,4394555.0,22346548.0,16.35,83.12,-1.62,,
Nepal,South-East Asia,2010,85.40704,25.92598,27013212.0,4531339.0,22491798.0,16.77,83.26,-1.58,,
Nepal,South-East Asia,2011,85.91303,26.11691,27041220.0,4675252.0,22651895.0,17.29,83.77,-1.42,,
Nepal,South-East Asia,2012,86.41293,26.30714,26989163.0,4827029.0,22822896.0,17.89,84.56,-1.38,,
Nepal,South-East Asia,2013,86.90636,26.49631,26916793.0,4985633.0,22999677.0,18.52,85.45,-1.13,,
Nepal,South-East Asia,2014,87.39326,26.68465,26905978.0,5149630.0,23173611.0,19.14,86.13,-0.72,,
Nepal,South-East Asia,2015,87.87333,26.87191,27015031.0,5317799.0,23338483.0,19.68,86.39,-1.0,,
Nepal,South-East Asia,2016,88.34641,27.0582,27263433.0,5489899.0,23492872.0,20.14,86.17,-0.85,19.82954,5406.0
Nepal,South-East Asia,2017,88.81225,27.24335,27632681.0,5666428.0,23638570.0,20.51,85.55,-0.69,,
Netherlands,Europe,2000,100.0,100.0,15926188.0,12230482.0,3695706.0,76.79,23.21,1.76,,
Netherlands,Europe,2001,100.0,100.0,16018114.0,12466961.0,3551153.0,77.83,22.17,,,
Netherlands,Europe,2002,100.0,99.99737,16110355.0,12745431.0,3364924.0,79.11,20.89,1.31,,
Netherlands,Europe,2003,100.0,99.99406,16200951.0,13015956.0,3184995.0,80.34,19.66,1.16,,
Netherlands,Europe,2004,100.0,99.99075,16287182.0,13276399.0,3010783.0,81.51,18.49,1.02,,
Netherlands,Europe,2005,100.0,99.98743,16367158.0,13524212.0,2842946.0,82.63,17.37,0.99,,
Netherlands,Europe,2006,100.0,99.98412,16440097.000000002,13749928.0,2690294.0,83.64,16.36,0.9,,
Netherlands,Europe,2007,100.0,99.9808,16506654.999999998,13954888.0,2552168.0,84.54,15.46,0.78,,
Netherlands,Europe,2008,100.0,99.9775,16568104.0,14150027.0,2418707.0,85.41,14.6,0.87,,
Netherlands,Europe,2009,100.0,99.97419,16626373.0,14347010.0,2279916.0,86.29,13.71,0.94,,
Netherlands,Europe,2010,100.0,99.97088,16682917.000000002,14536474.0,2146443.0,87.13,12.87,0.94,,
Netherlands,Europe,2011,100.0,99.96757,16738193.0,14708346.0,2028656.0,87.87,12.12,1.11,,
Netherlands,Europe,2012,100.0,99.96426,16791840.0,14873119.0,1915976.0,88.57,11.41,1.19,,
Netherlands,Europe,2013,100.0,99.96095,16843502.0,15018882.0,1820817.0,89.17,10.81,1.14,,
Netherlands,Europe,2014,100.0,99.95763,16892523.0,15148126.0,1741230.0,89.67,10.31,1.05,,
Netherlands,Europe,2015,100.0,99.95432,16938499.0,15273879.0,1664620.0,90.17,9.83,0.93,,
Netherlands,Europe,2016,100.0,99.95101,16981295.0,15396498.0,1590832.0,90.67,9.37,0.91,0.24093,41.0
Netherlands,Europe,2017,100.0,99.95101,17021347.0,15515819.0,1520119.0,91.16,8.93,0.92,,
New Zealand,Western Pacific,2000,100.0,78.11697,3858999.0,3319552.0,539447.0,86.02,13.98,1.36,,
New Zealand,Western Pacific,2001,100.0,78.11697,3907933.0,3364737.0,543196.0,86.1,13.9,,,
New Zealand,Western Pacific,2002,100.0,78.11697,3963206.0,3414722.0,548484.0,86.16,13.84,1.32,,
New Zealand,Western Pacific,2003,100.0,78.11697,4022069.0,3467861.0,554208.0,86.22,13.78,1.19,,
New Zealand,Western Pacific,2004,100.0,78.11697,4080438.0,3520639.0,559799.0,86.28,13.72,1.5,,
New Zealand,Western Pacific,2005,100.0,78.11697,4135354.9999999995,3570490.0,564865.0,86.34,13.66,1.25,,
New Zealand,Western Pacific,2006,100.0,80.22667,4185888.0,3616625.0,569292.0,86.4,13.6,1.26,,
New Zealand,Western Pacific,2007,100.0,82.33636,4233046.0,3654914.0,578237.0,86.34,13.66,1.24,,
New Zealand,Western Pacific,2008,100.0,84.44606,4278155.0,3691356.0,586969.0,86.28,13.72,1.16,,
New Zealand,Western Pacific,2009,100.0,86.55576,4323337.0,3727728.0,595754.0,86.22,13.78,1.07,,
New Zealand,Western Pacific,2010,100.0,88.66545,4370062.0,3765257.0,604805.0,86.16,13.84,1.24,,
New Zealand,Western Pacific,2011,100.0,90.77515,4418678.0,3804220.0,614145.0,86.09,13.9,1.38,,
New Zealand,Western Pacific,2012,100.0,92.88485,4468457.0,3849437.0,618306.0,86.15,13.84,1.36,,
New Zealand,Western Pacific,2013,100.0,94.99454,4518515.0,3895048.0,622479.0,86.2,13.78,1.45,,
New Zealand,Western Pacific,2014,100.0,97.10424,4567527.0,3940184.0,626516.0,86.27,13.72,1.47,,
New Zealand,Western Pacific,2015,100.0,99.21394,4614532.0,3984212.0,630320.0,86.34,13.66,1.53,,
New Zealand,Western Pacific,2016,100.0,100.0,4659265.0,4026967.0,633866.0,86.43,13.6,1.52,0.14577,7.0
New Zealand,Western Pacific,2017,100.0,100.0,4702034.0,4068924.0,636894.0,86.54,13.55,1.59,,
Nicaragua,Americas,2000,81.21711,48.25971,5069302.0,2774059.0,2252737.0,54.72,44.44,-0.06,,
Nicaragua,Americas,2001,81.21328,49.11199,5145366.0,2822479.0,2278271.0,54.85,44.28,,,
Nicaragua,Americas,2002,81.2105,49.95633,5219328.0,2869477.0,2302257.0,54.98,44.11,-0.09,,
Nicaragua,Americas,2003,81.20909,50.35791,5292118.0,2915658.0,2325221.0,55.09,43.94,-0.37,,
Nicaragua,Americas,2004,81.20904,50.42992,5364935.0,2961873.0,2347830.0,55.21,43.76,-0.34,,
Nicaragua,Americas,2005,81.21172,50.50377,5438690.0,3008904.0,2370424.0,55.32,43.58,-0.34,,
Nicaragua,Americas,2006,81.23103,50.59413,5513763.0,3059288.0,2390923.0,55.48,43.36,-0.27,,
Nicaragua,Americas,2007,81.25169,50.68464,5590055.0,3110511.0,2411595.0,55.64,43.14,-0.12,,
Nicaragua,Americas,2008,81.27441,50.77602,5667432.0,3162305.0,2432201.0,55.8,42.92,-0.22,,
Nicaragua,Americas,2009,81.2985,50.86754,5745526.0,3214159.0,2452422.0,55.94,42.68,-0.31,,
Nicaragua,Americas,2010,81.32428,50.95957,5824065.0,3265767.0,2471956.0,56.07,42.44,-0.5,,
Nicaragua,Americas,2011,81.35176,51.0521,5903039.0,3317045.0,2490775.0,56.19,42.19,-0.27,,
Nicaragua,Americas,2012,81.38094,51.14515,5982526.0,3368137.0,2508971.0,56.3,41.94,-0.35,,
Nicaragua,Americas,2013,81.4118,51.2387,6062457.0,3419082.0,2526665.0,56.4,41.68,-0.25,,
Nicaragua,Americas,2014,81.44398,51.33239,6142731.0,3470072.0,2543925.0,56.49,41.41,-0.04,,
Nicaragua,Americas,2015,81.47354,51.42658,6223240.0,3521191.0,2560844.0,56.58,41.15,-0.09,,
Nicaragua,Americas,2016,81.50474,51.52127,6303974.0,3572493.0,2577435.0,56.67,40.89,-0.09,2.24431,141.0
Nicaragua,Americas,2017,81.52477,51.60051,6384846.0,3624780.0,2592801.0,56.77,40.61,-0.05,,
Niger,Africa,2000,35.66065,,11331557.0,1837604.0,9515369.0,16.22,83.97,0.12,,
Niger,Africa,2001,36.67326,,11751365.0,1914065.0,9857911.0,16.29,83.89,,,
Niger,Africa,2002,37.61779,,12189983.0,1984107.0,10221895.0,16.28,83.85,-0.13,,
Niger,Africa,2003,38.54979,,12647984.0,2056848.0,10600022.0,16.26,83.81,0.04,,
Niger,Africa,2004,39.46859,,13125916.0,2132681.0,10994331.0,16.25,83.76,-0.51,,
Niger,Africa,2005,40.37357,,13624467.0,2211934.0,11406515.0,16.24,83.72,-0.49,,
Niger,Africa,2006,41.26596,,14143971.0,2294745.0,11837319.0,16.22,83.69,-0.23,,
Niger,Africa,2007,42.14513,,14685399.0,2381190.0,12287148.0,16.21,83.67,-0.46,,
Niger,Africa,2008,43.01053,,15250908.0,2471468.0,12757057.0,16.21,83.65,-0.67,,
Niger,Africa,2009,43.86329,,15843133.0,2565789.0,13248124.0,16.19,83.62,-1.15,,
Niger,Africa,2010,44.70282,,16464025.000000002,2664321.0,13761257.0,16.18,83.58,-1.16,,
Niger,Africa,2011,45.52863,,17114766.0,2767242.0,14297394.0,16.17,83.54,-0.88,,
Niger,Africa,2012,46.34174,,17795210.0,2874637.0,14856997.0,16.15,83.49,-1.15,,
Niger,Africa,2013,47.14161,,18504281.0,2986472.0,15439900.0,16.14,83.44,-1.32,,
Niger,Africa,2014,47.93507,,19240179.0,3105679.0,16042540.0,16.14,83.38,-1.18,,
Niger,Africa,2015,48.72227,,20001663.0,3232583.0,16664382.000000002,16.16,83.31,-1.07,,
Niger,Africa,2016,49.50156,,20788798.0,3367638.0,17305349.0,16.2,83.24,-1.1,70.81496,14722.0
Niger,Africa,2017,50.27306,,21602382.0,3511445.0,17965903.0,16.25,83.17,-1.27,,
Nigeria,Africa,2000,48.151,15.38151,122283850.0,42627440.0,79724569.0,34.86,65.2,-1.46,,
Nigeria,Africa,2001,49.29532,15.74734,125394046.0,44751942.0,80711492.0,35.69,64.37,,,
Nigeria,Africa,2002,50.68635,16.06464,128596076.0,46974239.0,81692471.0,36.53,63.53,-1.63,,
Nigeria,Africa,2003,52.0779,16.37639,131900631.0,49299520.0,82673013.0,37.38,62.68,-1.63,,
Nigeria,Africa,2004,53.46956,16.68252,135320422.0,51737070.0,83656546.0,38.23,61.82,-1.75,,
Nigeria,Africa,2005,54.86056,16.98287,138865016.0,54288918.0,84650560.0,39.09,60.96,-1.67,,
Nigeria,Africa,2006,56.25124,17.27763,142538308.0,56964781.0,85649313.0,39.96,60.09,-2.03,,
Nigeria,Africa,2007,57.64157,17.56686,146339977.0,59766266.0,86650758.0,40.84,59.21,-2.01,,
Nigeria,Africa,2008,59.03151,17.85065,150269623.0,62698163.0,87649227.0,41.72,58.33,-1.86,,
Nigeria,Africa,2009,60.41964,18.12864,154324933.0,65756940.0,88645241.0,42.61,57.44,-2.0,,
Nigeria,Africa,2010,61.80702,18.40124,158503197.0,68949828.0,89628433.0,43.5,56.55,-2.21,,
Nigeria,Africa,2011,63.18955,18.66735,162805077.0,72262333.0,90614743.0,44.39,55.66,-1.96,,
Nigeria,Africa,2012,64.56734,18.92711,167228794.0,75695011.0,91602273.0,45.26,54.78,-2.04,,
Nigeria,Africa,2013,65.9398,19.18048,171765816.0,79244420.0,92584883.0,46.14,53.9,-2.09,,
Nigeria,Africa,2014,67.30708,19.42761,176404934.0,82905203.0,93555299.0,47.0,53.03,-2.13,,
Nigeria,Africa,2015,68.66927,19.66867,181137448.0,86673094.0,94508650.0,47.85,52.18,-1.93,,
Nigeria,Africa,2016,70.02553,19.90354,185960241.0,90546177.0,95443463.0,48.69,51.32,-1.88,68.62818,127621.0
Nigeria,Africa,2017,71.37663,20.13256,190873244.0,94525016.0,96361295.0,49.52,50.48,-2.0,,
Niue,Western Pacific,2000,99.22893,98.23664,1899.0,628.0,1271.0,33.07,66.93,,,
Niue,Western Pacific,2001,99.22893,98.23664,1854.0,620.0,1234.0,33.44,66.56,,,
Niue,Western Pacific,2002,99.22893,98.23664,1791.0,606.0,1183.0,33.84,66.05,,,
Niue,Western Pacific,2003,99.22893,98.23664,1755.0,602.0,1153.0,34.3,65.7,,,
Niue,Western Pacific,2004,99.22893,98.23664,1715.0,596.0,1119.0,34.75,65.25,,,
Niue,Western Pacific,2005,99.11446,98.12332,1683.0,593.0,1090.0,35.23,64.77,,,
Niue,Western Pacific,2006,99.0,98.01,1661.0,593.0,1069.0,35.7,64.36,,,
Niue,Western Pacific,2007,98.88554,97.89668,1643.0,600.0,1051.0,36.52,63.97,,,
Niue,Western Pacific,2008,98.77107,97.78336,1635.0,609.0,1030.0,37.25,63.0,,,
Niue,Western Pacific,2009,98.6566,97.67004,1628.0,620.0,1016.0,38.08,62.41,1.14,,
Niue,Western Pacific,2010,98.54214,97.55672,1618.0,630.0,1000.0,38.94,61.8,1.32,,
Niue,Western Pacific,2011,98.42767,97.4434,1620.0,643.0,987.0,39.69,60.93,,,
Niue,Western Pacific,2012,98.31321,97.33008,1610.0,653.0,970.0,40.56,60.25,,,
Niue,Western Pacific,2013,98.19875,97.21675,1612.0,666.0,957.0,41.32,59.37,,,
Niue,Western Pacific,2014,98.19875,97.21675,1609.0,676.0,940.0,42.01,58.42,,,
Niue,Western Pacific,2015,98.19875,97.21675,1619.0,693.0,936.0,42.8,57.81,,,
Niue,Western Pacific,2016,98.19875,97.21675,1614.0,703.0,921.0,43.56,57.06,,,
Niue,Western Pacific,2017,98.19875,97.21675,1609.0,713.0,905.0,44.31,56.25,,,
Norway,Europe,2000,100.0,100.0,4499367.0,3420409.0,1078958.0,76.02,23.98,1.53,,
Norway,Europe,2001,100.0,100.0,4523145.0,3454689.0,1068456.0,76.38,23.62,,,
Norway,Europe,2002,100.0,100.0,4546019.0,3488299.0,1057720.0,76.73,23.27,1.61,,
Norway,Europe,2003,100.0,100.0,4570106.0,3522836.0,1047270.0,77.08,22.92,1.21,,
Norway,Europe,2004,100.0,100.0,4598214.0,3558958.0,1039256.0000000001,77.4,22.6,1.2,,
Norway,Europe,2005,100.0,100.0,4632364.0,3598210.0,1034154.0,77.68,22.32,1.3,,
Norway,Europe,2006,100.0,100.0,4672994.0,3642666.0,1030404.0,77.95,22.05,1.25,,
Norway,Europe,2007,100.0,99.95199,4719402.0,3692354.0,1027294.0000000001,78.24,21.77,1.15,,
Norway,Europe,2008,100.0,99.77321,4771019.0,3746810.0,1024598.9999999999,78.53,21.48,1.29,,
Norway,Europe,2009,100.0,99.59443,4826848.0,3804552.0,1022628.0,78.82,21.19,1.28,,
Norway,Europe,2010,100.0,99.41565,4885878.0,3864811.0,1021067.0,79.1,20.9,1.33,,
Norway,Europe,2011,100.0,99.23687,4948330.0,3931111.0,1016484.0,79.44,20.54,1.34,,
Norway,Europe,2012,100.0,99.05809,5013709.0,4003301.0,1008706.0,79.85,20.12,1.33,,
Norway,Europe,2013,100.0,98.87931,5079455.0,4076195.0,1000906.0,80.25,19.7,1.35,,
Norway,Europe,2014,100.0,98.70053,5142265.0,4147805.0000000005,992506.0,80.66,19.3,1.12,,
Norway,Europe,2015,100.0,98.52175,5199836.0,4216608.0,983228.0,81.09,18.91,1.16,,
Norway,Europe,2016,100.0,98.34296,5250949.0,4281776.0,972918.0,81.54,18.53,1.2,0.21161,11.0
Norway,Europe,2017,100.00001,98.34297,5296326.0,4343569.0,961814.0,82.01,18.16,1.17,,
Oman,Eastern Mediterranean,2000,,,2267973.0,1623172.0,644819.0,71.57,28.43,1.12,,
Oman,Eastern Mediterranean,2001,76.3392,74.8314,2294962.0,1641891.0,652896.0,71.54,28.45,,,
Oman,Eastern Mediterranean,2002,76.33356,74.82558,2334858.0,1669685.0,664600.0,71.51,28.46,0.93,,
Oman,Eastern Mediterranean,2003,76.32793,74.81976,2386166.0,1705666.0,679589.0,71.48,28.48,1.06,,
Oman,Eastern Mediterranean,2004,76.41753,74.91228,2445517.0,1755981.0,688770.0,71.8,28.16,1.12,,
Oman,Eastern Mediterranean,2005,76.57899,75.07899,2511251.0,1818164.0,693105.0,72.4,27.6,0.95,,
Oman,Eastern Mediterranean,2006,78.13136,76.60155,2580758.0,1884740.0,698251.0,73.03,27.06,0.84,,
Oman,Eastern Mediterranean,2007,79.66862,78.10972,2657158.0,1957851.0,704911.0,73.68,26.53,0.94,,
Oman,Eastern Mediterranean,2008,81.19102,79.60374,2750963.0,2043880.0,715134.0,74.3,26.0,0.92,,
Oman,Eastern Mediterranean,2009,82.69832,81.08335,2876186.0,2151368.0,731574.0,74.8,25.44,0.83,,
Oman,Eastern Mediterranean,2010,84.19131,82.54932,3041434.0,2285997.0,755463.0,75.16,24.84,0.59,,
Oman,Eastern Mediterranean,2011,85.77425,84.1125,3251108.0,2466263.0,771005.0,75.86,23.72,0.43,,
Oman,Eastern Mediterranean,2012,87.4049,85.7299,3498029.0,2687304.0,777340.0,76.82,22.22,0.46,,
Oman,Eastern Mediterranean,2013,88.99132,87.30409,3764806.0,2927707.0,783774.0,77.77,20.82,0.46,,
Oman,Eastern Mediterranean,2014,90.53712,88.83868,4027260.0,3174495.0,786430.0,78.83,19.53,0.73,,
Oman,Eastern Mediterranean,2015,91.5668,89.8684,4267348.0,3416565.0,783245.0,80.06,18.35,0.78,,
Oman,Eastern Mediterranean,2016,91.75999,90.07999,4479219.0,3650429.0,774333.0,81.5,17.29,0.76,0.04553,2.0
Oman,Eastern Mediterranean,2017,91.93808,90.27504,4665928.0,3874042.0,762220.0,83.03,16.34,0.75,,
Pakistan,Eastern Mediterranean,2000,85.99668,37.86203,142343578.0,45687389.0,92835896.0,32.1,65.22,-1.1,,
Pakistan,Eastern Mediterranean,2001,86.05538,37.90138,145978402.0,46983935.0,94617502.0,32.19,64.82,,,
Pakistan,Eastern Mediterranean,2002,86.40558,37.94041,149549700.0,48285484.0,96368659.0,32.29,64.44,-1.64,,
Pakistan,Eastern Mediterranean,2003,86.7542,37.97872,153093373.0,49598941.0,98104460.0,32.4,64.08,-1.55,,
Pakistan,Eastern Mediterranean,2004,87.10136,38.0165,156664697.0,50935250.0,99845050.0,32.51,63.73,-1.58,,
Pakistan,Eastern Mediterranean,2005,87.4469,37.82212,160304008.0,52301807.0,101607860.0,32.63,63.38,-1.75,,
Pakistan,Eastern Mediterranean,2006,87.79094,37.62554,164022627.0,53701081.0,103392912.0,32.74,63.04,-2.03,,
Pakistan,Eastern Mediterranean,2007,88.13342,37.42676,167808105.0,55132929.0,105200045.0,32.85,62.69,-2.43,,
Pakistan,Eastern Mediterranean,2008,88.47424,37.22562,171648986.0,56604410.0,107040193.0,32.98,62.36,-2.57,,
Pakistan,Eastern Mediterranean,2009,88.81339,37.02214,175525609.0,58121842.0,108927738.0,33.11,62.06,-2.64,,
Pakistan,Eastern Mediterranean,2010,89.15092,36.81648,179424641.0,59691513.0,110868669.0,33.27,61.79,-2.68,,
Pakistan,Eastern Mediterranean,2011,89.4868,36.60863,183340174.0,61316426.0,112867839.0,33.44,61.56,-2.81,,
Pakistan,Eastern Mediterranean,2012,89.82101,36.39857,187280129.0,62994185.0,114917348.0,33.64,61.36,-2.68,,
Pakistan,Eastern Mediterranean,2013,90.15339,36.1861,191260806.0,64713498.0,116999097.0,33.84,61.17,-2.6,,
Pakistan,Eastern Mediterranean,2014,90.48406,35.97146,195305013.0,66461625.0,119084632.0,34.03,60.97,-2.4,,
Pakistan,Eastern Mediterranean,2015,90.81299,35.75463,199426964.0,68226783.0,121153730.0,34.21,60.75,-2.48,,
Pakistan,Eastern Mediterranean,2016,91.14014,35.53562,203631353.0,70005271.0,123198205.0,34.38,60.5,-2.48,19.58922,39890.0
Pakistan,Eastern Mediterranean,2017,91.46545,35.31435,207906209.0,71795700.0,125220255.0,34.53,60.23,-2.41,,
Palau,Western Pacific,2000,90.67849,,19105.0,13487.0,5688.0,70.59,29.77,,,
Palau,Western Pacific,2001,90.63448,,19386.0,13601.0,5803.0,70.16,29.93,,,
Palau,Western Pacific,2002,90.59029,,19637.0,13672.0,5902.0,69.62,30.06,,,
Palau,Western Pacific,2003,90.54591,,19809.0,13711.0,5989.0,69.22,30.23,1.17,,
Palau,Western Pacific,2004,91.45247,,19867.0,13939.0,5865.0,70.16,29.52,1.13,,
Palau,Western Pacific,2005,92.33559,,19781.0,14163.0,5743.0,71.6,29.03,1.07,,
Palau,Western Pacific,2006,93.19627,,19540.0,14391.0,5621.0,73.65,28.77,1.04,,
Palau,Western Pacific,2007,94.03468,,19158.0,14615.0,5501.0,76.29,28.71,1.08,,
Palau,Western Pacific,2008,94.8516,,18704.0,14845.0,5383.0,79.37,28.78,1.01,,
Palau,Western Pacific,2009,95.64719,,18285.0,15075.0,5267.0,82.44,28.81,1.38,,
Palau,Western Pacific,2010,96.42216,,17955.0,15315.0,5155.0,85.3,28.71,1.45,,
Palau,Western Pacific,2011,97.1769,,17745.0,15555.0,5044.0,87.66,28.42,1.06,,
Palau,Western Pacific,2012,97.91211,,17640.0,15816.0,4942.0,89.66,28.02,1.03,,
Palau,Western Pacific,2013,98.6281,,17606.0,16079.0,4841.0,91.33,27.5,1.05,,
Palau,Western Pacific,2014,99.32551,,17626.0,16351.0,4743.0,92.77,26.91,0.99,,
Palau,Western Pacific,2015,99.72116,,17665.0,16638.0,4650.0,94.19,26.32,0.92,,
Palau,Western Pacific,2016,100.00001,,17725.0,16939.0,4564.0,95.57,25.75,0.95,,
Palau,Western Pacific,2017,100.0,,17808.0,17245.0,4484.0,96.84,25.18,0.87,,
Panama,Americas,2000,88.22871,,3030328.0,1884828.0,1145519.0,62.2,37.8,0.25,,
Panama,Americas,2001,88.88029,,3089648.0,1930951.0,1158733.0,62.5,37.5,,,
Panama,Americas,2002,89.50716,,3149188.0,1977564.0,1171701.0,62.8,37.21,0.34,,
Panama,Americas,2003,90.10296,,3209048.0,2024707.0,1184467.0,63.09,36.91,0.07,,
Panama,Americas,2004,90.65277,,3269356.0,2072478.0,1197063.0,63.39,36.61,0.08,,
Panama,Americas,2005,91.10811,,3330217.0,2120900.0,1209565.0,63.69,36.32,-0.16,,
Panama,Americas,2006,91.55524,,3391666.0,2169990.0,1221915.0,63.98,36.03,-0.07,,
Panama,Americas,2007,91.99408,,3453675.0,2219702.0,1234105.0,64.27,35.73,-0.06,,
Panama,Americas,2008,92.42497,,3516204.0,2270115.0,1246153.0,64.56,35.44,-0.1,,
Panama,Americas,2009,92.84783,,3579215.0,2321250.0,1258135.0,64.85,35.15,0.06,,
Panama,Americas,2010,93.26257,,3642687.0,2373195.0,1270027.0,65.15,34.87,-0.12,,
Panama,Americas,2011,93.6704,,3706483.0,2426258.0,1281524.0,65.46,34.58,-0.03,,
Panama,Americas,2012,94.07099,,3770626.0,2480371.0,1292567.0,65.78,34.28,-0.18,,
Panama,Americas,2013,94.46416,,3835435.0,2535396.0,1303066.0,66.1,33.97,-0.14,,
Panama,Americas,2014,94.88219,,3901314.0,2591099.0,1312887.0,66.42,33.65,0.21,,
Panama,Americas,2015,95.49435,,3968487.0,2647313.0,1321936.0,66.71,33.31,0.39,,
Panama,Americas,2016,95.97945,,4037078.0,2703951.0,1330168.0,66.98,32.95,0.41,1.89632,77.0
Panama,Americas,2017,96.38242,,4106769.0,2761008.0,1337579.0,67.23,32.57,0.39,,
Papua New Guinea,Western Pacific,2000,34.00038,,5847586.0,735741.0,4836481.0,12.58,82.71,-0.21,,
Papua New Guinea,Western Pacific,2001,33.98795,,5974629.0,753511.0,4962641.0,12.61,83.06,,,
Papua New Guinea,Western Pacific,2002,33.97777,,6098621.0,771708.0,5090608.0,12.65,83.47,-0.55,,
Papua New Guinea,Western Pacific,2003,33.96759,,6223377.0,790147.0,5220577.0,12.7,83.89,-0.56,,
Papua New Guinea,Western Pacific,2004,33.95686,,6354245.0,808846.0,5352671.0,12.73,84.24,-0.55,,
Papua New Guinea,Western Pacific,2005,34.51468,,6494903.0,827808.0,5486901.0,12.75,84.48,-0.93,,
Papua New Guinea,Western Pacific,2006,35.07264,,6646895.0,847025.0,5623247.0,12.74,84.6,-0.87,,
Papua New Guinea,Western Pacific,2007,35.63076,,6808514.0,866459.0,5761463.0,12.73,84.62,-0.75,,
Papua New Guinea,Western Pacific,2008,36.18903,,6976201.0,886047.0,5901140.0,12.7,84.59,-0.61,,
Papua New Guinea,Western Pacific,2009,36.74745,,7144776.0,905712.0,6041735.0,12.68,84.56,-0.79,,
Papua New Guinea,Western Pacific,2010,37.30602,,7310507.0,925387.0,6182852.0,12.66,84.57,-0.81,,
Papua New Guinea,Western Pacific,2011,37.8642,,7472199.0,945048.0,6324300.0,12.65,84.64,-0.75,,
Papua New Guinea,Western Pacific,2012,38.42307,,7631001.0,964699.0,6466137.0,12.64,84.74,-0.59,,
Papua New Guinea,Western Pacific,2013,38.98948,,7788380.0,985427.0,6607438.0,12.65,84.84,-0.52,,
Papua New Guinea,Western Pacific,2014,39.56326,,7946730.0,1007340.0,6748445.0,12.68,84.92,-0.34,,
Papua New Guinea,Western Pacific,2015,40.14423,,8107775.0,1030539.0,6889286.0,12.71,84.97,-0.42,,
Papua New Guinea,Western Pacific,2016,40.73222,,8271762.000000001,1055101.0,7029890.0,12.76,84.99,-0.5,16.30974,1349.0
Papua New Guinea,Western Pacific,2017,41.32705,,8438036.0,1081089.0,7170073.0,12.81,84.97,-0.7,,
Paraguay,Americas,2000,75.35586,49.36394,5323201.0,2934051.0,2368649.0,55.12,44.5,-0.97,,
Paraguay,Americas,2001,77.06554,50.40427,5428444.0,3025867.0,2380757.0,55.74,43.86,,,
Paraguay,Americas,2002,78.73148,51.42951,5531962.0,3117847.0,2390764.0,56.36,43.22,-1.22,,
Paraguay,Americas,2003,80.279,52.34393,5632983.0,3195222.0,2412728.0,56.72,42.83,-0.75,,
Paraguay,Americas,2004,81.78773,53.23183,5730549.0,3268553.0,2435187.0,57.04,42.49,-0.57,,
Paraguay,Americas,2005,83.27942,54.11214,5824096.0,3340099.0,2455395.0,57.35,42.16,-0.65,,
Paraguay,Americas,2006,84.75384,54.98451,5913209.0,3409652.0,2473144.0,57.66,41.82,-0.77,,
Paraguay,Americas,2007,86.21108,55.84898,5998427.0,3477439.0,2488720.0,57.97,41.49,-0.74,,
Paraguay,Americas,2008,87.65146,56.70589,6081296.0,3544343.0,2502774.0,58.28,41.16,-0.72,,
Paraguay,Americas,2009,89.07481,57.55494,6163972.0,3611534.0,2516303.0,58.59,40.82,-0.88,,
Paraguay,Americas,2010,90.48124,58.39617,6248020.0,3680011.0,2529866.0,58.9,40.49,-0.83,,
Paraguay,Americas,2011,91.87083,59.22961,6333976.0,3750080.0,2543703.0,59.21,40.16,-0.69,,
Paraguay,Americas,2012,93.24381,60.05557,6421513.0,3821584.0,2557635.0,59.51,39.83,-0.87,,
Paraguay,Americas,2013,94.59701,60.86552,6510276.0,3892161.0,2573579.0,59.78,39.53,-0.74,,
Paraguay,Americas,2014,95.93427,61.66555,6599526.0,3962579.0,2590005.0,60.04,39.25,-0.09,,
Paraguay,Americas,2015,97.25714,62.45892,6688746.0,4033246.0,2605873.0,60.3,38.96,0.04,,
Paraguay,Americas,2016,98.56575,63.2459,6777872.0,4104158.9999999995,2621149.0,60.55,38.67,0.14,1.46453,99.0
Paraguay,Americas,2017,99.6102,63.89457,6867061.0,4175325.0,2635972.0,60.8,38.39,0.0,,
Peru,Americas,2000,80.67446,45.06945,26459944.0,18928687.0,6986192.0,71.54,26.4,-0.99,,
Peru,Americas,2001,81.39324,45.44669,26799285.0,19288381.0,6972982.0,71.97,26.02,,,
Peru,Americas,2002,82.10076,45.82017,27100968.0,19645279.0,6956188.0,72.49,25.67,-0.97,,
Peru,Americas,2003,82.79754,46.19032,27372226.0,20001001.0,6936737.0,73.07,25.34,-1.16,,
Peru,Americas,2004,83.48332,46.55674,27624213.0,20357855.0,6915339.0,73.7,25.03,-1.03,,
Peru,Americas,2005,84.15794,46.91908,27866145.0,20717275.0,6893135.0,74.35,24.74,-0.98,,
Peru,Americas,2006,84.82222,47.27817,28102056.0,21080096.0,6869848.0,75.01,24.45,-0.84,,
Peru,Americas,2007,85.47565,47.63323,28333052.0,21446856.0,6845868.0,75.7,24.16,-0.77,,
Peru,Americas,2008,86.07915,47.93258,28562317.0,21782860.0,6859120.0,76.26,24.01,-0.89,,
Peru,Americas,2009,86.65898,48.20655,28792655.0,22111168.0,6890339.0,76.79,23.93,-1.18,,
Peru,Americas,2010,87.23428,48.47955,29027674.0,22450249.0,6923397.0,77.34,23.85,-1.0,,
Peru,Americas,2011,87.80449,48.75078,29264318.0,22801306.0,6958683.0,77.92,23.78,-0.76,,
Peru,Americas,2012,88.37022,49.02104,29506788.0,23163280.0,6995686.0,78.5,23.71,-0.91,,
Peru,Americas,2013,88.93097,49.28956,29773987.0,23532253.0,7033463.0,79.04,23.62,-0.81,,
Peru,Americas,2014,89.48705,49.55673,30090359.0,23903175.0,7070179.0,79.44,23.5,-0.55,,
Peru,Americas,2015,90.03873,49.82296,30470734.0,24271929.0,7104742.0,79.66,23.32,-0.4,,
Peru,Americas,2016,90.58557,50.08746,30926032.0,24637142.0,7136697.0,79.66,23.08,-0.2,1.27684,395.0
Peru,Americas,2017,91.12787,50.35065,31444298.0,24999015.0,7166470.0,79.5,22.79,-0.26,,
Philippines,Western Pacific,2000,85.60159,36.01599,77991755.0,35981065.0,42010504.0,46.13,53.87,-1.39,,
Philippines,Western Pacific,2001,85.94399,36.10611,79672873.0,36685623.0,42979692.0,46.05,53.95,,,
Philippines,Western Pacific,2002,86.3998,38.2178,81365258.0,37393239.0,43958821.0,45.96,54.03,-0.86,,
Philippines,Western Pacific,2003,86.85708,40.34769,83051971.0,38094865.0,44937089.0,45.87,54.11,-1.56,,
Philippines,Western Pacific,2004,87.31583,42.49583,84710542.0,38778282.0,45900211.0,45.78,54.18,-1.71,,
Philippines,Western Pacific,2005,87.77605,44.22925,86326250.0,39435905.0,46838332.0,45.68,54.26,-1.18,,
Philippines,Western Pacific,2006,88.23775,44.66439,87888675.0,40063109.0,47746310.0,45.58,54.33,-1.64,,
Philippines,Western Pacific,2007,88.70092,44.7941,89405482.0,40664453.0,48629037.0,45.48,54.39,-1.6,,
Philippines,Western Pacific,2008,89.16557,44.92397,90901965.0,41251516.0,49500348.0,45.38,54.45,-1.78,,
Philippines,Western Pacific,2009,89.63181,45.05431,92414158.0,41841170.0,50379709.0,45.28,54.52,-1.73,,
Philippines,Western Pacific,2010,90.10411,45.19763,93966780.0,42487934.0,51238690.0,45.22,54.53,-1.65,,
Philippines,Western Pacific,2011,90.60007,45.40604,95570050.0,43372351.0,51905589.0,45.38,54.31,-1.39,,
Philippines,Western Pacific,2012,91.09562,45.61407,97212643.0,44280138.0,52586504.0,45.55,54.09,-1.19,,
Philippines,Western Pacific,2013,91.59082,45.82199,98871555.0,45205378.0,53275654.0,45.72,53.88,-1.08,,
Philippines,Western Pacific,2014,92.0855,46.02925,100513142.0,46140286.0,53961963.0,45.9,53.69,-0.71,,
Philippines,Western Pacific,2015,92.57983,46.23641,102113212.0,47078199.0,54638160.0,46.1,53.51,-0.86,,
Philippines,Western Pacific,2016,93.07372,46.44318,103663816.0,48017889.0,55302333.0,46.32,53.35,-1.38,4.19289,4347.0
Philippines,Western Pacific,2017,93.56837,46.65402,105172925.0,48978289.0,55939801.0,46.57,53.19,-1.18,,
Poland,Europe,2000,,,38556693.0,23791900.0,14758595.0,61.71,38.28,0.31,,
Poland,Europe,2001,,,38529582.0,23792671.0,14731334.0,61.75,38.23,,,
Poland,Europe,2002,,,38488647.0,23778471.0,14706001.0,61.78,38.21,0.74,,
Poland,Europe,2003,,,38441824.0,23707423.0,14731403.0,61.67,38.32,0.58,,
Poland,Europe,2004,,,38399558.0,23638147.0,14757919.0,61.56,38.43,0.15,,
Poland,Europe,2005,97.05984,94.03376,38368949.0,23574790.0,14787876.0,61.44,38.54,0.36,,
Poland,Europe,2006,97.05431,94.23042,38354450.0,23518622.0,14822414.0,61.32,38.65,0.35,,
Poland,Europe,2007,97.04874,94.42784,38353338.0,23468690.0,14860895.0,61.19,38.75,0.68,,
Poland,Europe,2008,97.04311,94.62604,38356786.0,23423295.0,14902394.0,61.07,38.85,0.91,,
Poland,Europe,2009,97.03754,94.82521,38351916.0,23379860.0,14945010.0,60.96,38.97,0.94,,
Poland,Europe,2010,97.36887,95.34973,38329781.0,23335927.0,14987475.0,60.88,39.1,1.02,,
Poland,Europe,2011,97.7015,95.87903,38286831.0,23291340.0,15029607.0,60.83,39.26,1.07,,
Poland,Europe,2012,98.03498,96.41226,38227044.0,23241111.0,15076293.0,60.8,39.44,1.05,,
Poland,Europe,2013,98.36996,96.95062,38158041.0,23188300.0,15121151.0,60.77,39.63,0.97,,
Poland,Europe,2014,98.70638,97.49403,38091089.0,23130293.0,15162767.0,60.72,39.81,0.84,,
Poland,Europe,2015,99.04427,98.04259,38034079.0,23065377.0,15199849.0,60.64,39.96,0.87,,
Poland,Europe,2016,99.38385,98.59683,37989220.0,23002663.0,15221747.0,60.55,40.07,0.51,0.09072,34.0
Poland,Europe,2017,99.72469,99.15607,37953180.0,22942383.0,15228329.0,60.45,40.12,0.52,,
Portugal,Europe,2000,98.54304,93.44076,10297112.0,5633127.0,4721990.0,54.71,45.86,1.4,,
Portugal,Europe,2001,98.64534,93.57578,10341454.0,5724161.0,4675151.0,55.35,45.21,,,
Portugal,Europe,2002,98.74792,93.70979,10385987.0,5813594.0,4630074.0,55.98,44.58,1.44,,
Portugal,Europe,2003,98.85079,93.8441,10429612.0,5902881.0,4584232.0,56.6,43.95,1.29,,
Portugal,Europe,2004,98.95396,93.9787,10470921.0,5991287.0,4536981.0,57.22,43.33,0.97,,
Portugal,Europe,2005,99.0574,94.11334,10508495.0,6077668.0,4488055.0,57.84,42.71,1.02,,
Portugal,Europe,2006,99.16114,94.24834,10542830.0,6162476.0,4437475.0,58.45,42.09,0.95,,
Portugal,Europe,2007,99.26516,94.3835,10573143.0,6245054.0,4385066.0,59.07,41.47,0.82,,
Portugal,Europe,2008,99.36946,94.51888,10595314.0,6322941.0,4329158.0,59.68,40.86,0.99,,
Portugal,Europe,2009,99.47404,94.6543,10604056.0,6392540.0,4268076.0,60.28,40.25,0.79,,
Portugal,Europe,2010,99.5789,94.78994,10596058.0,6451825.0,4200496.0,60.89,39.64,0.72,,
Portugal,Europe,2011,99.68403,94.92574,10569380.0,6499233.0,4126096.9999999995,61.49,39.04,0.74,,
Portugal,Europe,2012,99.78943,95.06161,10526308.0,6535649.0,4046172.0,62.09,38.44,0.78,,
Portugal,Europe,2013,99.86825,95.17123,10473021.0,6564256.0,3963418.0,62.68,37.84,0.75,,
Portugal,Europe,2014,99.90318,95.2378,10418218.0,6590150.0,3881018.0,63.26,37.25,0.81,,
Portugal,Europe,2015,99.90469,95.27341,10368351.0,6617197.0,3801276.0,63.82,36.66,0.92,,
Portugal,Europe,2016,99.90618,95.30865,10325538.0,6646760.0,3724867.0,64.37,36.07,0.97,0.15292,16.0
Portugal,Europe,2017,99.90766,95.3119,10288527.0,6678201.0,3651305.0,64.91,35.49,1.12,,
Qatar,Eastern Mediterranean,2000,100.0,96.6,592468.0,570417.0,21850.0,96.28,3.69,1.16,,
Qatar,Eastern Mediterranean,2001,100.0,96.6,615012.0,595332.0,21554.0,96.8,3.5,,,
Qatar,Eastern Mediterranean,2002,100.0,96.6,640868.0,624298.0,21361.0,97.41,3.33,0.83,,
Qatar,Eastern Mediterranean,2003,100.0,96.6,681788.0,667016.0,21570.0,97.83,3.16,1.19,,
Qatar,Eastern Mediterranean,2004,100.0,96.6,753334.0,736770.0,22085.0,97.8,2.93,1.12,,
Qatar,Eastern Mediterranean,2005,100.0,96.6,865416.0,842340.0,22523.0,97.33,2.6,1.03,,
Qatar,Eastern Mediterranean,2006,100.0,96.6,1022711.0,986848.0,23534.0,96.49,2.3,0.93,,
Qatar,Eastern Mediterranean,2007,100.0,96.6,1218434.0,1164857.0,24776.0,95.6,2.03,0.95,,
Qatar,Eastern Mediterranean,2008,100.0,96.6,1436665.0,1363481.0,25861.0,94.91,1.8,1.11,,
Qatar,Eastern Mediterranean,2009,100.0,96.6,1654950.0,1564313.0,26467.0,94.52,1.6,1.22,,
Qatar,Eastern Mediterranean,2010,100.0,96.6,1856327.0,1752996.0,26680.0,94.43,1.44,1.15,,
Qatar,Eastern Mediterranean,2011,99.9383,96.5404,2035871.0,1924771.0,27283.0,94.54,1.34,1.17,,
Qatar,Eastern Mediterranean,2012,99.8766,96.4808,2196073.0,2082083.9999999998,27484.0,94.81,1.25,1.22,,
Qatar,Eastern Mediterranean,2013,99.8149,96.4212,2336574.0,2223139.0,27334.0,95.15,1.17,1.21,,
Qatar,Eastern Mediterranean,2014,99.7532,96.3616,2459198.0,2347537.0,26882.0,95.46,1.09,0.98,,
Qatar,Eastern Mediterranean,2015,99.6915,96.30199,2565710.0,2455353.0,26186.0,95.7,1.02,1.0,,
Qatar,Eastern Mediterranean,2016,99.6298,96.24239,2654374.0,2544480.0,25324.0,95.86,0.95,0.9,0.00811,0.0
Qatar,Eastern Mediterranean,2017,99.5681,96.18279,2724728.0,2614873.0,24338.0,95.97,0.89,0.66,,
Republic of Korea,Western Pacific,2000,,,47379241.0,37729427.0,9656885.0,79.63,20.38,0.4,,
Republic of Korea,Western Pacific,2001,,,47706224.0,38141705.0,9571083.0,79.95,20.06,,,
Republic of Korea,Western Pacific,2002,98.55287,96.82212,47999547.0,38547232.0,9457554.0,80.31,19.7,0.24,,
Republic of Korea,Western Pacific,2003,98.55287,96.82212,48260897.0,38926894.0,9338132.0,80.66,19.35,0.25,,
Republic of Korea,Western Pacific,2004,98.55287,96.82212,48493441.0,39284258.0,9213825.0,81.01,19.0,0.43,,
Republic of Korea,Western Pacific,2005,98.55287,96.82212,48701073.0,39622010.0,9086487.0,81.36,18.66,0.48,,
Republic of Korea,Western Pacific,2006,98.55287,96.82212,48880451.0,39863933.0,9031912.0,81.55,18.48,0.42,,
Republic of Korea,Western Pacific,2007,98.66512,97.04539,49034810.0,40050079.0,9012350.0,81.68,18.38,0.57,,
Republic of Korea,Western Pacific,2008,98.77738,97.26893,49182456.0,40228223.0,8990762.0,81.79,18.28,0.42,,
Republic of Korea,Western Pacific,2009,98.88963,97.49271,49347461.0,40409331.0,8969877.0,81.89,18.18,0.41,,
Republic of Korea,Western Pacific,2010,99.00188,97.71676,49545636.0,40601614.0,8951241.0,81.95,18.07,0.33,,
Republic of Korea,Western Pacific,2011,99.11414,97.94106,49786159.0,40752109.0,8992550.0,81.85,18.06,0.41,,
Republic of Korea,Western Pacific,2012,99.22639,98.01016,50060639.0,40886300.0,9065944.0,81.67,18.11,0.27,,
Republic of Korea,Western Pacific,2013,99.33865,98.00467,50345717.0,41027880.0,9141362.0,81.49,18.16,0.28,,
Republic of Korea,Western Pacific,2014,99.4509,97.99892,50607907.0,41168431.0,9217129.0,81.35,18.21,0.11,,
Republic of Korea,Western Pacific,2015,99.56315,97.9929,50823093.0,41301851.0,9291811.0,81.27,18.28,0.16,,
Republic of Korea,Western Pacific,2016,99.6754,98.10338,50983457.0,41426777.0,9365142.0,81.26,18.37,0.16,1.80559,921.0
Republic of Korea,Western Pacific,2017,99.78766,98.21386,51096415.0,41552264.0,9429948.0,81.32,18.46,0.32,,
Republic of Moldova,Europe,2000,83.2464,40.41632,4202658.0,1873240.0,2327849.0,44.57,55.39,-0.43,,
Republic of Moldova,Europe,2001,83.52057,42.32299,4187093.0,1849529.0,2335976.0,44.17,55.79,,,
Republic of Moldova,Europe,2002,83.79846,44.27113,4178229.9999999995,1828884.0,2347732.0,43.77,56.19,-0.16,,
Republic of Moldova,Europe,2003,84.08009,46.26121,4173274.0000000005,1810044.0,2361602.0,43.37,56.59,-0.13,,
Republic of Moldova,Europe,2004,84.36562,48.29424,4167959.0,1791110.0,2375227.0,42.97,56.99,-0.22,,
Republic of Moldova,Europe,2005,84.69014,50.46074,4159292.9999999995,1778440.0,2379259.0,42.76,57.2,-0.4,,
Republic of Moldova,Europe,2006,85.05116,52.74878,4146265.0000000005,1771607.0,2373123.0,42.73,57.24,-0.37,,
Republic of Moldova,Europe,2007,85.41258,55.06377,4130136.0000000005,1763454.0,2365195.0,42.7,57.27,-0.02,,
Republic of Moldova,Europe,2008,85.77444,57.40574,4112890.9999999995,1754827.0,2356613.0,42.67,57.3,-0.27,,
Republic of Moldova,Europe,2009,86.13671,59.77472,4097518.0,1746987.0,2349053.0,42.64,57.33,-0.59,,
Republic of Moldova,Europe,2010,86.4994,62.17075,4086081.0,1740791.0,2343690.0,42.6,57.36,-0.38,,
Republic of Moldova,Europe,2011,86.86251,64.59387,4079164.0,1736496.0,2340872.0,42.57,57.39,-0.05,,
Republic of Moldova,Europe,2012,87.22604,67.04411,4075808.0,1733672.0,2340031.0,42.54,57.41,0.05,,
Republic of Moldova,Europe,2013,87.58999,69.52153,4074591.0,1731673.0,2340291.0,42.5,57.44,0.0,,
Republic of Moldova,Europe,2014,87.95435,72.02614,4073407.0,1729551.0,2340388.0,42.46,57.46,-0.16,,
Republic of Moldova,Europe,2015,88.31776,72.303,4070700.0,1727653.0,2338327.0,42.44,57.44,-0.33,,
Republic of Moldova,Europe,2016,88.68506,72.58717,4066009.0,1725772.0,2333836.0,42.44,57.4,-0.3,0.09594,4.0
Republic of Moldova,Europe,2017,89.05566,72.87791,4059684.0,1724067.0,2327145.0,42.47,57.32,-0.32,,
Republic of North Macedonia,Europe,2000,99.31468,97.34227,,,,,,,,
Republic of North Macedonia,Europe,2001,99.31194,97.33482,,,,,,,,
Republic of North Macedonia,Europe,2002,99.3092,97.32737,,,,,,,,
Republic of North Macedonia,Europe,2003,99.30646,97.31992,,,,,,,,
Republic of North Macedonia,Europe,2004,99.3037,97.31243,,,,,,,,
Republic of North Macedonia,Europe,2005,99.30355,96.67783,,,,,,,,
Republic of North Macedonia,Europe,2006,98.56437,96.04685,,,,,,,,
Republic of North Macedonia,Europe,2007,97.79335,95.41873,,,,,,,,
Republic of North Macedonia,Europe,2008,97.02413,94.79271,,,,,,,,
Republic of North Macedonia,Europe,2009,96.25585,93.08208,,,,,,,,
Republic of North Macedonia,Europe,2010,95.48769,91.28204,,,,,,,,
Republic of North Macedonia,Europe,2011,94.71877,89.48186,,,,,,,,
Republic of North Macedonia,Europe,2012,93.94827,87.68325,,,,,,,,
Republic of North Macedonia,Europe,2013,93.17531,85.88801,,,,,,,,
Republic of North Macedonia,Europe,2014,93.16956,84.65021,,,,,,,,
Republic of North Macedonia,Europe,2015,93.16205,83.4224,,,,,,,,
Republic of North Macedonia,Europe,2016,93.15266,82.20748,,,,,,,0.07433,
Republic of North Macedonia,Europe,2017,93.14146,81.00796,,,,,,,,
Romania,Europe,2000,100.0,81.65202,22137419.0,11728886.0,10399242.0,52.98,46.98,-0.38,,
Romania,Europe,2001,100.0,81.609,21989350.0,11618960.0,10365175.0,52.84,47.14,,,
Romania,Europe,2002,100.0,81.58862,21853273.0,11534955.0,10319721.0,52.78,47.22,0.46,,
Romania,Europe,2003,100.0,81.62598,21720407.0,11497098.0,10231821.0,52.93,47.11,0.32,,
Romania,Europe,2004,100.0,81.66306,21577885.0,11452577.0,10138587.0,53.08,46.99,0.06,,
Romania,Europe,2005,100.0,81.70013,21417291.0,11395702.0,10035316.0,53.21,46.86,0.08,,
Romania,Europe,2006,100.0,81.73721,21234305.0,11324070.0,9919852.0,53.33,46.72,0.15,,
Romania,Europe,2007,100.0,81.77429,21034189.0,11240869.0,9795242.0,53.44,46.57,0.2,,
Romania,Europe,2008,100.0,81.81137,20829517.0,11153285.0,9667799.0,53.55,46.41,0.18,,
Romania,Europe,2009,100.0,81.84845,20637991.0,11071441.0,9546514.0,53.65,46.26,0.36,,
Romania,Europe,2010,100.0,81.88552,20471864.0,11002831.0,9437516.0,53.75,46.1,0.27,,
Romania,Europe,2011,100.0,81.9226,20336718.0,10950055.0,9342912.0,53.84,45.94,0.19,,
Romania,Europe,2012,100.0,81.92657,20227469.0,10887276.0,9283979.0,53.82,45.9,0.08,,
Romania,Europe,2013,100.0,81.91609,20132776.0,10824213.0,9243988.0,53.76,45.92,0.18,,
Romania,Europe,2014,100.0,81.90562,20035930.0,10765305.0,9207431.0,53.73,45.95,0.05,,
Romania,Europe,2015,100.0,81.90194,19925175.0,10711013.0,9165608.0,53.76,46.0,0.19,,
Romania,Europe,2016,100.0,81.90562,19796285.0,10660311.0,9117772.0,53.85,46.06,0.28,0.36236,72.0
Romania,Europe,2017,100.0,81.91581,19653969.0,10614303.0,9065003.0,54.01,46.12,0.06,,
Russian Federation,Europe,2000,95.02948,74.56915,146404903.0,107381741.0,39014773.0,73.35,26.65,-1.4,,
Russian Federation,Europe,2001,95.02892,74.56792,145830721.0,106948739.0,38866125.0,73.34,26.65,,,
Russian Federation,Europe,2002,95.15351,74.64227,145215700.0,106487665.0,38707217.0,73.33,26.65,-0.72,,
Russian Federation,Europe,2003,95.28291,74.72782,144610882.0,106085759.0,38498936.0,73.36,26.62,-1.19,,
Russian Federation,Europe,2004,95.4136,74.81706,144080643.0,105754475.0,38290132.0,73.4,26.58,-1.51,,
Russian Federation,Europe,2005,95.54385,74.90604,143672116.0,105505958.0,38112227.0,73.44,26.53,-1.27,,
Russian Federation,Europe,2006,95.67365,74.99474,143403256.0,105353498.0,37969435.0,73.47,26.48,-0.91,,
Russian Federation,Europe,2007,95.80302,75.08318,143266212.0,105290775.0,37859367.0,73.49,26.43,-0.86,,
Russian Federation,Europe,2008,95.93195,75.17134,143248764.0,105305809.0,37777378.0,73.51,26.37,-0.75,,
Russian Federation,Europe,2009,96.06034,75.25894,143326913.0,105376897.0,37715868.0,73.52,26.31,-0.97,,
Russian Federation,Europe,2010,96.18839,75.34657,143479274.0,105485979.0,37667890.0,73.52,26.25,-0.93,,
Russian Federation,Europe,2011,96.31601,75.43392,143703025.0,105631186.0,37632802.0,73.51,26.19,-1.0,,
Russian Federation,Europe,2012,96.44437,75.52486,143993892.0,105830998.0,37589599.0,73.5,26.1,-0.82,,
Russian Federation,Europe,2013,96.57319,75.61897,144325449.0,106065739.0,37531491.0,73.49,26.0,-0.74,,
Russian Federation,Europe,2014,96.70242,75.71668,144664841.0,106311454.0,37449924.0,73.49,25.89,-0.94,,
Russian Federation,Europe,2015,96.83172,75.81733,144985057.0,106549491.0,37338513.0,73.49,25.75,-1.03,,
Russian Federation,Europe,2016,96.96095,75.92105,145275383.0,106770279.0,37194234.0,73.5,25.6,-0.95,0.10474,152.0
Russian Federation,Europe,2017,97.08991,76.02773,145530082.0,106972626.0,37017128.0,73.51,25.44,-0.64,,
Rwanda,Africa,2000,45.43856,,7933681.0,1197920.0,6827783.0,15.1,86.06,-1.69,,
Rwanda,Africa,2001,46.36307,,8231156.000000001,1318469.0,7010937.0,16.02,85.18,,,
Rwanda,Africa,2002,47.30437,,8427060.0,1432147.0,7104058.0,16.99,84.3,-1.65,,
Rwanda,Africa,2003,48.00498,,8557161.0,1467306.0,7213040.0,17.15,84.29,-1.11,,
Rwanda,Africa,2004,48.67247,,8680524.0,1491029.0,7327409.0,17.18,84.41,-1.19,,
Rwanda,Africa,2005,49.34341,,8840215.0,1520718.0,7471017.0,17.2,84.51,-1.0,,
Rwanda,Africa,2006,50.01811,,9043337.0,1557451.0,7649129.0,17.22,84.58,-0.68,,
Rwanda,Africa,2007,50.69597,,9273757.0,1598597.0,7848805.0,17.24,84.63,-0.36,,
Rwanda,Africa,2008,51.37729,,9524534.0,1643141.0,8065028.0,17.25,84.68,-0.32,,
Rwanda,Africa,2009,52.06236,,9782770.0,1689148.0,8288298.000000001,17.27,84.72,-0.51,,
Rwanda,Africa,2010,52.7506,,10039338.0,1735198.0,8511644.0,17.28,84.78,-0.27,,
Rwanda,Africa,2011,53.44229,,10293331.0,1781243.0,8734828.0,17.3,84.86,-0.18,,
Rwanda,Africa,2012,54.13773,,10549673.0,1827915.0,8960938.0,17.33,84.94,-0.23,,
Rwanda,Africa,2013,54.83634,,10811538.0,1875204.0,9189947.0,17.34,85.0,-0.11,,
Rwanda,Africa,2014,55.54314,,11083630.0,1925003.0,9420354.0,17.37,84.99,-0.31,,
Rwanda,Africa,2015,56.25843,,11369071.0,1977467.0,9652086.0,17.39,84.9,0.01,,
Rwanda,Africa,2016,56.98162,,11668827.0,2032707.0,9884801.0,17.42,84.71,-0.05,19.34948,2258.0
Rwanda,Africa,2017,57.71328,,11980961.0,2090744.0000000002,10117663.0,17.45,84.45,0.09,,
Saint Kitts and Nevis,Americas,2000,98.21339,,44074.0,14873.0,30501.0,33.75,69.2,,,
Saint Kitts and Nevis,Americas,2001,98.2972,,44599.0,14992.0,30998.0,33.62,69.5,,,
Saint Kitts and Nevis,Americas,2002,98.381,,45165.0,15137.0,31504.0,33.51,69.75,,,
Saint Kitts and Nevis,Americas,2003,98.4648,,45746.0,15286.0,32020.000000000004,33.41,70.0,1.17,,
Saint Kitts and Nevis,Americas,2004,98.5486,,46324.0,15432.0,32539.0,33.31,70.24,1.36,,
Saint Kitts and Nevis,Americas,2005,98.6324,,46857.0,15569.0,33042.0,33.23,70.52,1.29,,
Saint Kitts and Nevis,Americas,2006,98.7162,,47339.0,15691.0,33519.0,33.15,70.81,1.21,,
Saint Kitts and Nevis,Americas,2007,98.8,,47778.0,15803.0,33980.0,33.08,71.12,0.8,,
Saint Kitts and Nevis,Americas,2008,98.8838,,48185.0,15906.0,34426.0,33.01,71.45,0.92,,
Saint Kitts and Nevis,Americas,2009,98.96761,,48599.0,16010.000000000002,34876.0,32.94,71.76,1.09,,
Saint Kitts and Nevis,Americas,2010,98.96761,,49016.0,16114.0,35331.0,32.87,72.08,1.04,,
Saint Kitts and Nevis,Americas,2011,98.96761,,49447.0,16216.999999999998,35789.0,32.8,72.38,0.96,,
Saint Kitts and Nevis,Americas,2012,98.96761,,49887.0,16335.999999999998,36255.0,32.75,72.67,0.98,,
Saint Kitts and Nevis,Americas,2013,98.96761,,50331.0,16463.0,36706.0,32.71,72.93,0.96,,
Saint Kitts and Nevis,Americas,2014,,,50774.0,16597.0,37142.0,32.69,73.15,0.57,,
Saint Kitts and Nevis,Americas,2015,,,51203.0,16736.0,37552.0,32.69,73.34,0.58,,
Saint Kitts and Nevis,Americas,2016,,,51625.0,16879.0,37942.0,32.7,73.5,0.63,,
Saint Kitts and Nevis,Americas,2017,,,52045.0,17031.0,38314.0,32.72,73.62,0.65,,
Saint Lucia,Americas,2000,88.48084,,156729.0,43591.0,113358.0,27.81,72.33,1.22,,
Saint Lucia,Americas,2001,88.46254,,158179.0,43534.0,114930.0,27.52,72.66,,,
Saint Lucia,Americas,2002,88.39297,,159392.0,42064.0,117699.0,26.39,73.84,0.36,,
Saint Lucia,Americas,2003,89.17725,,160530.0,40591.0,120382.0,25.29,74.99,1.17,,
Saint Lucia,Americas,2004,89.97251,,161816.0,39156.0,123095.0,24.2,76.07,1.22,,
Saint Lucia,Americas,2005,90.77862,,163417.0,37794.0,125920.0,23.13,77.05,1.0,,
Saint Lucia,Americas,2006,91.59496,,165381.0,36502.0,128905.0,22.07,77.94,0.86,,
Saint Lucia,Americas,2007,92.42121,,167639.0,35271.0,132017.0,21.04,78.75,0.62,,
Saint Lucia,Americas,2008,93.25688,,170011.0,34065.0,135155.0,20.04,79.5,0.64,,
Saint Lucia,Americas,2009,94.10172,,172221.0,32858.0,138164.0,19.08,80.22,0.69,,
Saint Lucia,Americas,2010,94.95849,,174085.0,31841.0,140739.0,18.29,80.84,0.79,,
Saint Lucia,Americas,2011,95.83907,,175544.0,32072.000000000004,141760.0,18.27,80.75,0.85,,
Saint Lucia,Americas,2012,96.64426,,176646.0,32256.999999999996,142578.0,18.26,80.71,0.89,,
Saint Lucia,Americas,2013,97.42608,,177513.0,32427.999999999996,143232.0,18.27,80.69,0.85,,
Saint Lucia,Americas,2014,98.16255,,178296.0,32607.0,143814.0,18.29,80.66,0.82,,
Saint Lucia,Americas,2015,98.16241,,179126.0,32809.0,144397.0,18.32,80.61,0.85,,
Saint Lucia,Americas,2016,98.16222,,180024.0,33036.0,144979.0,18.35,80.53,1.02,0.62866,1.0
Saint Lucia,Americas,2017,98.162,,180954.0,33287.0,145557.0,18.4,80.44,0.99,,
Saint Vincent and the Grenadines,Americas,2000,93.15183,,107784.0,48754.0,59144.0,45.23,54.87,1.22,,
Saint Vincent and the Grenadines,Americas,2001,93.29421,,107896.0,49186.0,58802.0,45.59,54.5,,,
Saint Vincent and the Grenadines,Americas,2002,93.4366,,108097.0,49654.0,58492.0,45.93,54.11,0.36,,
Saint Vincent and the Grenadines,Americas,2003,93.57899,,108326.0,50148.0,58202.0,46.29,53.73,0.76,,
Saint Vincent and the Grenadines,Americas,2004,93.72137,,108512.0,50649.0,57910.0,46.68,53.37,1.03,,
Saint Vincent and the Grenadines,Americas,2005,93.86375,,108614.0,51145.0,57599.0,47.09,53.03,1.15,,
Saint Vincent and the Grenadines,Americas,2006,94.00614,,108603.0,51635.0,57272.0,47.54,52.74,1.06,,
Saint Vincent and the Grenadines,Americas,2007,94.14852,,108518.0,52118.0,56929.0,48.03,52.46,0.79,,
Saint Vincent and the Grenadines,Americas,2008,94.29091,,108393.0,52596.0,56569.0,48.52,52.19,0.8,,
Saint Vincent and the Grenadines,Americas,2009,94.4333,,108287.0,53063.0,56190.0,49.0,51.89,0.73,,
Saint Vincent and the Grenadines,Americas,2010,94.57568,,108255.0,53522.0,55793.0,49.44,51.54,0.79,,
Saint Vincent and the Grenadines,Americas,2011,94.71806,,108316.0,53966.0,55375.0,49.82,51.12,0.85,,
Saint Vincent and the Grenadines,Americas,2012,94.86045,,108435.0,54395.0,54933.0,50.16,50.66,0.93,,
Saint Vincent and the Grenadines,Americas,2013,95.00284,,108622.0,54829.0,54491.0,50.48,50.17,0.85,,
Saint Vincent and the Grenadines,Americas,2014,95.14522,,108861.0,55289.0,54068.0,50.79,49.67,0.82,,
Saint Vincent and the Grenadines,Americas,2015,95.14522,,109148.0,55783.0,53672.0,51.11,49.17,1.0,,
Saint Vincent and the Grenadines,Americas,2016,95.14522,,109459.0,56327.0,53316.0,51.46,48.71,1.02,1.33276,1.0
Saint Vincent and the Grenadines,Americas,2017,95.14522,,109827.0,56909.0,52988.0,51.82,48.25,0.89,,
Samoa,Western Pacific,2000,91.91004,57.06663,174454.0,38374.0,136236.0,22.0,78.09,1.28,,
Samoa,Western Pacific,2001,91.90773,57.06392,175392.0,38744.0,136822.0,22.09,78.01,,,
Samoa,Western Pacific,2002,91.91096,57.0677,176407.0,38744.0,137838.0,21.96,78.14,1.1,,
Samoa,Western Pacific,2003,91.91711,57.07492,177484.0,38549.0,139113.0,21.72,78.38,1.27,,
Samoa,Western Pacific,2004,91.92322,57.08208,178590.0,38361.0,140420.0,21.48,78.63,1.16,,
Samoa,Western Pacific,2005,92.17085,57.2375,179727.0,38177.0,141752.0,21.24,78.87,1.13,,
Samoa,Western Pacific,2006,92.41533,57.39098,180876.0,37995.0,143099.0,21.01,79.11,1.1,,
Samoa,Western Pacific,2007,92.65668,57.54247,182046.0,37825.0,144461.0,20.78,79.35,1.0,,
Samoa,Western Pacific,2008,93.17934,57.69206,183263.0,37667.0,145859.0,20.55,79.59,1.1,,
Samoa,Western Pacific,2009,93.72028,57.83984,184556.0,37520.0,147306.0,20.33,79.82,0.96,,
Samoa,Western Pacific,2010,94.26012,57.98583,185949.0,37386.0,148819.0,20.11,80.03,0.77,,
Samoa,Western Pacific,2011,94.79884,58.13006,187469.0,37266.0,150399.0,19.88,80.23,0.99,,
Samoa,Western Pacific,2012,95.33617,58.27252,189089.0,37127.0,152067.0,19.63,80.42,1.0,,
Samoa,Western Pacific,2013,95.87206,58.41309,190718.0,36979.0,153778.0,19.39,80.63,0.99,,
Samoa,Western Pacific,2014,96.40667,58.5518,192221.0,36821.0,155469.0,19.16,80.88,1.12,,
Samoa,Western Pacific,2015,96.89848,58.68864,193513.0,36648.0,157111.0,18.94,81.19,1.18,,
Samoa,Western Pacific,2016,97.30364,58.77221,194535.0,36452.0,158673.0,18.74,81.57,1.2,1.48876,3.0
Samoa,Western Pacific,2017,97.3826,58.82111,195352.0,36246.0,160194.0,18.55,82.0,1.18,,
San Marino,Europe,2000,100.0,100.0,27462.0,25619.0,1799.0,93.29,6.55,,,
San Marino,Europe,2001,100.0,100.0,27812.0,26027.0,1735.0,93.58,6.24,,,
San Marino,Europe,2002,100.0,100.0,28175.0,26413.0,1708.0,93.75,6.06,,,
San Marino,Europe,2003,100.0,100.0,28562.0,26777.0,1717.0,93.75,6.01,,,
San Marino,Europe,2004,100.0,100.0,28940.0,27179.0,1687.0,93.91,5.83,,,
San Marino,Europe,2005,100.0,100.0,29324.0,27618.0,1622.0,94.18,5.53,,,
San Marino,Europe,2006,100.0,100.0,29700.0,28055.0,1559.0,94.46,5.25,,,
San Marino,Europe,2007,100.0,100.0,30063.0,28480.0,1497.0,94.73,4.98,,,
San Marino,Europe,2008,100.0,100.0,30434.0,28914.0,1437.0,95.01,4.72,,,
San Marino,Europe,2009,100.0,100.0,30816.0,29343.0,1380.0,95.22,4.48,,,
San Marino,Europe,2010,100.0,100.0,31229.0,29785.0,1325.0,95.38,4.24,,,
San Marino,Europe,2011,100.0,100.0,31661.0,30232.0,1272.0,95.49,4.02,,,
San Marino,Europe,2012,100.0,100.0,32104.999999999996,30692.0,1222.0,95.6,3.81,,,
San Marino,Europe,2013,100.0,100.0,32552.999999999996,31130.0,1173.0,95.63,3.6,,,
San Marino,Europe,2014,100.0,100.0,32948.0,31533.0,1124.0,95.71,3.41,,,
San Marino,Europe,2015,100.0,100.0,33272.0,31885.0,1075.0,95.83,3.23,,,
San Marino,Europe,2016,100.0,100.0,33504.0,32177.0,1026.0,96.04,3.06,,,
San Marino,Europe,2017,100.0,100.0,33671.0,32421.999999999996,978.0,96.29,2.9,,,
Sao Tome and Principe,Africa,2000,64.89487,,142262.0,74049.0,64557.0,52.05,45.38,1.15,,
Sao Tome and Principe,Africa,2001,66.07932,,144755.0,77009.0,64613.0,53.2,44.64,,,
Sao Tome and Principe,Africa,2002,67.29685,,147447.0,80492.0,64397.00000000001,54.59,43.67,0.55,,
Sao Tome and Principe,Africa,2003,68.52322,,150415.0,84226.0,64146.0,56.0,42.65,0.26,,
Sao Tome and Principe,Africa,2004,69.75364,,153737.0,88099.0,63870.0,57.31,41.54,0.57,,
Sao Tome and Principe,Africa,2005,70.98711,,157472.0,92078.0,63552.0,58.47,40.36,0.58,,
Sao Tome and Principe,Africa,2006,72.22397,,161681.0,96152.0,63176.0,59.47,39.07,0.35,,
Sao Tome and Principe,Africa,2007,73.46408,,166300.0,100340.0,62761.0,60.34,37.74,0.39,,
Sao Tome and Principe,Africa,2008,74.7073,,171120.0,104622.0,62291.0,61.14,36.4,0.18,,
Sao Tome and Principe,Africa,2009,75.95302,,175876.0,109018.0,61795.0,61.99,35.14,0.15,,
Sao Tome and Principe,Africa,2010,77.20159,,180371.0,113520.0,61256.0,62.94,33.96,0.12,,
Sao Tome and Principe,Africa,2011,78.45267,,184524.0,118122.0,60678.0,64.01,32.88,0.01,,
Sao Tome and Principe,Africa,2012,79.70635,,188404.0,122828.0,60061.0,65.19,31.88,0.01,,
Sao Tome and Principe,Africa,2013,80.95905,,192087.0,127580.0,59465.0,66.42,30.96,0.11,,
Sao Tome and Principe,Africa,2014,82.21143,,195727.0,132381.0,58885.0,67.64,30.09,0.18,,
Sao Tome and Principe,Africa,2015,83.46349,,199432.0,137228.0,58325.0,68.81,29.25,0.14,,
Sao Tome and Principe,Africa,2016,84.20084,,203227.0,142120.0,57790.0,69.93,28.44,0.22,11.3611,23.0
Sao Tome and Principe,Africa,2017,84.29016,,207089.0,147051.0,57276.0,71.01,27.66,0.19,,
Saudi Arabia,Eastern Mediterranean,2000,97.38966,,20663843.0,16579826.0,4184486.0,80.24,20.25,0.23,,
Saudi Arabia,Eastern Mediterranean,2001,97.38966,,21202642.0,17059249.0,4244343.0,80.46,20.02,,,
Saudi Arabia,Eastern Mediterranean,2002,97.38966,,21805313.0,17591725.0,4314583.0,80.68,19.79,0.0,,
Saudi Arabia,Eastern Mediterranean,2003,97.56637,,22456649.0,18164673.0,4391752.0,80.89,19.56,0.14,,
Saudi Arabia,Eastern Mediterranean,2004,97.74308,,23132682.0,18758216.0,4470674.0,81.09,19.33,-0.66,,
Saudi Arabia,Eastern Mediterranean,2005,97.91979,,23816183.0,19358664.0,4546990.0,81.28,19.09,-0.24,,
Saudi Arabia,Eastern Mediterranean,2006,98.0965,,24498310.0,19958674.0,4619627.0,81.47,18.86,-0.52,,
Saudi Arabia,Eastern Mediterranean,2007,98.27321,,25184597.0,20562513.0,4690056.0,81.65,18.62,-0.47,,
Saudi Arabia,Eastern Mediterranean,2008,98.44992,,25888541.0,21180283.0,4760487.0,81.81,18.39,-0.34,,
Saudi Arabia,Eastern Mediterranean,2009,98.62663,,26630303.0,21827017.0,4834475.0,81.96,18.15,-0.49,,
Saudi Arabia,Eastern Mediterranean,2010,98.80334,,27421461.0,22512101.0,4913575.0,82.1,17.92,-0.23,,
Saudi Arabia,Eastern Mediterranean,2011,98.98006,,28267589.0,23240396.0,4997624.0,82.22,17.68,-0.46,,
Saudi Arabia,Eastern Mediterranean,2012,99.15677,,29154900.0,24002168.0,5084189.0,82.33,17.44,-0.48,,
Saudi Arabia,Eastern Mediterranean,2013,99.33348,,30052059.0,24775959.0,5168517.0,82.44,17.2,-0.43,,
Saudi Arabia,Eastern Mediterranean,2014,99.51019,,30916597.0,25532242.0,5244480.0,82.58,16.96,-0.29,,
Saudi Arabia,Eastern Mediterranean,2015,99.6869,,31717667.0,26249243.0,5307901.0,82.76,16.73,-0.63,,
Saudi Arabia,Eastern Mediterranean,2016,99.86361,,32443447.0,26918214.0,5357473.0,82.97,16.51,-0.46,0.09226,30.0
Saudi Arabia,Eastern Mediterranean,2017,100.0,,33101178.999999996,27543623.0,5394590.0,83.21,16.3,-0.58,,
Senegal,Africa,2000,59.9197,,9797734.0,3985284.0,5898768.0,40.68,60.21,-0.59,,
Senegal,Africa,2001,61.04181,,10036104.0,4100773.0,6033724.0,40.86,60.12,,,
Senegal,Africa,2002,62.16981,,10283699.0,4221857.0,6175004.0,41.05,60.05,-0.27,,
Senegal,Africa,2003,63.37071,,10541467.0,4364248.0,6306742.0,41.4,59.83,-0.25,,
Senegal,Africa,2004,64.62414,,10810083.0,4525480.0,6430464.0,41.86,59.49,0.03,,
Senegal,Africa,2005,65.87548,,11090116.0,4693370.0,6557896.0,42.32,59.13,-0.2,,
Senegal,Africa,2006,67.12531,,11382268.0,4868152.0,6688611.0,42.77,58.76,-0.26,,
Senegal,Africa,2007,68.37295,,11687080.0,5050372.0,6823185.0,43.21,58.38,-0.24,,
Senegal,Africa,2008,69.61811,,12004701.0,5241233.0,6962724.0,43.66,58.0,-0.15,,
Senegal,Africa,2009,70.86018,,12335084.0,5441979.0,7108938.0,44.12,57.63,-0.2,,
Senegal,Africa,2010,72.09962,,12678148.0,5653812.0,7262417.0,44.59,57.28,-0.42,,
Senegal,Africa,2011,73.33579,,13033809.0,5877341.0,7423569.0,45.09,56.96,-0.28,,
Senegal,Africa,2012,74.56811,,13401992.0,6112243.0,7591270.0,45.61,56.64,-0.11,,
Senegal,Africa,2013,75.79665,,13782424.0,6356834.0,7763486.0,46.12,56.33,-0.06,,
Senegal,Africa,2014,77.02114,,14174739.0,6609156.0,7936955.0,46.63,55.99,-0.2,,
Senegal,Africa,2015,78.24334,,14578459.0,6868710.0,8108284.0,47.12,55.62,-0.12,,
Senegal,Africa,2016,79.46232,,14993519.0,7135037.0,8276576.999999999,47.59,55.2,-0.22,23.86927,3579.0
Senegal,Africa,2017,80.67786,,15419355.0,7408563.0,8442004.0,48.05,54.75,-0.05,,
Serbia,Europe,2000,94.74107,74.49373,,,,,,-1.64,,
Serbia,Europe,2001,94.71433,74.51224,,,,,,,,
Serbia,Europe,2002,94.6876,74.53073,,,,,,-0.51,,
Serbia,Europe,2003,94.6609,74.54906,,,,,,-0.58,,
Serbia,Europe,2004,94.63416,74.56769,,,,,,-0.51,,
Serbia,Europe,2005,93.87494,74.586,,,,,,-0.77,,
Serbia,Europe,2006,93.1154,74.60431,9145914.0,4963229.0,4210060.0,54.27,46.03,-0.54,,
Serbia,Europe,2007,92.35551,74.62275,9101185.0,4962934.0,4172279.9999999995,54.53,45.84,-0.59,,
Serbia,Europe,2008,91.59534,74.64104,9060103.0,4963798.0,4135754.0,54.79,45.65,-0.54,,
Serbia,Europe,2009,90.83485,74.65932,9023357.0,4964906.0,4099850.0000000005,55.02,45.44,-0.48,,
Serbia,Europe,2010,90.07408,74.67743,8991254.0,4965736.0,4063980.0,55.23,45.2,-0.42,,
Serbia,Europe,2011,89.31296,74.69569,8963769.0,4965879.0,4027867.0,55.4,44.93,-0.28,,
Serbia,Europe,2012,88.5552,74.70181,8940113.0,4958187.0,3998797.0,55.46,44.73,-0.22,,
Serbia,Europe,2013,87.79867,74.70374,8918904.0,4947962.0,3972253.0,55.48,44.54,-0.08,,
Serbia,Europe,2014,87.04207,74.70582,8898289.0,4938366.0,3946346.0,55.5,44.35,0.18,,
Serbia,Europe,2015,86.28549,74.70774,8876777.0,4929837.0,3921443.0,55.54,44.18,0.24,,
Serbia,Europe,2016,85.52885,74.7098,8853963.0,4922488.0,3897595.0,55.6,44.02,0.14,0.73678,65.0
Serbia,Europe,2017,85.52212,74.72955,8829628.0,4917595.0,3872979.0,55.69,43.86,0.09,,
Seychelles,Africa,2000,93.20035,,80996.0,40927.0,40224.0,50.53,49.66,1.28,,
Seychelles,Africa,2001,93.45757,,82414.0,41817.0,40750.0,50.74,49.45,,,
Seychelles,Africa,2002,93.71478,,84077.0,42839.0,41364.0,50.95,49.2,0.9,,
Seychelles,Africa,2003,93.97199,,85810.0,43920.0,41990.0,51.18,48.93,0.65,,
Seychelles,Africa,2004,94.22921,,87393.0,44956.0,42528.0,51.44,48.66,0.66,,
Seychelles,Africa,2005,94.48642,,88648.0,45854.0,42890.0,51.73,48.38,0.93,,
Seychelles,Africa,2006,94.74364,,89526.0,46595.0,43064.0,52.05,48.1,0.91,,
Seychelles,Africa,2007,95.00085,,90088.0,47204.0,43077.0,52.4,47.82,0.79,,
Seychelles,Africa,2008,95.25806,,90449.0,47718.0,42968.0,52.76,47.51,0.75,,
Seychelles,Africa,2009,95.51527,,90802.0,48220.0,42814.0,53.1,47.15,0.6,,
Seychelles,Africa,2010,95.77249,,91264.0,48752.0,42653.0,53.42,46.74,0.86,,
Seychelles,Africa,2011,96.0297,,91883.0,49333.0,42501.0,53.69,46.26,0.94,,
Seychelles,Africa,2012,96.22973,,92603.0,49945.0,42340.0,53.93,45.72,0.74,,
Seychelles,Africa,2013,96.2394,,93395.0,50591.0,42174.0,54.17,45.16,0.83,,
Seychelles,Africa,2014,96.24902,,94215.0,51261.0,41993.0,54.41,44.57,0.36,,
Seychelles,Africa,2015,96.24902,,94978.0,51933.0,41809.0,54.68,44.02,0.69,,
Seychelles,Africa,2016,96.24902,,95710.0,52609.0,41619.0,54.97,43.48,0.73,0.1694,0.0
Seychelles,Africa,2017,96.24902,,96418.0,53300.0,41437.0,55.28,42.98,0.79,,
Sierra Leone,Africa,2000,39.88378,4.7389,4584571.0,1626055.0,2938242.0,35.47,64.09,-1.87,,
Sierra Leone,Africa,2001,40.17131,4.89143,4754072.0,1699777.0,3039370.0,35.75,63.93,,,
Sierra Leone,Africa,2002,41.46738,5.11888,4965766.0,1790000.0,3167216.0,36.05,63.78,-0.69,,
Sierra Leone,Africa,2003,42.75912,5.35806,5201070.0,1890137.0,3309412.0,36.34,63.63,-1.08,,
Sierra Leone,Africa,2004,44.04644,5.60881,5433991.0,1990707.0,3448988.0,36.63,63.47,-0.51,,
Sierra Leone,Africa,2005,45.36005,5.87735,5645624.0,2089027.9999999998,3569351.0,37.0,63.22,-0.48,,
Sierra Leone,Africa,2006,46.69035,6.16149,5829237.0,2181763.0,3666929.0,37.43,62.91,-0.3,,
Sierra Leone,Africa,2007,48.01329,6.45606,5989633.0,2267168.0,3748249.0,37.85,62.58,-0.06,,
Sierra Leone,Africa,2008,49.32876,6.7608,6133603.0,2347604.0,3817768.0,38.27,62.24,-0.24,,
Sierra Leone,Africa,2009,50.6363,7.0754,6272734.0,2427283.0,3882977.0,38.7,61.9,-0.29,,
Sierra Leone,Africa,2010,51.93583,7.39962,6415634.0,2509605.0,3949115.0,39.12,61.55,-0.24,,
Sierra Leone,Africa,2011,53.2276,7.73329,6563240.0,2594953.0,4016739.0,39.54,61.2,-0.17,,
Sierra Leone,Africa,2012,54.51147,8.07615,6712584.0,2682200.0,4083903.0,39.96,60.84,-0.28,,
Sierra Leone,Africa,2013,55.78675,8.42784,6863981.0,2771308.0,4150770.9999999995,40.37,60.47,-0.17,,
Sierra Leone,Africa,2014,57.05396,8.78822,7017148.0,2862223.0,4216939.0,40.79,60.09,-0.1,,
Sierra Leone,Africa,2015,58.31269,9.157,7171914.0,2954791.0,4282234.0,41.2,59.71,-0.1,,
Sierra Leone,Africa,2016,59.56314,9.53397,7328834.0,3049278.0,4346912.0,41.61,59.31,-0.16,81.29262,5958.0
Sierra Leone,Africa,2017,60.80699,9.91913,7488423.0,3146502.0,4410710.0,42.02,58.9,-0.04,,
Singapore,Western Pacific,2000,100.0,100.0,4028871.0,3913960.0,0.0,97.15,0.0,1.14,,
Singapore,Western Pacific,2001,100.0,100.0,4077145.0,4018779.0,0.0,98.57,0.0,,,
Singapore,Western Pacific,2002,100.0,100.0,4104419.0,4131207.9999999995,0.0,100.65,0.0,1.26,,
Singapore,Western Pacific,2003,100.0,100.0,4129225.0000000005,4249295.0,0.0,102.91,0.0,0.88,,
Singapore,Western Pacific,2004,100.0,100.0,4177212.9999999995,4370040.0,0.0,104.62,0.0,1.09,,
Singapore,Western Pacific,2005,100.0,100.0,4265687.0,4491042.0,0.0,105.28,0.0,1.16,,
Singapore,Western Pacific,2006,100.0,100.0,4402331.0,4611901.0,0.0,104.76,0.0,1.25,,
Singapore,Western Pacific,2007,100.0,100.0,4578630.0,4732528.0,0.0,103.36,0.0,1.17,,
Singapore,Western Pacific,2008,100.0,100.0,4775804.0,4851109.0,0.0,101.58,0.0,1.35,,
Singapore,Western Pacific,2009,100.0,100.0,4966614.0,4965518.0,0.0,99.98,0.0,1.18,,
Singapore,Western Pacific,2010,100.0,100.0,5131172.0,5074252.0,0.0,98.89,0.0,1.17,,
Singapore,Western Pacific,2011,100.0,100.0,5263636.0,5176017.0,0.0,98.34,0.0,1.19,,
Singapore,Western Pacific,2012,100.0,100.0,5369476.0,5270958.0,0.0,98.17,0.0,1.37,,
Singapore,Western Pacific,2013,100.0,100.0,5453737.0,5360837.0,0.0,98.3,0.0,1.38,,
Singapore,Western Pacific,2014,100.0,100.0,5525626.0,5448342.0,0.0,98.6,0.0,1.19,,
Singapore,Western Pacific,2015,100.0,100.0,5592152.0,5535262.0,0.0,98.98,0.0,1.31,,
Singapore,Western Pacific,2016,100.0,100.0,5653634.0,5622455.0,0.0,99.45,0.0,1.5,0.06611,4.0
Singapore,Western Pacific,2017,100.0,100.0,5708041.0,5708844.0,0.0,100.01,0.0,1.62,,
Slovakia,Europe,2000,97.9809,92.17965,5399211.0,3036152.0,2363059.0,56.23,43.77,0.66,,
Slovakia,Europe,2001,97.97942,92.17799,5399992.0,3032830.0,2367176.0,56.16,43.84,,,
Slovakia,Europe,2002,97.97627,92.81332,5400122.0,3024809.0,2375345.0,56.01,43.99,0.94,,
Slovakia,Europe,2003,97.97312,93.44967,5399834.0,3016550.0,2383336.0,55.86,44.14,0.95,,
Slovakia,Europe,2004,97.96997,94.08702,5399380.0,3008164.0,2391255.0,55.71,44.29,0.59,,
Slovakia,Europe,2005,97.96682,94.72538,5398963.0,2999801.0,2399162.0,55.56,44.44,0.9,,
Slovakia,Europe,2006,97.96365,95.36474,5398673.0,2991443.0,2407098.0,55.41,44.59,0.78,,
Slovakia,Europe,2007,97.96048,96.0051,5398692.0,2983194.0,2415132.0,55.26,44.74,1.04,,
Slovakia,Europe,2008,97.95733,96.64649,5399371.0,2975340.0,2423516.0,55.11,44.89,1.08,,
Slovakia,Europe,2009,98.25165,97.28888,5401153.0,2968235.0,2432484.0,54.96,45.04,0.92,,
Slovakia,Europe,2010,98.62234,97.93309,5404294.0,2955336.0,2448958.0,54.68,45.32,1.05,,
Slovakia,Europe,2011,98.99754,98.57904,5408937.0,2944020.0,2465827.0,54.43,45.59,0.97,,
Slovakia,Europe,2012,99.37583,99.12453,5414889.0,2940366.0,2476704.0,54.3,45.74,1.09,,
Slovakia,Europe,2013,99.52017,99.26785,5421725.0,2937163.0,2487967.0,54.17,45.89,1.12,,
Slovakia,Europe,2014,99.78675,99.41117,5428803.0,2933734.0,2499107.0,54.04,46.03,1.04,,
Slovakia,Europe,2015,99.78719,99.5545,5435611.0,2931170.0,2508148.0,53.93,46.14,0.87,,
Slovakia,Europe,2016,99.78751,99.69782,5442003.0,2929298.0,2514920.0,53.83,46.21,0.72,0.04474,2.0
Slovakia,Europe,2017,99.78773,99.78773,5447900.0,2928194.0,2519468.0,53.75,46.25,0.91,,
Slovenia,Europe,2000,99.61584,79.79192,1987717.0,1009242.0,979257.0,50.77,49.27,0.89,,
Slovenia,Europe,2001,99.60954,79.78687,1987461.0,1009689.0,978660.0,50.8,49.24,,,
Slovenia,Europe,2002,99.60343,79.78198,1987267.0,1011168.0,977096.0,50.88,49.17,1.3,,
Slovenia,Europe,2003,99.59788,81.07258,1987862.0,1016008.0,972957.0,51.11,48.94,1.19,,
Slovenia,Europe,2004,99.59228,82.36299,1990222.0,1021761.0,969669.0,51.34,48.72,1.08,,
Slovenia,Europe,2005,99.58662,83.65321,1994976.0,1028742.0,967539.0,51.57,48.5,1.09,,
Slovenia,Europe,2006,99.5809,84.94324,2002430.0,1037126.0,966665.0,51.79,48.27,1.08,,
Slovenia,Europe,2007,99.57513,86.23306,2012118.0,1046705.9999999999,966833.0,52.02,48.05,1.1,,
Slovenia,Europe,2008,99.56931,87.52269,2023052.0,1056987.0,967551.0,52.25,47.83,1.15,,
Slovenia,Europe,2009,99.56342,88.81211,2033804.0,1067244.0,968180.0,52.48,47.6,0.93,,
Slovenia,Europe,2010,99.5575,90.10134,2043337.0,1076953.0,968215.0,52.71,47.38,0.87,,
Slovenia,Europe,2011,99.55151,91.39037,2051286.9999999998,1085923.0,967513.0,52.94,47.17,0.97,,
Slovenia,Europe,2012,99.54546,92.67918,2057822.9999999998,1094237.0,966153.0,53.17,46.95,0.94,,
Slovenia,Europe,2013,99.53937,93.96778,2063110.0000000002,1101913.0,964206.0,53.41,46.74,0.88,,
Slovenia,Europe,2014,99.53321,95.25618,2067487.9999999998,1109081.0,961764.0,53.64,46.52,0.97,,
Slovenia,Europe,2015,99.53378,96.55093,2071199.0,1115846.0,958942.0,53.87,46.3,0.95,,
Slovenia,Europe,2016,99.53439,97.84573,2074210.0,1122466.0,955396.0,54.12,46.06,0.99,0.02115,0.0
Slovenia,Europe,2017,99.53503,98.05297,2076393.9999999998,1128872.0,951104.0,54.37,45.81,0.87,,
Solomon Islands,Western Pacific,2000,78.68497,,412660.0,65245.99999999999,347363.0,15.81,84.18,-0.74,,
Solomon Islands,Western Pacific,2001,78.7392,,423944.0,68668.0,355185.0,16.2,83.78,,,
Solomon Islands,Western Pacific,2002,78.79454,,435432.0,72241.0,363021.0,16.59,83.37,-0.44,,
Solomon Islands,Western Pacific,2003,78.85101,,447017.0,75955.0,370814.0,16.99,82.95,0.36,,
Solomon Islands,Western Pacific,2004,78.90859,,458539.0,79808.0,378516.0,17.4,82.55,0.02,,
Solomon Islands,Western Pacific,2005,78.1098,,469918.0,83789.0,386096.0,17.83,82.16,-0.02,,
Solomon Islands,Western Pacific,2006,77.15286,,481078.0,87904.0,393518.0,18.27,81.8,0.07,,
Solomon Islands,Western Pacific,2007,76.21346,,492132.0,92152.0,400788.0,18.73,81.44,0.23,,
Solomon Islands,Western Pacific,2008,75.29205,,503360.0,96547.0,407930.0,19.18,81.04,0.21,,
Solomon Islands,Western Pacific,2009,74.3885,,515181.00000000006,101093.0,414986.0,19.62,80.55,0.21,,
Solomon Islands,Western Pacific,2010,73.50322,,527861.0,105810.0,421980.0,20.05,79.94,0.34,,
Solomon Islands,Western Pacific,2011,72.63483,,541521.0,110666.0,428948.0,20.44,79.21,0.31,,
Solomon Islands,Western Pacific,2012,71.78353,,556063.0,115657.0,435874.0,20.8,78.39,0.19,,
Solomon Islands,Western Pacific,2013,70.94907,,571336.0,120778.0,442735.0,21.14,77.49,0.3,,
Solomon Islands,Western Pacific,2014,70.13113,,587079.0,126014.0,449490.0,21.46,76.56,0.47,,
Solomon Islands,Western Pacific,2015,69.32992,,603118.0,131361.0,456121.0,21.78,75.63,0.66,,
Solomon Islands,Western Pacific,2016,68.5448,,619438.0,136808.0,462611.0,22.09,74.68,0.51,6.17562,38.0
Solomon Islands,Western Pacific,2017,67.77596,,636039.0,142360.0,468983.0,22.38,73.73,0.2,,
Somalia,Eastern Mediterranean,2000,19.60301,,8872254.0,2996056.0,6015423.0,33.77,67.8,-1.95,,
Somalia,Eastern Mediterranean,2001,21.67661,,9186725.0,3123322.0,6167501.0,34.0,67.13,,,
Somalia,Eastern Mediterranean,2002,23.74981,,9501342.0,3250860.0,6313307.0,34.21,66.45,-2.38,,
Somalia,Eastern Mediterranean,2003,25.99988,,9815412.0,3418720.0,6417677.0,34.83,65.38,-2.58,,
Somalia,Eastern Mediterranean,2004,28.25033,,10130243.0,3594364.0,6521864.0,35.48,64.38,-2.88,,
Somalia,Eastern Mediterranean,2005,30.37776,,10446863.0,3779950.0,6629975.0,36.18,63.46,-2.71,,
Somalia,Eastern Mediterranean,2006,32.46618,,10763905.0,3976468.0,6741849.0,36.94,62.63,-2.75,,
Somalia,Eastern Mediterranean,2007,32.90709,,11080121.0,3797757.0,7240839.0,34.28,65.35,-3.22,,
Somalia,Eastern Mediterranean,2008,35.28022,,11397188.0,4094183.0,7275093.0,35.92,63.83,-3.28,,
Somalia,Eastern Mediterranean,2009,37.63536,,11717692.0,4407467.0,7300523.0,37.61,62.3,-3.31,,
Somalia,Eastern Mediterranean,2010,39.97921,,12043883.0,4738106.0,7315117.0,39.34,60.74,-3.13,,
Somalia,Eastern Mediterranean,2011,42.3139,,12376301.0,5085937.0,7318788.0,41.09,59.14,-3.08,,
Somalia,Eastern Mediterranean,2012,44.07365,,12715503.0,5304400.0,7459376.0,41.72,58.66,-2.86,,
Somalia,Eastern Mediterranean,2013,45.80128,,13063701.0,5530965.0,7601384.0,42.34,58.19,-2.76,,
Somalia,Eastern Mediterranean,2014,47.49931,,13423568.0,5767236.0,7745889.0,42.96,57.7,-2.52,,
Somalia,Eastern Mediterranean,2015,49.16986,,13797201.0,6014594.0,7893535.0,43.59,57.21,-2.38,,
Somalia,Eastern Mediterranean,2016,50.81511,,14185636.0,6273587.0,8044409.0,44.22,56.71,-2.36,86.57523,12281.0
Somalia,Eastern Mediterranean,2017,52.43619,,14589179.0,6544404.0,8198119.000000001,44.86,56.19,-2.26,,
South Africa,Africa,2000,84.50127,,44967708.0,26015136.0,19713179.0,57.85,43.84,-0.23,,
South Africa,Africa,2001,85.03582,,45571274.0,26610139.0,19774867.0,58.39,43.39,,,
South Africa,Africa,2002,85.57874,,46150913.0,27227072.0,19799101.0,59.0,42.9,-0.25,,
South Africa,Africa,2003,86.11829,,46719196.0,27848704.0,19800023.0,59.61,42.38,-0.31,,
South Africa,Africa,2004,86.64857,,47291610.0,28462429.0,19784966.0,60.18,41.84,-0.13,,
South Africa,Africa,2005,87.16874,,47880601.0,29065720.0,19754866.0,60.7,41.26,-0.16,,
South Africa,Africa,2006,87.67945,,48489459.0,29656918.0,19707664.0,61.16,40.64,0.05,,
South Africa,Africa,2007,88.18076,,49119759.0,30239813.0,19647368.0,61.56,40.0,0.22,,
South Africa,Africa,2008,88.67295,,49779471.0,30828854.0,19583275.0,61.93,39.34,0.05,,
South Africa,Africa,2009,89.15508,,50477011.0,31442228.0,19528590.0,62.29,38.69,-0.11,,
South Africa,Africa,2010,89.62798,,51216964.0,32094811.0,19489852.0,62.66,38.05,-0.03,,
South Africa,Africa,2011,90.09147,,52003755.0,32793180.999999996,19470335.0,63.06,37.44,0.02,,
South Africa,Africa,2012,90.54585,,52832658.0,33532836.000000004,19465377.0,63.47,36.84,-0.03,,
South Africa,Africa,2013,90.99049,,53687121.0,34299907.0,19467489.0,63.89,36.26,-0.05,,
South Africa,Africa,2014,91.4262,,54544186.0,35075661.0,19463910.0,64.31,35.68,-0.15,,
South Africa,Africa,2015,91.85278,,55386367.0,35844349.0,19446876.0,64.72,35.11,-0.21,,
South Africa,Africa,2016,92.27031,,56207646.0,36600982.0,19414491.0,65.12,34.54,-0.14,13.66885,7683.0
South Africa,Africa,2017,92.6787,,57009756.0,37348154.0,19369002.0,65.51,33.97,-0.28,,
South Sudan,Africa,2000,,,,,,,,,,
South Sudan,Africa,2001,,,,,,,,,,
South Sudan,Africa,2002,,,,,,,,,,
South Sudan,Africa,2003,,,,,,,,,,
South Sudan,Africa,2004,,,,,,,,,,
South Sudan,Africa,2005,,,,,,,,,,
South Sudan,Africa,2006,,,,,,,,,,
South Sudan,Africa,2007,,,,,,,,,,
South Sudan,Africa,2008,,,,,,,,,,
South Sudan,Africa,2009,,,,,,,,,,
South Sudan,Africa,2010,,,,,,,,,,
South Sudan,Africa,2011,41.08644,,,,,,,-1.43,,
South Sudan,Africa,2012,41.09379,,10113649.0,1970718.0,8847540.0,19.49,87.48,-1.16,,
South Sudan,Africa,2013,41.06842,,10355035.0,2058304.9999999998,9119185.0,19.88,88.07,-1.73,,
South Sudan,Africa,2014,41.01193,,10554880.0,2147809.0,9383162.0,20.35,88.9,-2.65,,
South Sudan,Africa,2015,40.92653,,10715658.0,2240020.0,9642116.0,20.9,89.98,-2.38,,
South Sudan,Africa,2016,40.8139,,10832518.0,2335056.0,9895674.0,21.56,91.35,-2.42,63.28665,6856.0
South Sudan,Africa,2017,40.67601,,10910763.0,2432887.0,10142827.0,22.3,92.96,-2.45,,
Spain,Europe,2000,100.0,98.83858,40824754.0,31194106.0,9709605.0,76.41,23.78,0.46,,
Spain,Europe,2001,100.0,98.81949,41319427.0,31599913.0,9792190.0,76.48,23.7,,,
Spain,Europe,2002,100.0,98.80041,41919585.0,32132923.0,9852597.0,76.65,23.5,0.44,,
Spain,Europe,2003,100.0,98.78132,42596453.0,32748530.0,9904876.0,76.88,23.25,-0.04,,
Spain,Europe,2004,100.0,98.76224,43308345.0,33390174.0,9961494.0,77.1,23.0,-0.09,,
Spain,Europe,2005,100.0,98.74315,44019123.0,34028496.0,10014136.0,77.3,22.75,0.2,,
Spain,Europe,2006,100.0,98.72406,44728565.0,34663246.0,10062286.0,77.5,22.5,-0.15,,
Spain,Europe,2007,99.99999,98.70497,45429076.0,35289121.0,10104737.0,77.68,22.24,-0.28,,
Spain,Europe,2008,100.0,98.68588,46068811.0,35867295.0,10130511.0,77.86,21.99,-0.38,,
Spain,Europe,2009,100.0,98.6668,46583565.0,36348886.0,10127186.0,78.03,21.74,-0.47,,
Spain,Europe,2010,100.0,98.64772,46931015.0,36702035.0,10086595.0,78.2,21.49,-0.32,,
Spain,Europe,2011,100.0,98.62863,47084240.0,36904697.0,10004441.0,78.38,21.25,0.02,,
Spain,Europe,2012,99.98617,98.59591,47063060.0,36971313.0,9886091.0,78.56,21.01,-0.03,,
Spain,Europe,2013,99.95663,98.54771,46930555.0,36953005.0,9744548.0,78.74,20.76,0.01,,
Spain,Europe,2014,99.92694,98.49935,46777925.0,36922603.0,9599224.0,78.93,20.52,0.24,,
Spain,Europe,2015,99.92673,98.48007,46671926.0,36933458.0,9464206.0,79.13,20.28,0.25,,
Spain,Europe,2016,99.92651,98.46078,46634140.0,37003839.0,9343737.0,79.35,20.04,0.41,0.15183,71.0
Spain,Europe,2017,99.92628,98.44149,46647428.0,37120403.0,9233918.0,79.58,19.8,0.28,,
Sri Lanka,South-East Asia,2000,79.54816,,18777601.0,3452171.0,15329767.0,18.38,81.64,-1.9,,
Sri Lanka,South-East Asia,2001,80.15523,,18911730.0,3473354.0,15439700.0,18.37,81.64,,,
Sri Lanka,South-East Asia,2002,80.73649,,19062482.0,3497272.0,15562028.0,18.35,81.64,-0.78,,
Sri Lanka,South-East Asia,2003,81.31739,,19224037.0,3522936.0,15692371.0,18.33,81.63,-0.83,,
Sri Lanka,South-East Asia,2004,81.89775,,19387153.0,3548774.0,15823764.0,18.3,81.62,-1.01,,
Sri Lanka,South-East Asia,2005,82.47739,,19544988.0,3573620.0,15950938.0,18.28,81.61,-1.15,,
Sri Lanka,South-East Asia,2006,83.05666,,19695972.0,3597241.0,16072910.0,18.26,81.61,-1.42,,
Sri Lanka,South-East Asia,2007,83.63522,,19842044.0,3619915.0,16190874.0,18.24,81.6,-1.75,,
Sri Lanka,South-East Asia,2008,84.21339,,19983984.0,3641521.0,16304311.0,18.22,81.59,-1.8,,
Sri Lanka,South-East Asia,2009,84.79101,,20123508.0,3662041.0,16413044.999999998,18.2,81.56,-1.34,,
Sri Lanka,South-East Asia,2010,85.36794,,20261737.0,3681427.0,16516926.0,18.17,81.52,-0.94,,
Sri Lanka,South-East Asia,2011,85.94447,,20398497.0,3699575.0,16615442.0,18.14,81.45,-0.72,,
Sri Lanka,South-East Asia,2012,86.52045,,20532600.0,3716388.0,16708167.000000002,18.1,81.37,-0.72,,
Sri Lanka,South-East Asia,2013,87.09783,,20663046.0,3735549.0,16791684.0,18.08,81.26,-0.61,,
Sri Lanka,South-East Asia,2014,87.67645,,20788511.0,3757194.0,16866370.0,18.07,81.13,-0.33,,
Sri Lanka,South-East Asia,2015,88.25597,,20908027.0,3781471.0,16932569.0,18.09,80.99,0.09,,
Sri Lanka,South-East Asia,2016,88.83598,,21021171.0,3808409.0,16990083.0,18.12,80.82,0.0,1.19003,250.0
Sri Lanka,South-East Asia,2017,89.41629,,21128032.0,3838068.0,17038849.0,18.17,80.65,-0.07,,
Sudan,Eastern Mediterranean,2000,43.42978,,,,,,,-2.24,,
Sudan,Eastern Mediterranean,2001,43.44304,,,,,,,,,
Sudan,Eastern Mediterranean,2002,43.4563,,,,,,,-1.84,,
Sudan,Eastern Mediterranean,2003,43.46955,,,,,,,-1.98,,
Sudan,Eastern Mediterranean,2004,43.48281,,,,,,,-1.55,,
Sudan,Eastern Mediterranean,2005,44.87897,,,,,,,-1.98,,
Sudan,Eastern Mediterranean,2006,46.27477,,,,,,,-2.14,,
Sudan,Eastern Mediterranean,2007,47.67023,,,,,,,-2.36,,
Sudan,Eastern Mediterranean,2008,49.06533,,,,,,,-2.49,,
Sudan,Eastern Mediterranean,2009,50.46498,,,,,,,-2.65,,
Sudan,Eastern Mediterranean,2010,51.86921,,,,,,,-2.67,,
Sudan,Eastern Mediterranean,2011,53.2778,,,,,,,-2.52,,
Sudan,Eastern Mediterranean,2012,54.6903,,36193783.0,12001266.0,23988926.0,33.16,66.28,-2.26,,
Sudan,Eastern Mediterranean,2013,56.10672,,37072550.0,12347209.0,24502709.0,33.31,66.09,-2.19,,
Sudan,Eastern Mediterranean,2014,57.52663,,37977655.0,12713682.0,25024231.0,33.48,65.89,-2.36,,
Sudan,Eastern Mediterranean,2015,58.95025,,38902950.0,13099314.0,25548489.0,33.67,65.67,-2.16,,
Sudan,Eastern Mediterranean,2016,60.21589,,39847439.0,13504639.0,26074189.0,33.89,65.44,-2.34,17.32224,6902.0
Sudan,Eastern Mediterranean,2017,60.26709,,40813397.0,13931288.0,26602042.0,34.13,65.18,-1.98,,
Suriname,Americas,2000,89.56471,,470949.0,313876.0,158514.0,66.65,33.66,0.21,,
Suriname,Americas,2001,89.91393,,476579.0,317780.0,159960.0,66.68,33.56,,,
Suriname,Americas,2002,90.26084,,482235.0,321663.0,161381.0,66.7,33.47,0.49,,
Suriname,Americas,2003,90.60499,,487942.0,325542.0,162790.0,66.72,33.36,0.48,,
Suriname,Americas,2004,90.94662,,493679.0,329435.0,164195.0,66.73,33.26,0.3,,
Suriname,Americas,2005,91.26084,,499464.0,332708.0,166238.0,66.61,33.28,0.23,,
Suriname,Americas,2006,91.57267,,505295.0,335942.0,168365.0,66.48,33.32,-0.02,,
Suriname,Americas,2007,91.88438,,511181.0,339194.0,170511.0,66.35,33.36,-0.02,,
Suriname,Americas,2008,92.19614,,517123.00000000006,342467.0,172681.0,66.23,33.39,0.1,,
Suriname,Americas,2009,92.50813,,523111.0,345752.0,174867.0,66.1,33.43,0.15,,
Suriname,Americas,2010,92.81998,,529131.0,349037.0,177066.0,65.96,33.46,0.08,,
Suriname,Americas,2011,93.13188,,535179.0,352316.0,179273.0,65.83,33.5,0.12,,
Suriname,Americas,2012,93.44381,,541245.0,355588.0,181489.0,65.7,33.53,0.08,,
Suriname,Americas,2013,93.83449,,547291.0,358836.0,183704.0,65.57,33.57,0.13,,
Suriname,Americas,2014,94.22839,,553273.0,362122.0,185806.0,65.45,33.58,0.25,,
Suriname,Americas,2015,94.43904,,559143.0,365427.0,187781.0,65.35,33.58,0.26,,
Suriname,Americas,2016,94.5194,,564888.0,368745.0,189623.0,65.28,33.57,0.16,2.00714,11.0
Suriname,Americas,2017,95.42474,,570496.0,372076.0,191326.0,65.22,33.54,0.13,,
Sweden,Europe,2000,100.0,99.94,8881640.0,7462891.0,1418749.0,84.03,15.97,1.39,,
Sweden,Europe,2001,100.0,99.94,8897793.0,7480476.0,1417317.0,84.07,15.93,,,
Sweden,Europe,2002,100.0,99.94,8920710.0,7505286.0,1415408.0,84.13,15.87,1.48,,
Sweden,Europe,2003,100.0,99.94,8951436.0,7536697.0,1414725.0,84.2,15.8,1.34,,
Sweden,Europe,2004,100.0,99.94,8990654.0,7575289.0,1415350.0,84.26,15.74,1.36,,
Sweden,Europe,2005,100.0,99.93999,9038623.0,7621289.0,1417334.0,84.32,15.68,1.3,,
Sweden,Europe,2006,100.0,99.94,9096165.0,7679940.0,1416324.0,84.43,15.57,1.29,,
Sweden,Europe,2007,100.0,99.94,9162939.0,7751030.0,1412213.0,84.59,15.41,1.27,,
Sweden,Europe,2008,100.0,99.94,9236428.0,7827880.0,1409010.0,84.75,15.25,1.13,,
Sweden,Europe,2009,100.0,99.94,9313087.0,7907296.0,1406182.0,84.91,15.1,1.09,,
Sweden,Europe,2010,100.0,99.94,9390168.0,7986934.0,1403234.0,85.06,14.94,1.09,,
Sweden,Europe,2011,100.0,99.93999,9466710.0,8074085.0,1391807.0,85.29,14.7,1.23,,
Sweden,Europe,2012,100.0,99.93999,9542812.0,8168910.0,1371997.0,85.6,14.38,1.17,,
Sweden,Europe,2013,100.0,99.93999,9618016.0,8262986.000000001,1352261.0,85.91,14.06,1.13,,
Sweden,Europe,2014,100.0,99.93999,9692131.0,8356825.000000001,1332551.0,86.22,13.75,1.07,,
Sweden,Europe,2015,100.0,99.94,9764950.0,8450611.0,1312954.0,86.54,13.45,0.95,,
Sweden,Europe,2016,100.0,99.93999,9836007.0,8544134.0,1293399.0,86.87,13.15,1.02,0.21519,21.0
Sweden,Europe,2017,100.0,99.94,9904896.0,8636758.0,1273943.0,87.2,12.86,0.98,,
Switzerland,Europe,2000,100.0,92.82433,7143761.0,5259555.0,1907695.0,73.62,26.7,1.58,,
Switzerland,Europe,2001,100.0,92.82433,7179169.0,5284957.0,1917728.0,73.62,26.71,,,
Switzerland,Europe,2002,100.0,92.82433,7220377.0,5317083.0,1926831.0,73.64,26.69,1.54,,
Switzerland,Europe,2003,100.0,92.82432,7268359.0,5354185.0,1937708.0,73.66,26.66,1.25,,
Switzerland,Europe,2004,100.0,93.06351,7323737.0,5396731.0,1950516.0,73.69,26.63,1.23,,
Switzerland,Europe,2005,100.0,93.3027,7386816.0,5444962.0,1965346.0,73.71,26.61,1.2,,
Switzerland,Europe,2006,100.0,93.54189,7457958.0,5499135.0,1982272.0,73.74,26.58,1.27,,
Switzerland,Europe,2007,100.0,93.78107,7536982.0,5559117.0,2001241.0,73.76,26.55,1.23,,
Switzerland,Europe,2008,100.0,94.02027,7622821.0,5624146.0,2021967.0,73.78,26.53,1.22,,
Switzerland,Europe,2009,100.0,94.25946,7713898.0,5693108.0,2044053.0,73.8,26.5,1.31,,
Switzerland,Europe,2010,100.0,94.49865,7808675.0,5764887.0,2067083.9999999998,73.83,26.47,1.26,,
Switzerland,Europe,2011,100.0,94.73784,7906992.0,5839234.0,2091187.0,73.85,26.45,1.3,,
Switzerland,Europe,2012,100.0,94.97703,8008012.0,5915529.0,2116141.0,73.87,26.43,1.42,,
Switzerland,Europe,2013,100.0,95.21622,8108878.0,5991681.0,2140993.0,73.89,26.4,1.4,,
Switzerland,Europe,2014,100.0,95.45541,8206002.0,6064895.0,2164734.0,73.91,26.38,1.4,,
Switzerland,Europe,2015,100.0,95.45541,8296775.0,6133126.0,2186643.0,73.92,26.36,1.34,,
Switzerland,Europe,2016,100.0,95.45541,8379916.999999999,6195374.0,2206365.0,73.93,26.33,1.31,0.13784,12.0
Switzerland,Europe,2017,100.0,95.45541,8455804.0,6251968.0,2224037.0,73.94,26.3,1.26,,
Syrian Arab Republic,Eastern Mediterranean,2000,94.86642,,16410848.000000002,8524885.0,7885963.0,51.95,48.05,-0.18,,
Syrian Arab Republic,Eastern Mediterranean,2001,95.03363,,16766561.000000002,8771452.0,7995447.0,52.32,47.69,,,
Syrian Arab Republic,Eastern Mediterranean,2002,95.19862,,17084632.0,9002214.0,8085687.0,52.69,47.33,0.28,,
Syrian Arab Republic,Eastern Mediterranean,2003,95.36121,,17415214.0,9238662.0,8176604.0,53.05,46.95,0.06,,
Syrian Arab Republic,Eastern Mediterranean,2004,95.5216,,17827825.0,9511737.0,8294901.0,53.35,46.53,-0.29,,
Syrian Arab Republic,Eastern Mediterranean,2005,95.67944,,18361176.0,9839155.0,8455456.0,53.59,46.05,-0.46,,
Syrian Arab Republic,Eastern Mediterranean,2006,95.83492,,19059258.0,10241766.0,8673211.0,53.74,45.51,-0.28,,
Syrian Arab Republic,Eastern Mediterranean,2007,95.9882,,19878254.0,10701943.0,8930863.0,53.84,44.93,-0.34,,
Syrian Arab Republic,Eastern Mediterranean,2008,96.13911,,20664038.0,11153527.0,9171916.0,53.98,44.39,-0.34,,
Syrian Arab Republic,Eastern Mediterranean,2009,96.28762,,21205873.0,11503126.0,9321767.0,54.25,43.96,-0.51,,
Syrian Arab Republic,Eastern Mediterranean,2010,96.43392,,21362529.0,11686472.0,9332362.0,54.71,43.69,-0.81,,
Syrian Arab Republic,Eastern Mediterranean,2011,96.49895,,21081815.0,11387554.0,9476439.0,54.02,44.95,-2.01,,
Syrian Arab Republic,Eastern Mediterranean,2012,96.57011,,20438856.0,10936224.0,9484477.0,53.51,46.4,-2.68,,
Syrian Arab Republic,Eastern Mediterranean,2013,96.64764,,19578461.0,10405559.0,9403582.0,53.15,48.03,-2.68,,
Syrian Arab Republic,Eastern Mediterranean,2014,96.73147,,18710711.0,9889591.0,9313499.0,52.86,49.78,-2.75,,
Syrian Arab Republic,Eastern Mediterranean,2015,96.89738,,17997408.0,9773578.0,8961409.0,54.31,49.79,-2.97,,
Syrian Arab Republic,Eastern Mediterranean,2016,97.05907,,17465575.0,9737763.0,8692690.0,55.75,49.77,-2.92,3.6654,640.0
Syrian Arab Republic,Eastern Mediterranean,2017,97.21651,,17095678.0,9774379.0,8495489.0,57.17,49.69,-2.62,,
Tajikistan,Europe,2000,55.90601,35.24668,6216341.0,1647352.0,4568853.0,26.5,73.5,-1.65,,
Tajikistan,Europe,2001,57.32143,36.43213,6318513.0,1676865.0,4650260.0,26.54,73.6,,,
Tajikistan,Europe,2002,58.74521,37.65243,6426867.0,1708937.0,4738751.0,26.59,73.73,-0.98,,
Tajikistan,Europe,2003,60.17734,38.9076,6541547.0,1743301.0,4833576.0,26.65,73.89,-1.1,,
Tajikistan,Europe,2004,61.61742,40.19707,6662389.0,1779466.0,4933375.0,26.71,74.05,-1.31,,
Tajikistan,Europe,2005,63.06628,41.52198,6789321.0,1817059.0,5037117.0,26.76,74.19,-1.39,,
Tajikistan,Europe,2006,64.52349,42.88173,6922587.0,1855996.0,5144561.0,26.81,74.32,-1.39,,
Tajikistan,Europe,2007,65.98906,44.27634,7062672.0,1896382.0,5256003.0,26.85,74.42,-0.75,,
Tajikistan,Europe,2008,67.46297,45.24455,7209930.0,1938237.0,5371491.0,26.88,74.5,-0.83,,
Tajikistan,Europe,2009,68.94524,45.65298,7364753.0,1981621.0,5491198.0,26.91,74.56,-1.03,,
Tajikistan,Europe,2010,70.43587,46.02968,7527394.0,2026528.0,5615102.0,26.92,74.6,-1.03,,
Tajikistan,Europe,2011,71.93454,46.37447,7697510.0,2072902.9999999998,5743046.0,26.93,74.61,-1.02,,
Tajikistan,Europe,2012,73.44818,46.69177,7874835.0,2122257.0,5872805.0,26.95,74.58,-1.24,,
Tajikistan,Europe,2013,74.97488,46.98115,8059769.0,2174403.0,6003406.0,26.98,74.49,-1.18,,
Tajikistan,Europe,2014,76.51419,47.24315,8252833.000000001,2229083.0,6133662.0,27.01,74.32,-0.69,,
Tajikistan,Europe,2015,78.06479,47.47783,8454028.0,2286101.0,6262550.0,27.04,74.08,-0.88,,
Tajikistan,Europe,2016,79.62585,47.68568,8663579.0,2345435.0,6389516.0,27.07,73.75,-0.78,2.70048,234.0
Tajikistan,Europe,2017,81.19627,47.86705,8880268.0,2407140.0,6514203.0,27.11,73.36,-0.67,,
Thailand,South-East Asia,2000,93.62749,,62952642.0,19759915.0,43198106.0,31.39,68.62,0.46,,
Thailand,South-East Asia,2001,94.07426,,63539196.0,20682166.0,42861156.0,32.55,67.46,,,
Thailand,South-East Asia,2002,94.5142,,64069087.0,21614402.0,42458762.0,33.74,66.27,0.51,,
Thailand,South-East Asia,2003,94.94686,,64549866.0,22555867.0,41999085.0,34.94,65.06,-0.14,,
Thailand,South-East Asia,2004,95.37205,,64995299.0,23510333.0,41491898.0,36.17,63.84,-0.72,,
Thailand,South-East Asia,2005,95.79865,,65416189.0,24476532.0,40948938.0,37.42,62.6,-0.87,,
Thailand,South-East Asia,2006,96.21704,,65812535.99999999,25455995.0,40368169.0,38.68,61.34,-1.13,,
Thailand,South-East Asia,2007,96.61889,,66182066.99999999,26444821.0,39750794.0,39.96,60.06,-1.11,,
Thailand,South-East Asia,2008,97.00861,,66530984.0,27444724.0,39101036.0,41.25,58.77,-1.27,,
Thailand,South-East Asia,2009,97.38845,,66866839.00000001,28453448.0,38428419.0,42.55,57.47,-1.42,,
Thailand,South-East Asia,2010,97.75838,,67195028.0,29475114.0,37733694.0,43.87,56.16,-1.44,,
Thailand,South-East Asia,2011,98.10784,,67518388.0,30184470.0,37345660.0,44.71,55.31,-1.13,,
Thailand,South-East Asia,2012,98.44902,,67835962.0,30831808.0,37012171.0,45.45,54.56,-1.22,,
Thailand,South-East Asia,2013,98.78436,,68144518.0,31477014.0,36666051.0,46.19,53.81,-1.31,,
Thailand,South-East Asia,2014,99.11123,,68438746.0,32116660.0,36300112.0,46.93,53.04,-0.91,,
Thailand,South-East Asia,2015,99.29021,,68714511.0,32745680.0,35911920.0,47.65,52.26,-0.99,,
Thailand,South-East Asia,2016,99.3738,,68971308.0,33362839.999999996,35500674.0,48.37,51.47,-0.99,3.50653,2418.0
Thailand,South-East Asia,2017,99.93071,,69209810.0,33966456.0,35071057.0,49.08,50.67,-0.75,,
Timor-Leste,South-East Asia,2000,,,884366.0,211480.0,660127.0,23.91,74.64,0.44,,
Timor-Leste,South-East Asia,2001,,,901214.0,219734.0,672797.0,24.38,74.65,,,
Timor-Leste,South-East Asia,2002,50.61625,,922694.0,230763.0,693062.0,25.01,75.11,-0.49,,
Timor-Leste,South-East Asia,2003,52.13512,,947108.0,243504.0,717348.0,25.71,75.74,-0.29,,
Timor-Leste,South-East Asia,2004,53.6585,,971893.0,256250.0,740448.0,26.37,76.19,-0.16,,
Timor-Leste,South-East Asia,2005,55.17448,,995135.0,267304.0,759180.0,26.86,76.29,-0.71,,
Timor-Leste,South-East Asia,2006,56.69437,,1016432.0,276560.0,772061.0,27.21,75.96,-1.16,,
Timor-Leste,South-East Asia,2007,58.2182,,1036392.0,284447.0,780526.0,27.45,75.31,-1.1,,
Timor-Leste,South-East Asia,2008,59.74665,,1055431.0,291609.0,786501.0,27.63,74.52,-0.8,,
Timor-Leste,South-East Asia,2009,61.78516,,1074277.0,299091.0,792930.0,27.84,73.81,-0.57,,
Timor-Leste,South-East Asia,2010,63.8485,,1093523.0,307717.0,801874.0,28.14,73.33,-0.47,,
Timor-Leste,South-East Asia,2011,65.93702,,1113151.0,317718.0,813805.0,28.54,73.11,-0.46,,
Timor-Leste,South-East Asia,2012,68.04977,,1132994.0,328847.0,827913.0,29.02,73.07,-0.28,,
Timor-Leste,South-East Asia,2013,70.18645,,1153294.0,340853.0,843513.0,29.55,73.14,-0.38,,
Timor-Leste,South-East Asia,2014,72.34708,,1174331.0,353335.0,859479.0,30.09,73.19,-0.18,,
Timor-Leste,South-East Asia,2015,74.53134,,1196302.0,365966.0,875011.0,30.59,73.14,-0.27,,
Timor-Leste,South-East Asia,2016,76.65939,,1219288.0,378697.0,889974.0,31.06,72.99,-0.01,9.91329,121.0
Timor-Leste,South-East Asia,2017,78.34386,,1243258.0,391642.0,904669.0,31.5,72.77,0.07,,
Togo,Africa,2000,45.88497,,4924402.0,1635589.0,3334778.0,33.21,67.72,-0.29,,
Togo,Africa,2001,47.04417,,5062567.0,1705079.0,3406691.0,33.68,67.29,,,
Togo,Africa,2002,48.19999,,5197031.0,1775456.0,3476016.0,34.16,66.88,0.05,,
Togo,Africa,2003,49.35188,,5330639.0,1847338.0,3544063.0,34.66,66.48,-0.19,,
Togo,Africa,2004,50.49981,,5467766.0,1921826.0,3612772.0,35.15,66.07,-0.32,,
Togo,Africa,2005,51.64329,,5611640.0,1999646.0,3683622.0,35.63,65.64,-1.45,,
Togo,Africa,2006,52.78275,,5762880.0,2081123.0,3756669.0,36.11,65.19,-0.53,,
Togo,Africa,2007,53.91818,,5920359.0,2166028.0,3831357.0,36.59,64.71,-0.34,,
Togo,Africa,2008,55.04998,,6083420.0,2254389.0,3907407.0,37.06,64.23,-0.17,,
Togo,Africa,2009,56.17632,,6250835.0,2345958.0,3984514.0,37.53,63.74,-0.17,,
Togo,Africa,2010,57.29899,,6421679.0,2440749.0,4062203.0,38.01,63.26,-0.18,,
Togo,Africa,2011,58.42668,,6595943.0,2540256.0,4139026.0,38.51,62.75,-0.16,,
Togo,Africa,2012,59.55515,,6773809.0,2644047.0,4215435.0,39.03,62.23,-0.39,,
Togo,Africa,2013,60.6782,,6954722.0,2751047.0,4291901.0,39.56,61.71,-0.35,,
Togo,Africa,2014,61.79667,,7138000.0,2861156.0,4367759.0,40.08,61.19,-0.17,,
Togo,Africa,2015,62.91055,,7323158.0,2974138.0,4442664.0,40.61,60.67,-0.23,,
Togo,Africa,2016,64.02144,,7509951.0,3090315.0,4516059.0,41.15,60.13,-0.17,41.63327,3127.0
Togo,Africa,2017,65.12884,,7698474.0,3209660.0,4588034.0,41.69,59.6,-0.88,,
Tonga,Western Pacific,2000,98.492,,97973.0,22571.0,75511.0,23.04,77.07,,,
Tonga,Western Pacific,2001,98.49158,,98487.0,22721.0,75890.0,23.07,77.06,,,
Tonga,Western Pacific,2002,98.49117,,99022.0,22881.0,76303.0,23.11,77.06,,,
Tonga,Western Pacific,2003,98.49075,,99589.0,23049.0,76740.0,23.14,77.06,0.63,,
Tonga,Western Pacific,2004,98.49032,,100218.0,23221.0,77185.0,23.17,77.02,0.82,,
Tonga,Western Pacific,2005,98.63161,,100905.0,23396.0,77645.0,23.19,76.95,0.68,,
Tonga,Western Pacific,2006,98.77295,,101706.0,23576.0,78113.0,23.18,76.8,0.47,,
Tonga,Western Pacific,2007,98.91422,,102581.0,23775.0,78582.0,23.18,76.6,0.28,,
Tonga,Western Pacific,2008,99.0555,,103379.0,23981.0,79024.0,23.2,76.44,0.28,,
Tonga,Western Pacific,2009,99.1969,,103890.0,24176.0,79428.0,23.27,76.45,0.21,,
Tonga,Western Pacific,2010,99.33846,,103986.0,24357.0,79780.0,23.42,76.72,0.69,,
Tonga,Western Pacific,2011,99.48015,,103562.0,24516.0,80061.0,23.67,77.31,0.94,,
Tonga,Western Pacific,2012,99.62225,,102737.0,24595.0,80356.0,23.94,78.22,0.89,,
Tonga,Western Pacific,2013,99.76447,,101768.0,24627.0,80701.0,24.2,79.3,0.94,,
Tonga,Western Pacific,2014,99.90655,,101028.0,24677.0,81105.0,24.43,80.28,0.85,,
Tonga,Western Pacific,2015,99.90665,,100781.0,24756.0,81608.0,24.56,80.98,0.89,,
Tonga,Western Pacific,2016,99.90674,,101133.0,24876.0,82246.0,24.6,81.32,0.92,1.42545,1.0
Tonga,Western Pacific,2017,99.90683,,101998.0,25027.0,82993.0,24.54,81.37,0.79,,
Trinidad and Tobago,Americas,2000,91.82783,,1267153.0,708868.0,559116.0,55.94,44.12,0.15,,
Trinidad and Tobago,Americas,2001,92.27776,,1271632.0,708944.0,563436.0,55.75,44.31,,,
Trinidad and Tobago,Americas,2002,92.72746,,1277213.0,709588.0,568249.0,55.56,44.49,-0.09,,
Trinidad and Tobago,Americas,2003,93.17691,,1283559.0,710629.0,573423.0,55.36,44.67,-0.25,,
Trinidad and Tobago,Americas,2004,93.62612,,1290123.0,711789.0,578746.0,55.17,44.86,-0.07,,
Trinidad and Tobago,Americas,2005,94.07509,,1296502.0,712883.0,584051.0,54.99,45.05,-0.12,,
Trinidad and Tobago,Americas,2006,94.52381,,1302561.0,713844.0,589300.0,54.8,45.24,-0.24,,
Trinidad and Tobago,Americas,2007,94.97229,,1308451.0,714729.0,594531.0,54.62,45.44,-0.19,,
Trinidad and Tobago,Americas,2008,95.42052,,1314443.0,715584.0,599788.0,54.44,45.63,-0.12,,
Trinidad and Tobago,Americas,2009,95.86852,,1320930.0,716493.0,605125.0,54.24,45.81,-0.14,,
Trinidad and Tobago,Americas,2010,96.31626,,1328147.0,717501.0,610599.0,54.02,45.97,-0.05,,
Trinidad and Tobago,Americas,2011,96.76377,,1336178.0,718595.0,616193.0,53.78,46.12,0.14,,
Trinidad and Tobago,Americas,2012,97.21104,,1344819.0,720039.0,621549.0,53.54,46.22,0.1,,
Trinidad and Tobago,Americas,2013,98.18496,,1353703.0,721712.0,626536.0,53.31,46.28,0.09,,
Trinidad and Tobago,Americas,2014,98.18496,,1362345.0,723470.0,631023.0,53.1,46.32,0.25,,
Trinidad and Tobago,Americas,2015,98.18496,,1370328.0,725194.0,634898.0,52.92,46.33,0.29,,
Trinidad and Tobago,Americas,2016,98.18496,,1377560.0,726847.0,638115.0,52.76,46.32,0.29,0.14189,2.0
Trinidad and Tobago,Americas,2017,98.18496,,1384059.0,728446.0,640679.0,52.63,46.29,0.28,,
Tunisia,Eastern Mediterranean,2000,87.89997,40.92445,9708350.0,6152385.0,3546812.0,63.37,36.53,0.32,,
Tunisia,Eastern Mediterranean,2001,88.33685,45.30992,9793903.0,6245011.0,3540690.0,63.76,36.15,,,
Tunisia,Eastern Mediterranean,2002,88.76899,49.73199,9871251.0,6333124.0,3531202.0,64.16,35.77,0.15,,
Tunisia,Eastern Mediterranean,2003,89.19678,54.19005,9945277.0,6419546.0,3520132.0,64.55,35.4,0.32,,
Tunisia,Eastern Mediterranean,2004,89.61597,58.6819,10022277.0,6506469.0,3511132.0,64.92,35.03,0.15,,
Tunisia,Eastern Mediterranean,2005,90.01215,63.2012,10106771.0,6590593.0,3511889.0,65.21,34.75,0.02,,
Tunisia,Eastern Mediterranean,2006,90.40527,67.75428,10201214.0,6680881.0,3515255.0,65.49,34.46,0.21,,
Tunisia,Eastern Mediterranean,2007,90.79485,72.34045,10304726.0,6777049.0,3521038.0,65.77,34.17,0.16,,
Tunisia,Eastern Mediterranean,2008,91.18118,76.95932,10414433.0,6878545.0,3528791.0,66.05,33.88,0.1,,
Tunisia,Eastern Mediterranean,2009,91.687,81.61039,10525694.0,6983943.0,3537891.0,66.35,33.61,0.06,,
Tunisia,Eastern Mediterranean,2010,92.46056,86.29308,10635244.0,7092304.0,3547627.0,66.69,33.36,-0.06,,
Tunisia,Eastern Mediterranean,2011,93.23127,90.85251,10741880.0,7203504.0,3557963.0,67.06,33.12,-0.35,,
Tunisia,Eastern Mediterranean,2012,93.99876,91.21785,10847002.0,7317762.0,3568906.0,67.46,32.9,-0.72,,
Tunisia,Eastern Mediterranean,2013,94.76262,91.57965,10952951.0,7434316.0,3580242.0,67.88,32.69,-0.9,,
Tunisia,Eastern Mediterranean,2014,95.45728,91.87399,11063201.0,7552477.0,3591431.0,68.27,32.46,-0.85,,
Tunisia,Eastern Mediterranean,2015,95.72655,92.13805,11179949.0,7672383.0,3601278.0,68.63,32.21,-0.96,,
Tunisia,Eastern Mediterranean,2016,95.9924,92.39928,11303945.0,7793657.0,3609591.0,68.95,31.93,-1.14,1.01527,115.0
Tunisia,Eastern Mediterranean,2017,96.25471,92.65752,11433443.0,7915930.0,3616197.0,69.23,31.63,-1.02,,
Turkey,Europe,2000,95.49076,,63240194.0,40942328.0,22297793.0,64.74,35.26,-0.8,,
Turkey,Europe,2001,95.53819,,64192243.0,41942894.0,22248580.0,65.34,34.66,,,
Turkey,Europe,2002,95.84155,,65145367.0,42977378.0,22165676.0,65.97,34.02,-0.81,,
Turkey,Europe,2003,96.13482,,66089402.0,44014297.0,22071506.0,66.6,33.4,-0.77,,
Turkey,Europe,2004,96.41821,,67010929.99999999,45045805.0,21962050.0,67.22,32.77,-0.83,,
Turkey,Europe,2005,96.69164,,67903469.0,46065593.0,21837813.0,67.84,32.16,-0.6,,
Turkey,Europe,2006,96.95546,,68756810.0,47068425.0,21694980.0,68.46,31.55,-0.59,,
Turkey,Europe,2007,97.20967,,69581848.0,48059328.0,21537953.0,69.07,30.95,-0.82,,
Turkey,Europe,2008,97.45454,,70418604.0,49062528.0,21377504.0,69.67,30.36,-0.82,,
Turkey,Europe,2009,97.69006,,71321399.0,50109585.0,21229600.0,70.26,29.77,-1.03,,
Turkey,Europe,2010,97.91648,,72326988.0,51225748.0,21101166.0,70.83,29.17,-0.92,,
Turkey,Europe,2011,98.1339,,73443250.0,52416164.0,20993291.0,71.37,28.58,-0.96,,
Turkey,Europe,2012,98.34251,,74651050.0,53670565.0,20899302.0,71.9,28.0,-1.22,,
Turkey,Europe,2013,98.5424,,75925462.0,54969290.0,20818043.0,72.4,27.42,-1.25,,
Turkey,Europe,2014,98.73387,,77229256.0,56291807.0,20738821.0,72.89,26.85,-1.09,,
Turkey,Europe,2015,98.89722,,78529409.0,57616730.0,20654742.0,73.37,26.3,-1.49,,
Turkey,Europe,2016,98.88087,,79827871.0,58945516.0,20566910.0,73.84,25.76,-2.01,0.2957,236.0
Turkey,Europe,2017,98.87572,,81116450.0,60271457.0,20473563.0,74.3,25.24,-1.79,,
Turkmenistan,Europe,2000,86.98167,65.94715,4516133.0,2073509.0,2442622.0,45.91,54.09,0.01,,
Turkmenistan,Europe,2001,87.74287,67.19485,4564083.0,2105750.0,2458330.0,46.14,53.86,,,
Turkmenistan,Europe,2002,88.49863,68.45618,4610005.0,2137289.0,2472713.0,46.36,53.64,0.07,,
Turkmenistan,Europe,2003,89.24879,69.73052,4655743.0,2168955.0,2486786.0,46.59,53.41,0.05,,
Turkmenistan,Europe,2004,89.99335,71.01758,4703401.0,2201746.0,2501652.0,46.81,53.19,-0.12,,
Turkmenistan,Europe,2005,90.77705,72.89149,4754646.0,2237159.0,2517482.0,47.05,52.95,0.07,,
Turkmenistan,Europe,2006,91.55625,74.78707,4810109.0,2275587.0,2534518.0,47.31,52.69,-0.25,,
Turkmenistan,Europe,2007,92.33065,76.70368,4870141.0,2317239.0,2552898.0,47.58,52.42,0.28,,
Turkmenistan,Europe,2008,93.09957,78.63979,4935767.0,2362669.0,2573093.0,47.87,52.13,0.53,,
Turkmenistan,Europe,2009,93.86292,80.59515,5007954.0,2412420.0,2595530.0,48.17,51.83,0.48,,
Turkmenistan,Europe,2010,94.61871,82.56702,5087213.0,2466832.0,2620378.0,48.49,51.51,0.33,,
Turkmenistan,Europe,2011,95.3599,84.5481,5174085.0,2526258.0,2647803.0,48.83,51.17,0.23,,
Turkmenistan,Europe,2012,96.09415,86.54488,5267900.0,2590484.0,2677355.0,49.17,50.82,0.43,,
Turkmenistan,Europe,2013,96.82558,88.56068,5366378.0,2658498.0,2707779.0,49.54,50.46,0.25,,
Turkmenistan,Europe,2014,97.52812,90.23609,5466328.0,2728827.0,2737414.0,49.92,50.08,0.07,,
Turkmenistan,Europe,2015,98.2223,91.7131,5565287.0,2800294.0,2764990.0,50.32,49.68,-0.09,,
Turkmenistan,Europe,2016,98.70372,93.0056,5662368.0,2872487.0,2790057.0,50.73,49.27,-0.19,3.97765,225.0
Turkmenistan,Europe,2017,98.81433,93.90399,5757667.0,2945446.0,2812629.0,51.16,48.85,-0.13,,
Tuvalu,Western Pacific,2000,,,9394.0,4335.0,5085.0,46.15,54.13,,,
Tuvalu,Western Pacific,2001,97.89143,,9484.0,4416.0,5096.0,46.56,53.73,,,
Tuvalu,Western Pacific,2002,97.89473,,9596.0,4513.0,5122.0,47.03,53.38,,,
Tuvalu,Western Pacific,2003,97.90125,,9726.0,4655.0,5112.0,47.86,52.56,1.17,,
Tuvalu,Western Pacific,2004,97.90942,,9869.0,4816.0,5078.0,48.8,51.45,1.27,,
Tuvalu,Western Pacific,2005,97.91759,,10000.0,4983.0,5044.0,49.83,50.44,1.38,,
Tuvalu,Western Pacific,2006,98.06577,,10120.0,5142.0,4995.0,50.81,49.36,1.35,,
Tuvalu,Western Pacific,2007,98.21394,,10221.0,5300.0,4943.0,51.85,48.36,1.34,,
Tuvalu,Western Pacific,2008,98.36212,,10314.0,5456.0,4884.0,52.9,47.35,1.34,,
Tuvalu,Western Pacific,2009,98.51025,,10424.0,5615.0,4826.0,53.87,46.3,1.4,,
Tuvalu,Western Pacific,2010,98.65837,,10530.0,5771.0,4760.0,54.81,45.2,1.42,,
Tuvalu,Western Pacific,2011,98.80646,,10633.0,5931.0,4697.0,55.78,44.17,1.3,,
Tuvalu,Western Pacific,2012,98.95452,,10739.0,6093.0,4632.0,56.74,43.13,1.29,,
Tuvalu,Western Pacific,2013,99.10251,,10857.0,6255.0,4564.0,57.61,42.04,1.28,,
Tuvalu,Western Pacific,2014,99.25029,,10972.0,6412.0,4496.0,58.44,40.98,1.3,,
Tuvalu,Western Pacific,2015,99.25784,,11099.0,6571.0,4430.0,59.2,39.91,1.39,,
Tuvalu,Western Pacific,2016,99.26516,,11225.0,6730.0,4367.0,59.96,38.9,1.41,,
Tuvalu,Western Pacific,2017,99.27224,,11370.0,6886.0,4306.0,60.56,37.87,1.24,,
Uganda,Africa,2000,26.75162,4.7746,23650172.0,3554371.0,20484903.0,15.03,86.62,-1.25,,
Uganda,Africa,2001,27.91321,4.91586,24388968.0,3778166.0,21076726.0,15.49,86.42,,,
Uganda,Africa,2002,29.0973,5.05796,25167257.0,4018758.0,21699290.0,15.97,86.22,-1.42,,
Uganda,Africa,2003,30.30326,5.20059,25980552.0,4276263.0,22348557.0,16.46,86.02,-1.56,,
Uganda,Africa,2004,31.53097,5.34364,26821297.0,4550589.0,23017847.0,16.97,85.82,-1.31,,
Uganda,Africa,2005,32.77787,5.48593,27684585.0,4841176.0,23702764.0,17.49,85.62,-1.42,,
Uganda,Africa,2006,34.0457,5.62821,28571475.0,5149166.0,24401496.0,18.02,85.41,-1.14,,
Uganda,Africa,2007,35.33237,5.76952,29486338.0,5475481.0,25115006.0,18.57,85.18,-0.92,,
Uganda,Africa,2008,36.63811,5.90992,30431736.0,5821225.0,25842671.0,19.13,84.92,-0.88,,
Uganda,Africa,2009,37.96132,6.0487,31411096.0,6186778.0,26585117.0,19.7,84.64,-0.99,,
Uganda,Africa,2010,39.30215,6.18587,32428167.0,6573772.0,27341361.0,20.27,84.31,-1.0,,
Uganda,Africa,2011,40.65942,6.3209,33476771.999999996,6982895.0,28110753.0,20.86,83.97,-0.98,,
Uganda,Africa,2012,42.03276,6.45358,34558704.0,7415196.0,28891600.0,21.46,83.6,-0.87,,
Uganda,Africa,2013,43.42023,6.58311,35694519.0,7870626.0,29683100.0,22.05,83.16,-0.84,,
Uganda,Africa,2014,44.82259,6.70972,36911523.0,8350673.000000001,30482665.0,22.62,82.58,-0.94,,
Uganda,Africa,2015,46.23822,6.83273,38225453.0,8855831.0,31289039.0,23.17,81.85,-0.8,,
Uganda,Africa,2016,47.66563,6.95153,39649166.0,9386309.0,32101656.0,23.67,80.96,-0.72,31.55895,12513.0
Uganda,Africa,2017,49.10403,7.0658,41166588.0,9942312.0,32920646.0,24.15,79.97,-0.57,,
Ukraine,Europe,2000,98.00832,65.75006,48838065.0,32793567.000000004,16046507.0,67.15,32.86,-0.41,,
Ukraine,Europe,2001,98.08895,65.78163,48401656.0,32518696.0,15884189.0,67.19,32.82,,,
Ukraine,Europe,2002,98.15168,65.86811,47980039.0,32281904.0,15697688.0,67.28,32.72,-0.3,,
Ukraine,Europe,2003,98.18068,65.99349,47582461.0,32082244.0,15498315.0,67.42,32.57,-0.36,,
Ukraine,Europe,2004,97.74651,68.70232,47217493.0,31916365.0,15299601.0,67.59,32.4,-0.47,,
Ukraine,Europe,2005,97.30968,71.41066,46890772.0,31788197.0,15103966.0,67.79,32.21,-0.29,,
Ukraine,Europe,2006,96.86897,74.08951,46607395.0,31684616.0,14931773.0,67.98,32.04,-0.04,,
Ukraine,Europe,2007,96.42488,76.74915,46366353.0,31610974.0,14775381.0,68.18,31.87,0.17,,
Ukraine,Europe,2008,95.97742,79.39001,46158711.0,31556953.0,14629477.0,68.37,31.69,0.04,,
Ukraine,Europe,2009,95.52661,82.01154,45970941.0,31506900.0,14487124.0,68.54,31.51,-0.3,,
Ukraine,Europe,2010,95.0744,84.59711,45792090.0,31411663.0,14380838.0,68.6,31.4,0.01,,
Ukraine,Europe,2011,94.62045,87.1797,45619844.0,31305902.0,14270405.0,68.62,31.28,-0.07,,
Ukraine,Europe,2012,94.16476,89.7595,45453806.0,31192313.0,14157020.0,68.62,31.15,-0.09,,
Ukraine,Europe,2013,94.0284,92.11779,45286983.0,31073589.0,14042196.0,68.61,31.01,-0.78,,
Ukraine,Europe,2014,93.58921,91.81175,45111532.0,30955239.0,13928187.0,68.62,30.88,-2.02,,
Ukraine,Europe,2015,93.65691,91.87727,44921639.0,30840974.0,13816730.0,68.66,30.76,-1.96,,
Ukraine,Europe,2016,93.72408,91.94227,44713702.0,30730872.0,13707753.0,68.73,30.66,-1.86,0.26862,120.0
Ukraine,Europe,2017,93.79082,92.00686,44487709.0,30622539.0,13600408.0,68.83,30.57,-1.87,,
United Arab Emirates,Eastern Mediterranean,2000,95.67811,,3134062.0,2531398.0,623527.0,80.77,19.9,0.98,,
United Arab Emirates,Eastern Mediterranean,2001,95.67811,,3302719.0,2682600.0,643432.0,81.22,19.48,,,
United Arab Emirates,Eastern Mediterranean,2002,95.69539,,3478777.0,2843198.0,664034.0,81.73,19.09,0.93,,
United Arab Emirates,Eastern Mediterranean,2003,95.71267,,3711932.0,3048628.0,693304.0,82.13,18.68,1.0,,
United Arab Emirates,Eastern Mediterranean,2004,95.72996,,4068570.0,3346835.0,741096.0,82.26,18.22,0.77,,
United Arab Emirates,Eastern Mediterranean,2005,95.74725,,4588225.0,3767260.0,812302.0,82.11,17.7,0.88,,
United Arab Emirates,Eastern Mediterranean,2006,95.76454,,5300174.0,4332415.0,909617.0,81.74,17.16,0.92,,
United Arab Emirates,Eastern Mediterranean,2007,95.78185,,6168838.0,5017936.0,1026131.0000000001,81.34,16.63,0.98,,
United Arab Emirates,Eastern Mediterranean,2008,95.79915,,7089487.0,5748950.0,1145328.0,81.09,16.16,0.7,,
United Arab Emirates,Eastern Mediterranean,2009,95.81646,,7917372.0,6420001.0,1246392.0,81.09,15.74,0.92,,
United Arab Emirates,Eastern Mediterranean,2010,95.83378,,8549988.0,6954593.0,1316091.0,81.34,15.39,0.8,,
United Arab Emirates,Eastern Mediterranean,2011,95.8511,,8946777.0,7321556.0,1350919.0,81.83,15.1,0.91,,
United Arab Emirates,Eastern Mediterranean,2012,95.86842,,9141596.0,7543066.0,1357387.0,82.51,14.85,0.86,,
United Arab Emirates,Eastern Mediterranean,2013,95.88575,,9197910.0,7661308.0,1344955.0,83.29,14.62,0.89,,
United Arab Emirates,Eastern Mediterranean,2014,96.13178,,9214175.0,7744228.0,1326639.0,84.05,14.4,0.77,,
United Arab Emirates,Eastern Mediterranean,2015,96.76946,,9262900.0,7842883.0,1311419.0,84.67,14.16,0.76,,
United Arab Emirates,Eastern Mediterranean,2016,97.40737,,9360980.0,7968651.0,1300961.0,85.13,13.9,0.56,0.02912,3.0
United Arab Emirates,Eastern Mediterranean,2017,98.04551,,9487203.0,8107436.0,1292709.0,85.46,13.63,0.62,,
United Kingdom of Great Britain and Northern Ireland,Europe,2000,100.0,99.96678,58923309.0,46365434.0,12585414.0,78.69,21.36,1.04,,
United Kingdom of Great Britain and Northern Ireland,Europe,2001,100.0,99.96677,59124288.0,46580884.0,12568459.0,78.78,21.26,,,
United Kingdom of Great Britain and Northern Ireland,Europe,2002,100.0,99.96678,59326294.0,46913460.0,12435493.0,79.08,20.96,0.68,,
United Kingdom of Great Britain and Northern Ireland,Europe,2003,100.0,99.96678,59561432.0,47270529.0,12309693.0,79.36,20.67,0.27,,
United Kingdom of Great Britain and Northern Ireland,Europe,2004,100.0,99.96861,59872753.0,47685215.0,12198913.0,79.64,20.37,0.14,,
United Kingdom of Great Britain and Northern Ireland,Europe,2005,100.0,99.97044,60287954.0,48178255.0,12108499.0,79.91,20.08,0.13,,
United Kingdom of Great Britain and Northern Ireland,Europe,2006,100.0,99.97228,60821356.0,48762965.0,12039836.0,80.17,19.8,0.67,,
United Kingdom of Great Britain and Northern Ireland,Europe,2007,100.0,99.97411,61455162.0,49425855.0,11988805.0,80.43,19.51,0.58,,
United Kingdom of Great Britain and Northern Ireland,Europe,2008,100.0,99.97594,62145097.0,50130678.0,11945543.0,80.67,19.22,0.49,,
United Kingdom of Great Britain and Northern Ireland,Europe,2009,100.0,99.97778,62828616.0,50824513.0,11898094.0,80.89,18.94,0.12,,
United Kingdom of Great Britain and Northern Ireland,Europe,2010,100.0,99.97961,63459808.0,51469697.0,11837146.0,81.11,18.65,0.41,,
United Kingdom of Great Britain and Northern Ireland,Europe,2011,100.0,99.98145,64021919.0,52051535.0,11760347.0,81.3,18.37,0.35,,
United Kingdom of Great Britain and Northern Ireland,Europe,2012,100.0,99.98328,64525312.0,52580733.0,11669597.0,81.49,18.09,0.4,,
United Kingdom of Great Britain and Northern Ireland,Europe,2013,100.0,99.98511,64984018.0,53071766.0,11569344.0,81.67,17.8,0.49,,
United Kingdom of Great Britain and Northern Ireland,Europe,2014,100.0,99.98694,65423047.0,53550346.0,11465340.0,81.85,17.52,0.42,,
United Kingdom of Great Britain and Northern Ireland,Europe,2015,100.0,99.98878,65860145.99999999,54035311.0,11361769.0,82.05,17.25,0.52,,
United Kingdom of Great Britain and Northern Ireland,Europe,2016,100.0,99.98878,66297944.0,54529375.0,11259199.0,82.25,16.98,0.36,0.1972,131.0
United Kingdom of Great Britain and Northern Ireland,Europe,2017,100.0,99.98878,66727460.99999999,55025421.0,11156164.0,82.46,16.72,0.33,,
United Republic of Tanzania,Africa,2000,27.25082,,33499180.0,7624725.0,26553317.0,22.76,79.27,-0.7,,
United Republic of Tanzania,Africa,2001,28.66931,,34385856.0,7962437.0,27154582.0,23.16,78.97,,,
United Republic of Tanzania,Africa,2002,30.08757,,35334788.0,8320186.0,27785622.0,23.55,78.64,-0.25,,
United Republic of Tanzania,Africa,2003,31.59652,,36337782.0,8771273.0,28377799.0,24.14,78.09,-0.85,,
United Republic of Tanzania,Africa,2004,33.29262,,37379767.0,9265478.0,28984506.0,24.79,77.54,-0.67,,
United Republic of Tanzania,Africa,2005,35.00523,,38450320.0,9791527.0,29619018.0,25.47,77.03,-0.58,,
United Republic of Tanzania,Africa,2006,36.73456,,39548663.0,10352917.0,30282031.0,26.18,76.57,-0.36,,
United Republic of Tanzania,Africa,2007,38.47986,,40681414.0,10951022.0,30972693.0,26.92,76.13,-0.39,,
United Republic of Tanzania,Africa,2008,40.24178,,41853944.0,11586042.0,31684102.0,27.68,75.7,-0.23,,
United Republic of Tanzania,Africa,2009,42.01817,,43073834.0,12255552.0,32408679.0,28.45,75.24,0.09,,
United Republic of Tanzania,Africa,2010,43.8106,,44346525.0,12959969.0,33138622.000000004,29.22,74.73,0.01,,
United Republic of Tanzania,Africa,2011,45.61738,,45673512.0,13699408.0,33871494.0,29.99,74.16,-0.02,,
United Republic of Tanzania,Africa,2012,47.43913,,47053030.0,14476019.0,34606978.0,30.77,73.55,0.05,,
United Republic of Tanzania,Africa,2013,49.27418,,48483129.0,15290084.0,35346511.0,31.54,72.9,-0.16,,
United Republic of Tanzania,Africa,2014,51.12092,,49960561.0,16142777.0,36092092.0,32.31,72.24,-0.6,,
United Republic of Tanzania,Africa,2015,52.97909,,51482633.0,17035213.0,36844744.0,33.09,71.57,-0.42,,
United Republic of Tanzania,Africa,2016,54.84754,,53049230.0,17968436.0,37603765.0,33.87,70.88,-0.44,38.40323,20373.0
United Republic of Tanzania,Africa,2017,56.72645,,54660339.0,18942828.0,38367191.0,34.66,70.19,-0.56,,
United States of America,Americas,2000,,,281710909.0,222927913.0,59054865.0,79.13,20.96,1.08,,
United States of America,Americas,2001,,,284607993.0,225698564.0,59153827.0,79.3,20.78,,,
United States of America,Americas,2002,,,287279318.0,228306012.0,59200835.0,79.47,20.61,0.29,,
United States of America,Americas,2003,,,289815562.0,230813194.0,59214430.0,79.64,20.43,0.08,,
United States of America,Americas,2004,,,292354658.0,233319404.0,59219920.0,79.81,20.26,-0.23,,
United States of America,Americas,2005,99.20959,98.94233,294993511.0,235892407.0,59237094.0,79.97,20.08,-0.06,,
United States of America,Americas,2006,99.21437,98.94711,297758969.0,238558001.0,59269355.0,80.12,19.91,0.49,,
United States of America,Americas,2007,99.21913,98.95185,300608429.0,241285684.0,59309491.0,80.27,19.73,0.38,,
United States of America,Americas,2008,99.22386,98.95657,303486012.0,244029055.0,59345012.0,80.41,19.55,0.59,,
United States of America,Americas,2009,99.22856,98.96126,306307567.0,246715308.0,59361054.0,80.54,19.38,0.45,,
United States of America,Americas,2010,99.23321,98.96589,309011475.0,249297076.0,59344315.0,80.68,19.2,0.44,,
United States of America,Americas,2011,99.23801,98.97069,311584047.0,251775947.0,59275426.0,80.81,19.02,0.59,,
United States of America,Americas,2012,99.24291,98.97557,314043885.0,254174664.0,59160759.0,80.94,18.84,0.63,,
United States of America,Americas,2013,99.24796,98.9806,316400538.0,256527510.0,59009166.0,81.08,18.65,0.64,,
United States of America,Americas,2014,99.25311,98.98573,318673411.0,258885743.0,58833036.0,81.24,18.46,0.58,,
United States of America,Americas,2015,99.25836,98.99097,320878310.0,261287811.0,58641351.0,81.43,18.28,0.68,,
United States of America,Americas,2016,99.26371,98.99631,323015995.0,263743311.99999997,58436293.0,81.65,18.09,0.4,0.23153,748.0
United States of America,Americas,2017,99.2692,99.00178,325084756.0,266243516.0,58215947.0,81.9,17.91,0.34,,
Uruguay,Americas,2000,96.98759,,3319736.0,3056474.0,264771.0,92.07,7.98,0.93,,
Uruguay,Americas,2001,97.05447,,3325473.0,3071013.0,256089.99999999997,92.35,7.7,,,
Uruguay,Americas,2002,97.08953,,3326040.0,3080503.0,247270.0,92.62,7.43,0.84,,
Uruguay,Americas,2003,97.12464,,3323668.0,3087108.0,238529.0,92.88,7.18,0.71,,
Uruguay,Americas,2004,97.15923,,3321476.0,3093991.0,230105.0,93.15,6.93,0.59,,
Uruguay,Americas,2005,97.37784,,3321803.0,3103429.0,222183.0,93.43,6.69,0.78,,
Uruguay,Americas,2006,97.59782,,3325401.0,3116287.0,214756.0,93.71,6.46,0.9,,
Uruguay,Americas,2007,97.80824,,3331749.0,3131979.0,207762.0,94.0,6.24,0.84,,
Uruguay,Americas,2008,98.0097,,3340221.0,3149714.0,201110.0,94.3,6.02,0.85,,
Uruguay,Americas,2009,98.20238,,3349676.0,3168033.0,194722.0,94.58,5.81,0.79,,
Uruguay,Americas,2010,98.38699,,3359275.0,3185920.0,188495.0,94.84,5.61,0.82,,
Uruguay,Americas,2011,98.56371,,3368934.0,3203198.0,182426.0,95.08,5.41,0.96,,
Uruguay,Americas,2012,98.72521,,3378975.0,3218089.0,178688.0,95.24,5.29,0.71,,
Uruguay,Americas,2013,98.88007,,3389443.0,3232264.0,175741.0,95.36,5.18,0.8,,
Uruguay,Americas,2014,99.03122,,3400436.0,3246699.0,172847.0,95.48,5.08,0.99,,
Uruguay,Americas,2015,99.17878,,3412009.0,3261533.0,170019.0,95.59,4.98,1.0,,
Uruguay,Americas,2016,99.32289,,3424129.0,3276757.0,167249.0,95.7,4.88,1.06,0.36017,12.0
Uruguay,Americas,2017,99.40237,,3436641.0,3292209.0,164541.0,95.8,4.79,1.05,,
Uzbekistan,Europe,2000,84.7989,56.34099,24769955.0,11461701.0,13387219.0,46.27,54.05,-1.31,,
Uzbekistan,Europe,2001,86.16999,56.48318,25108563.0,11739426.0,13449101.0,46.75,53.56,,,
Uzbekistan,Europe,2002,87.53682,56.62722,25431122.0,12013092.0,13498784.0,47.24,53.08,-1.06,,
Uzbekistan,Europe,2003,88.89888,56.77268,25749101.0,12287843.0,13542816.0,47.72,52.6,-1.3,,
Uzbekistan,Europe,2004,90.25573,56.91915,26077607.0,12571194.0,13589132.0,48.21,52.11,-1.46,,
Uzbekistan,Europe,2005,91.60712,57.06669,26427789.0,12868248.0,13643936.0,48.69,51.63,-1.96,,
Uzbekistan,Europe,2006,92.95289,57.21596,26804072.0,13181804.0,13708459.0,49.18,51.14,-1.78,,
Uzbekistan,Europe,2007,94.25614,57.3665,27204711.0,13510966.0,13781409.0,49.66,50.66,-1.36,,
Uzbekistan,Europe,2008,95.40286,57.51839,27626982.0,13854895.0,13860930.0,50.15,50.17,-1.21,,
Uzbekistan,Europe,2009,95.76746,57.93077,28065466.0,14210645.0,13944661.0,50.63,49.69,-0.95,,
Uzbekistan,Europe,2010,96.12821,58.34314,28515909.0,14576671.0,14029623.0,51.12,49.2,-0.72,,
Uzbekistan,Europe,2011,96.47084,58.59512,28977010.0,14868519.0,14199705.0,51.31,49.0,-0.6,,
Uzbekistan,Europe,2012,96.79867,58.68502,29449413.0,15080676.0,14460143.0,51.21,49.1,-0.52,,
Uzbekistan,Europe,2013,97.12731,58.77502,29932631.0,15295187.0,14724547.0,51.1,49.19,-0.54,,
Uzbekistan,Europe,2014,97.37537,58.83591,30426388.0,15509191.0,14990427.0,50.97,49.27,-0.27,,
Uzbekistan,Europe,2015,97.52858,58.85883,30929557.0,15720465.0,15255556.0,50.83,49.32,-0.37,,
Uzbekistan,Europe,2016,97.68127,58.88147,31441751.0,15927890.0,15518905.0,50.66,49.36,-0.27,0.44151,139.0
Uzbekistan,Europe,2017,97.83345,58.9038,31959785.0,16130957.0,15779684.0,50.47,49.37,-0.24,,
Vanuatu,Western Pacific,2000,81.8586,39.59291,184972.0,40109.0,144954.0,21.68,78.37,1.22,,
Vanuatu,Western Pacific,2001,81.90855,39.61595,189219.0,41554.0,147736.0,21.96,78.08,,,
Vanuatu,Western Pacific,2002,81.95886,39.63916,193920.0,43127.0,150829.0,22.24,77.78,1.16,,
Vanuatu,Western Pacific,2003,82.00988,39.66269,198959.0,44808.0,154156.0,22.52,77.48,0.76,,
Vanuatu,Western Pacific,2004,82.06126,39.68639,204127.0,46562.0,157581.0,22.81,77.2,0.62,,
Vanuatu,Western Pacific,2005,82.8085,40.04713,209282.0,48362.0,161008.0,23.11,76.93,1.38,,
Vanuatu,Western Pacific,2006,83.55321,40.40662,214370.0,50206.0,164428.0,23.42,76.7,1.35,,
Vanuatu,Western Pacific,2007,84.29516,40.76475,219472.0,52100.0,167853.0,23.74,76.48,1.23,,
Vanuatu,Western Pacific,2008,85.03448,41.12159,224704.0,54049.0,171291.0,24.05,76.23,1.18,,
Vanuatu,Western Pacific,2009,85.77112,41.47712,230247.0,56048.0,174737.0,24.34,75.89,1.23,,
Vanuatu,Western Pacific,2010,86.48625,41.82274,236211.0,57802.0,178493.0,24.47,75.57,1.28,,
Vanuatu,Western Pacific,2011,87.18861,42.1625,242653.0,59406.0,182465.0,24.48,75.2,1.11,,
Vanuatu,Western Pacific,2012,87.89008,42.50182,249499.0,61032.0,186453.0,24.46,74.73,1.2,,
Vanuatu,Western Pacific,2013,88.59049,42.84062,256635.0,62679.0,190463.0,24.42,74.22,1.16,,
Vanuatu,Western Pacific,2014,89.28986,43.17892,263888.0,64352.00000000001,194498.0,24.39,73.7,0.64,,
Vanuatu,Western Pacific,2015,89.98817,43.5167,271130.0,66048.0,198555.0,24.36,73.23,0.48,,
Vanuatu,Western Pacific,2016,90.66152,43.84248,278330.0,67768.0,202634.0,24.35,72.8,0.51,10.41773,29.0
Vanuatu,Western Pacific,2017,91.25681,44.13033,285510.0,69511.0,206733.0,24.35,72.41,0.7,,
Venezuela (Bolivarian Republic of),Americas,2000,96.65285,,24192446.0,21441865.0,3046475.0,88.63,12.59,-0.76,,
Venezuela (Bolivarian Republic of),Americas,2001,96.5982,,24646472.0,21917236.0,3031240.0,88.93,12.3,,,
Venezuela (Bolivarian Republic of),Americas,2002,96.54354,,25100408.0,22328166.0,3080534.0,88.96,12.27,-1.32,,
Venezuela (Bolivarian Republic of),Americas,2003,96.48889,,25551624.0,22738970.0,3129553.0,88.99,12.25,-1.29,,
Venezuela (Bolivarian Republic of),Americas,2004,96.43423,,25996594.0,23149025.0,3178200.0,89.05,12.23,-1.39,,
Venezuela (Bolivarian Republic of),Americas,2005,96.37958,,26432447.0,23557733.0,3226428.0,89.12,12.21,-1.25,,
Venezuela (Bolivarian Republic of),Americas,2006,96.32492,,26850194.0,23964977.0,3274191.0,89.25,12.19,-1.25,,
Venezuela (Bolivarian Republic of),Americas,2007,96.27026,,27247610.0,24370499.0,3321466.0,89.44,12.19,-1.23,,
Venezuela (Bolivarian Republic of),Americas,2008,96.21561,,27635832.0,24773556.0,3368145.0,89.64,12.19,-1.31,,
Venezuela (Bolivarian Republic of),Americas,2009,96.16096,,28031009.0,25173188.0,3414135.0,89.8,12.18,-1.28,,
Venezuela (Bolivarian Republic of),Americas,2010,96.1063,,28439940.0,25568720.0,3459313.0,89.9,12.16,-1.26,,
Venezuela (Bolivarian Republic of),Americas,2011,96.05164,,28887874.0,25959660.0,3503631.0,89.86,12.13,-1.09,,
Venezuela (Bolivarian Republic of),Americas,2012,95.99699,,29360837.0,26342614.0,3550466.0,89.72,12.09,-1.03,,
Venezuela (Bolivarian Republic of),Americas,2013,95.94234,,29781040.0,26720130.0,3597718.0,89.72,12.08,-1.08,,
Venezuela (Bolivarian Republic of),Americas,2014,95.88768,,30042968.0,27094003.0,3644375.0,90.18,12.13,-0.85,,
Venezuela (Bolivarian Republic of),Americas,2015,95.83302,,30081829.0,27464635.0,3690499.0,91.3,12.27,-0.98,,
Venezuela (Bolivarian Republic of),Americas,2016,95.77837,,29851255.0,27832085.0,3736094.0,93.24,12.52,-1.02,1.3903,415.0
Venezuela (Bolivarian Republic of),Americas,2017,95.72371,,29402484.0,28198251.0,3778814.0,95.9,12.85,-1.25,,
Viet Nam,Western Pacific,2000,80.14247,,79910412.0,19568590.0,60716972.0,24.49,75.98,0.41,,
Viet Nam,Western Pacific,2001,81.02645,,80742499.0,20234230.0,60905689.0,25.06,75.43,,,
Viet Nam,Western Pacific,2002,81.90405,,81534407.0,20907601.0,61048895.0,25.64,74.88,0.35,,
Viet Nam,Western Pacific,2003,82.77435,,82301656.0,21590816.0,61156846.0,26.23,74.31,0.13,,
Viet Nam,Western Pacific,2004,83.63763,,83062821.0,22288057.0,61239621.0,26.83,73.73,0.15,,
Viet Nam,Western Pacific,2005,84.49319,,83832661.0,23000555.0,61308288.0,27.44,73.13,0.48,,
Viet Nam,Western Pacific,2006,85.34113,,84617540.0,23731457.0,61363160.0,28.05,72.52,0.4,,
Viet Nam,Western Pacific,2007,86.18121,,85419591.0,24481574.0,61408016.0,28.66,71.89,0.25,,
Viet Nam,Western Pacific,2008,87.01307,,86243413.0,25256002.0,61451799.0,29.28,71.25,0.16,,
Viet Nam,Western Pacific,2009,87.83675,,87092252.0,26061240.0,61504167.0,29.92,70.62,0.27,,
Viet Nam,Western Pacific,2010,88.65319,,87967651.0,26910696.0,61561816.0,30.59,69.98,0.15,,
Viet Nam,Western Pacific,2011,89.46055,,88871380.0,27796941.0,61639703.0,31.28,69.36,0.19,,
Viet Nam,Western Pacific,2012,90.25871,,89801926.0,28720142.0,61731739.0,31.98,68.74,0.27,,
Viet Nam,Western Pacific,2013,91.0471,,90752592.0,29672223.0,61825502.0,32.7,68.13,0.25,,
Viet Nam,Western Pacific,2014,92.27634,,91713848.0,30646691.0,61898224.0,33.42,67.49,-0.02,,
Viet Nam,Western Pacific,2015,93.19887,,92677076.0,31635369.0,61936198.0,34.14,66.83,0.07,,
Viet Nam,Western Pacific,2016,93.99012,,93640422.0,32635787.0,61933285.0,34.85,66.14,0.23,1.6208,1518.0
Viet Nam,Western Pacific,2017,94.7188,,94600648.0,33642498.0,61898302.0,35.56,65.43,0.29,,
Yemen,Eastern Mediterranean,2000,37.84694,,17409072.0,4695121.0,13179604.0,26.97,75.71,-1.14,,
Yemen,Eastern Mediterranean,2001,38.08858,,17918373.0,4926195.0,13463940.0,27.49,75.14,,,
Yemen,Eastern Mediterranean,2002,38.33393,,18443691.0,5167722.0,13751457.0,28.02,74.56,-1.31,,
Yemen,Eastern Mediterranean,2003,40.34536,,18985000.0,5419944.0,14042142.0,28.55,73.96,-1.48,,
Yemen,Eastern Mediterranean,2004,42.34168,,19540098.0,5682816.0,14334252.0,29.08,73.36,-1.55,,
Yemen,Eastern Mediterranean,2005,44.32173,,20107409.0,5955824.0,14627103.0,29.62,72.74,-1.44,,
Yemen,Eastern Mediterranean,2006,46.28643,,20687646.0,6240176.0,14920358.0,30.16,72.12,-1.35,,
Yemen,Eastern Mediterranean,2007,48.23499,,21282515.0,6536531.0,15215074.0,30.71,71.49,-1.59,,
Yemen,Eastern Mediterranean,2008,50.16707,,21892146.0,6845285.0,15511106.0,31.27,70.85,-2.01,,
Yemen,Eastern Mediterranean,2009,52.0823,,22516460.0,7166776.0,15808153.0,31.83,70.21,-2.33,,
Yemen,Eastern Mediterranean,2010,53.98032,,23154855.0,7501186.0,16105593.0,32.4,69.56,-2.42,,
Yemen,Eastern Mediterranean,2011,55.86049,,23807588.0,7848913.0,16403293.000000002,32.97,68.9,-2.43,,
Yemen,Eastern Mediterranean,2012,57.72246,,24473178.0,8209861.000000001,16700108.0,33.55,68.24,-2.43,,
Yemen,Eastern Mediterranean,2013,59.56624,,25147109.0,8583058.0,16993264.0,34.13,67.58,-2.37,,
Yemen,Eastern Mediterranean,2014,61.39094,,25823485.0,8967029.0,17279298.0,34.72,66.91,-2.67,,
Yemen,Eastern Mediterranean,2015,63.17181,,26497889.0,9360571.0,17555636.0,35.33,66.25,-2.68,,
Yemen,Eastern Mediterranean,2016,63.32203,,27168208.0,9763095.0,17821118.0,35.94,65.6,-2.79,10.20328,2772.0
Yemen,Eastern Mediterranean,2017,63.47347,,27834819.0,10174612.0,18075808.0,36.55,64.94,-2.94,,
Zambia,Africa,2000,49.48884,,10415944.0,3665128.0,6866093.0,35.19,65.92,0.03,,
Zambia,Africa,2001,50.03706,,10692193.0,3788690.0,7035435.0,35.43,65.8,,,
Zambia,Africa,2002,50.71934,,10971698.0,3944990.0,7175419.0,35.96,65.4,-0.28,,
Zambia,Africa,2003,51.39153,,11256743.0,4106321.0,7315663.0,36.48,64.99,0.22,,
Zambia,Africa,2004,52.05365,,11550642.0,4273908.0,7457838.0,37.0,64.57,0.19,,
Zambia,Africa,2005,52.70524,,11856247.0,4448559.0,7603597.0,37.52,64.13,0.11,,
Zambia,Africa,2006,53.34686,,12173514.0,4630766.0,7752680.0,38.04,63.68,0.36,,
Zambia,Africa,2007,53.97804,,12502958.0,4820757.0,7905217.0,38.56,63.23,0.36,,
Zambia,Africa,2008,54.5998,,12848530.0,5019867.0,8062650.0,39.07,62.75,0.47,,
Zambia,Africa,2009,55.21029,,13215139.0,5229350.0,8227066.999999999,39.57,62.25,0.57,,
Zambia,Africa,2010,55.81144,,13605984.0,5450667.0,8399366.0,40.06,61.73,0.52,,
Zambia,Africa,2011,56.40237,,14023203.0,5684592.0,8580164.0,40.54,61.19,0.51,,
Zambia,Africa,2012,56.98539,,14465150.0,5932069.0,8767868.0,41.01,60.61,0.66,,
Zambia,Africa,2013,57.56091,,14926544.0,6192319.0,8960891.0,41.49,60.03,0.44,,
Zambia,Africa,2014,58.128,,15399788.0,6464310.0,9156664.0,41.98,59.46,0.16,,
Zambia,Africa,2015,58.68752,,15879361.0,6747236.0,9353351.0,42.49,58.9,0.15,,
Zambia,Africa,2016,59.23856,,16363458.0,7041082.0,9550308.0,43.03,58.36,0.14,34.91273,5713.0
Zambia,Africa,2017,59.96376,,16853599.0,7346421.0,9747709.0,43.59,57.84,0.15,,
Zimbabwe,Africa,2000,71.72648,,11881477.0,4125988.9999999995,8096262.0,34.73,68.14,-1.32,,
Zimbabwe,Africa,2001,71.87109,,11923914.0,4225535.0,8140630.0,35.44,68.27,,,
Zimbabwe,Africa,2002,71.57246,,11954290.0,4323336.0,8177189.0,36.17,68.4,-1.52,,
Zimbabwe,Africa,2003,71.09124,,11982224.0,4356063.0,8277834.000000001,36.35,69.08,-1.09,,
Zimbabwe,Africa,2004,70.58119,,12019912.0,4381942.0,8395569.0,36.46,69.85,-1.21,,
Zimbabwe,Africa,2005,70.07088,,12076699.0,4413866.0,8526166.0,36.55,70.6,-1.27,,
Zimbabwe,Africa,2006,69.55994,,12155491.0,4452587.0,8671680.0,36.63,71.34,-0.93,,
Zimbabwe,Africa,2007,69.04881,,12255922.0,4497920.0,8831989.0,36.7,72.06,-1.11,,
Zimbabwe,Africa,2008,68.53709,,12379549.0,4550221.0,9008248.0,36.76,72.77,-1.21,,
Zimbabwe,Africa,2009,68.02522,,12526968.0,4609690.0,9200909.0,36.8,73.45,-1.17,,
Zimbabwe,Africa,2010,67.51281,,12697723.0,4676106.0,9410211.0,36.83,74.11,-1.1,,
Zimbabwe,Africa,2011,67.00028,,12894322.0,4749717.0,9636932.0,36.84,74.74,-0.95,,
Zimbabwe,Africa,2012,66.48726,,13115150.0,4830105.0,9880721.0,36.83,75.34,-0.78,,
Zimbabwe,Africa,2013,65.97417,,13350373.0,4915839.0,10138667.0,36.82,75.94,-0.67,,
Zimbabwe,Africa,2014,65.47338,,13586707.0,5009401.0,10402274.0,36.87,76.56,-0.71,,
Zimbabwe,Africa,2015,64.98583,,13814629.0,5109485.0,10667966.0,36.99,77.22,-0.62,,
Zimbabwe,Africa,2016,64.51162,,14030331.0,5215894.0,10934468.0,37.18,77.93,-0.62,24.55074,3445.0
Zimbabwe,Africa,2017,64.05123,,14236595.0,5328766.0,11201138.0,37.43,78.68,-0.71,,
