year,country,region,granularity,pct_basic,pct_safely_managed
2000,Afghanistan,Eastern Mediterranean,Rural,21.61913,
2000,Afghanistan,Eastern Mediterranean,Urban,49.48745,
2001,Afghanistan,Eastern Mediterranean,Rural,21.61913,
2001,Afghanistan,Eastern Mediterranean,Urban,49.48745,
2002,Afghanistan,Eastern Mediterranean,Rural,23.59988,
2002,Afghanistan,Eastern Mediterranean,Urban,51.90447,
2003,Afghanistan,Eastern Mediterranean,Rural,25.58063,
2003,Afghanistan,Eastern Mediterranean,Urban,54.32149,
2004,Afghanistan,Eastern Mediterranean,Rural,27.56138,
2004,Afghanistan,Eastern Mediterranean,Urban,56.73851,
2005,Afghanistan,Eastern Mediterranean,Rural,29.54213,
2005,Afghanistan,Eastern Mediterranean,Urban,59.15553,
2006,Afghanistan,Eastern Mediterranean,Rural,31.52288,
2006,Afghanistan,Eastern Mediterranean,Urban,61.57254,
2007,Afghanistan,Eastern Mediterranean,Rural,33.73274,
2007,Afghanistan,Eastern Mediterranean,Urban,64.50089,
2008,Afghanistan,Eastern Mediterranean,Rural,35.96969,
2008,Afghanistan,Eastern Mediterranean,Urban,67.46785,
2009,Afghanistan,Eastern Mediterranean,Rural,38.23373,
2009,Afghanistan,Eastern Mediterranean,Urban,70.47343,
2010,Afghanistan,Eastern Mediterranean,Rural,40.52486,
2010,Afghanistan,Eastern Mediterranean,Urban,73.51765,
2011,Afghanistan,Eastern Mediterranean,Rural,42.84308,
2011,Afghanistan,Eastern Mediterranean,Urban,76.6005,
2012,Afghanistan,Eastern Mediterranean,Rural,45.18839,
2012,Afghanistan,Eastern Mediterranean,Urban,79.72198,
2013,Afghanistan,Eastern Mediterranean,Rural,47.56079,
2013,Afghanistan,Eastern Mediterranean,Urban,82.88207,
2014,Afghanistan,Eastern Mediterranean,Rural,49.96028,
2014,Afghanistan,Eastern Mediterranean,Urban,86.0808,
2015,Afghanistan,Eastern Mediterranean,Rural,52.38686,
2015,Afghanistan,Eastern Mediterranean,Urban,89.31815,
2016,Afghanistan,Eastern Mediterranean,Rural,54.84053,
2016,Afghanistan,Eastern Mediterranean,Urban,92.59413,
2017,Afghanistan,Eastern Mediterranean,Rural,57.32129,
2017,Afghanistan,Eastern Mediterranean,Urban,95.90874,
2000,Albania,Europe,Rural,81.78472,
2000,Albania,Europe,Urban,96.35529,
2001,Albania,Europe,Rural,81.83538,
2001,Albania,Europe,Urban,96.10231,
2002,Albania,Europe,Rural,81.88605,
2002,Albania,Europe,Urban,95.741,
2003,Albania,Europe,Rural,81.93673,
2003,Albania,Europe,Urban,95.38031,
2004,Albania,Europe,Rural,81.98741,
2004,Albania,Europe,Urban,95.02026,
2005,Albania,Europe,Rural,82.03811,
2005,Albania,Europe,Urban,94.66083,
2006,Albania,Europe,Rural,82.08881,
2006,Albania,Europe,Urban,94.30202,
2007,Albania,Europe,Rural,82.13952,
2007,Albania,Europe,Urban,93.94386,
2008,Albania,Europe,Rural,82.19024,
2008,Albania,Europe,Urban,93.58632,
2009,Albania,Europe,Rural,82.24096,
2009,Albania,Europe,Urban,93.22941,
2010,Albania,Europe,Rural,82.29169,
2010,Albania,Europe,Urban,92.87312,
2011,Albania,Europe,Rural,82.34244,
2011,Albania,Europe,Urban,92.51747,
2012,Albania,Europe,Rural,82.59078,
2012,Albania,Europe,Urban,92.29012,
2013,Albania,Europe,Rural,86.2311,
2013,Albania,Europe,Urban,92.06277,
2014,Albania,Europe,Rural,89.87518,
2014,Albania,Europe,Urban,91.83542,
2015,Albania,Europe,Rural,89.87518,
2015,Albania,Europe,Urban,91.83542,
2016,Albania,Europe,Rural,89.87518,
2016,Albania,Europe,Urban,91.83542,
2017,Albania,Europe,Rural,89.87518,
2017,Albania,Europe,Urban,91.83542,
2000,Algeria,Africa,Rural,83.32201,
2000,Algeria,Africa,Urban,94.19543,
2001,Algeria,Africa,Rural,83.67994,
2001,Algeria,Africa,Urban,94.2786,
2002,Algeria,Africa,Rural,84.03786,
2002,Algeria,Africa,Urban,94.36177,
2003,Algeria,Africa,Rural,84.3958,
2003,Algeria,Africa,Urban,94.44494,
2004,Algeria,Africa,Rural,84.75372,
2004,Algeria,Africa,Urban,94.5281,
2005,Algeria,Africa,Rural,85.11166,
2005,Algeria,Africa,Urban,94.61127,
2006,Algeria,Africa,Rural,85.46959,
2006,Algeria,Africa,Urban,94.69444,
2007,Algeria,Africa,Rural,85.82751,
2007,Algeria,Africa,Urban,94.7776,
2008,Algeria,Africa,Rural,86.18545,
2008,Algeria,Africa,Urban,94.86077,
2009,Algeria,Africa,Rural,86.54337,
2009,Algeria,Africa,Urban,94.94393,
2010,Algeria,Africa,Rural,86.90131,
2010,Algeria,Africa,Urban,95.0271,
2011,Algeria,Africa,Rural,87.25924,
2011,Algeria,Africa,Urban,95.11027,
2012,Algeria,Africa,Rural,87.61716,
2012,Algeria,Africa,Urban,95.19344,
2013,Algeria,Africa,Rural,87.9751,
2013,Algeria,Africa,Urban,95.2766,
2014,Algeria,Africa,Rural,88.33302,
2014,Algeria,Africa,Urban,95.35976,
2015,Algeria,Africa,Rural,88.69096,
2015,Algeria,Africa,Urban,95.44293,
2016,Algeria,Africa,Rural,88.69096,
2016,Algeria,Africa,Urban,95.44293,
2017,Algeria,Africa,Rural,88.69096,
2017,Algeria,Africa,Urban,95.44293,
2000,Andorra,Europe,Rural,100.0,
2000,Andorra,Europe,Urban,100.0,
2001,Andorra,Europe,Rural,100.0,
2001,Andorra,Europe,Urban,100.0,
2002,Andorra,Europe,Rural,100.0,
2002,Andorra,Europe,Urban,100.0,
2003,Andorra,Europe,Rural,100.0,
2003,Andorra,Europe,Urban,100.0,
2004,Andorra,Europe,Rural,100.0,
2004,Andorra,Europe,Urban,100.0,
2005,Andorra,Europe,Rural,100.0,
2005,Andorra,Europe,Urban,100.0,
2006,Andorra,Europe,Rural,100.0,
2006,Andorra,Europe,Urban,100.0,
2007,Andorra,Europe,Rural,100.0,
2007,Andorra,Europe,Urban,100.0,
2008,Andorra,Europe,Rural,100.0,
2008,Andorra,Europe,Urban,100.0,
2009,Andorra,Europe,Rural,100.0,
2009,Andorra,Europe,Urban,100.0,
2010,Andorra,Europe,Rural,100.0,
2010,Andorra,Europe,Urban,100.0,
2011,Andorra,Europe,Rural,100.0,
2011,Andorra,Europe,Urban,100.0,
2012,Andorra,Europe,Rural,100.0,
2012,Andorra,Europe,Urban,100.0,
2013,Andorra,Europe,Rural,100.0,
2013,Andorra,Europe,Urban,100.0,
2014,Andorra,Europe,Rural,100.0,
2014,Andorra,Europe,Urban,100.0,
2015,Andorra,Europe,Rural,100.0,
2015,Andorra,Europe,Urban,100.0,
2016,Andorra,Europe,Rural,100.0,
2016,Andorra,Europe,Urban,100.0,
2017,Andorra,Europe,Rural,100.0,
2017,Andorra,Europe,Urban,100.0,
2000,Angola,Africa,Rural,21.15264,
2000,Angola,Africa,Urban,61.06653,
2001,Angola,Africa,Rural,21.52822,
2001,Angola,Africa,Urban,61.95116,
2002,Angola,Africa,Rural,21.90311,
2002,Angola,Africa,Urban,62.83578,
2003,Angola,Africa,Rural,22.27731,
2003,Angola,Africa,Urban,63.44902,
2004,Angola,Africa,Rural,22.65083,
2004,Angola,Africa,Urban,64.05471,
2005,Angola,Africa,Rural,23.02367,
2005,Angola,Africa,Urban,64.65286,
2006,Angola,Africa,Rural,23.39582,
2006,Angola,Africa,Urban,65.24348,
2007,Angola,Africa,Rural,23.76729,
2007,Angola,Africa,Urban,65.82657,
2008,Angola,Africa,Rural,24.13807,
2008,Angola,Africa,Urban,66.40212,
2009,Angola,Africa,Rural,24.50817,
2009,Angola,Africa,Urban,66.97013,
2010,Angola,Africa,Rural,24.87758,
2010,Angola,Africa,Urban,67.53061,
2011,Angola,Africa,Rural,25.24631,
2011,Angola,Africa,Urban,68.08356,
2012,Angola,Africa,Rural,25.61435,
2012,Angola,Africa,Urban,68.62896,
2013,Angola,Africa,Rural,25.98171,
2013,Angola,Africa,Urban,69.16683,
2014,Angola,Africa,Rural,26.34838,
2014,Angola,Africa,Urban,69.69717,
2015,Angola,Africa,Rural,26.71437,
2015,Angola,Africa,Urban,70.21996,
2016,Angola,Africa,Rural,27.07967,
2016,Angola,Africa,Urban,70.73523,
2017,Angola,Africa,Rural,27.44429,
2017,Angola,Africa,Urban,71.24296,
2000,Antigua and Barbuda,Americas,Rural,,
2000,Antigua and Barbuda,Americas,Urban,,
2001,Antigua and Barbuda,Americas,Rural,,
2001,Antigua and Barbuda,Americas,Urban,,
2002,Antigua and Barbuda,Americas,Rural,,
2002,Antigua and Barbuda,Americas,Urban,,
2003,Antigua and Barbuda,Americas,Rural,,
2003,Antigua and Barbuda,Americas,Urban,,
2004,Antigua and Barbuda,Americas,Rural,,
2004,Antigua and Barbuda,Americas,Urban,,
2005,Antigua and Barbuda,Americas,Rural,,
2005,Antigua and Barbuda,Americas,Urban,,
2006,Antigua and Barbuda,Americas,Rural,,
2006,Antigua and Barbuda,Americas,Urban,,
2007,Antigua and Barbuda,Americas,Rural,,
2007,Antigua and Barbuda,Americas,Urban,,
2008,Antigua and Barbuda,Americas,Rural,,
2008,Antigua and Barbuda,Americas,Urban,,
2009,Antigua and Barbuda,Americas,Rural,,
2009,Antigua and Barbuda,Americas,Urban,,
2010,Antigua and Barbuda,Americas,Rural,,
2010,Antigua and Barbuda,Americas,Urban,,
2011,Antigua and Barbuda,Americas,Rural,,
2011,Antigua and Barbuda,Americas,Urban,,
2012,Antigua and Barbuda,Americas,Rural,,
2012,Antigua and Barbuda,Americas,Urban,,
2013,Antigua and Barbuda,Americas,Rural,,
2013,Antigua and Barbuda,Americas,Urban,,
2014,Antigua and Barbuda,Americas,Rural,,
2014,Antigua and Barbuda,Americas,Urban,,
2015,Antigua and Barbuda,Americas,Rural,,
2015,Antigua and Barbuda,Americas,Urban,,
2016,Antigua and Barbuda,Americas,Rural,,
2016,Antigua and Barbuda,Americas,Urban,,
2017,Antigua and Barbuda,Americas,Rural,,
2017,Antigua and Barbuda,Americas,Urban,,
2000,Argentina,Americas,Rural,76.40468,
2000,Argentina,Americas,Urban,98.62579,
2001,Argentina,Americas,Rural,77.78626,
2001,Argentina,Americas,Urban,98.69308,
2002,Argentina,Americas,Rural,79.16785,
2002,Argentina,Americas,Urban,98.76039,
2003,Argentina,Americas,Rural,80.54942,
2003,Argentina,Americas,Urban,98.82769,
2004,Argentina,Americas,Rural,81.93101,
2004,Argentina,Americas,Urban,98.895,
2005,Argentina,Americas,Rural,83.31259,
2005,Argentina,Americas,Urban,98.9623,
2006,Argentina,Americas,Rural,84.69417,
2006,Argentina,Americas,Urban,99.0296,
2007,Argentina,Americas,Rural,86.07575,
2007,Argentina,Americas,Urban,99.0969,
2008,Argentina,Americas,Rural,87.45734,
2008,Argentina,Americas,Urban,99.16421,
2009,Argentina,Americas,Rural,88.83891,
2009,Argentina,Americas,Urban,99.23151,
2010,Argentina,Americas,Rural,90.2205,
2010,Argentina,Americas,Urban,99.29881,
2011,Argentina,Americas,Rural,91.60208,
2011,Argentina,Americas,Urban,99.36611,
2012,Argentina,Americas,Rural,92.98366,
2012,Argentina,Americas,Urban,99.43342,
2013,Argentina,Americas,Rural,92.98366,
2013,Argentina,Americas,Urban,99.50072,
2014,Argentina,Americas,Rural,92.98366,
2014,Argentina,Americas,Urban,99.56802,
2015,Argentina,Americas,Rural,92.98366,
2015,Argentina,Americas,Urban,99.63532,
2016,Argentina,Americas,Rural,92.98366,
2016,Argentina,Americas,Urban,99.63532,
2017,Argentina,Americas,Rural,,
2017,Argentina,Americas,Urban,99.63532,
2000,Armenia,Europe,Rural,88.56082,
2000,Armenia,Europe,Urban,98.72488,
2001,Armenia,Europe,Rural,89.30489,
2001,Armenia,Europe,Urban,98.80154,
2002,Armenia,Europe,Rural,90.05199,
2002,Armenia,Europe,Urban,98.87822,
2003,Armenia,Europe,Rural,90.80212,
2003,Armenia,Europe,Urban,98.95493,
2004,Armenia,Europe,Rural,91.55527,
2004,Armenia,Europe,Urban,99.03166,
2005,Armenia,Europe,Rural,92.31144,
2005,Armenia,Europe,Urban,99.10842,
2006,Armenia,Europe,Rural,93.07065,
2006,Armenia,Europe,Urban,99.1852,
2007,Armenia,Europe,Rural,93.83287,
2007,Armenia,Europe,Urban,99.26202,
2008,Armenia,Europe,Rural,94.59813,
2008,Armenia,Europe,Urban,99.33885,
2009,Armenia,Europe,Rural,95.36641,
2009,Armenia,Europe,Urban,99.41571,
2010,Armenia,Europe,Rural,96.13772,
2010,Armenia,Europe,Urban,99.4926,
2011,Armenia,Europe,Rural,96.91206,
2011,Armenia,Europe,Urban,99.56951,
2012,Armenia,Europe,Rural,97.68941,
2012,Armenia,Europe,Urban,99.64645,
2013,Armenia,Europe,Rural,98.4698,
2013,Armenia,Europe,Urban,99.72341,
2014,Armenia,Europe,Rural,99.25322,
2014,Armenia,Europe,Urban,99.79201,
2015,Armenia,Europe,Rural,99.5957,
2015,Armenia,Europe,Urban,99.81558,
2016,Armenia,Europe,Rural,100.0,
2016,Armenia,Europe,Urban,99.83916,
2017,Armenia,Europe,Rural,100.0,
2017,Armenia,Europe,Urban,99.86272,
2000,Australia,Western Pacific,Rural,99.05666,
2000,Australia,Western Pacific,Urban,99.835,98.16657
2001,Australia,Western Pacific,Rural,99.05666,
2001,Australia,Western Pacific,Urban,99.835,98.16657
2002,Australia,Western Pacific,Rural,99.05666,
2002,Australia,Western Pacific,Urban,99.835,98.16657
2003,Australia,Western Pacific,Rural,99.13834,
2003,Australia,Western Pacific,Urban,99.845,98.22697
2004,Australia,Western Pacific,Rural,99.22,
2004,Australia,Western Pacific,Urban,99.855,98.28738
2005,Australia,Western Pacific,Rural,99.30167,
2005,Australia,Western Pacific,Urban,99.865,98.34779
2006,Australia,Western Pacific,Rural,99.38333,
2006,Australia,Western Pacific,Urban,99.875,98.40823
2007,Australia,Western Pacific,Rural,99.465,
2007,Australia,Western Pacific,Urban,99.885,98.46866
2008,Australia,Western Pacific,Rural,99.54667,
2008,Australia,Western Pacific,Urban,99.895,98.52911
2009,Australia,Western Pacific,Rural,99.62833,
2009,Australia,Western Pacific,Urban,99.905,98.58957
2010,Australia,Western Pacific,Rural,99.71,
2010,Australia,Western Pacific,Urban,99.915,98.65003
2011,Australia,Western Pacific,Rural,99.79166,
2011,Australia,Western Pacific,Urban,99.925,98.71051
2012,Australia,Western Pacific,Rural,99.87334,
2012,Australia,Western Pacific,Urban,99.935,98.771
2013,Australia,Western Pacific,Rural,99.955,
2013,Australia,Western Pacific,Urban,99.945,98.78088
2014,Australia,Western Pacific,Rural,100.0,
2014,Australia,Western Pacific,Urban,99.955,98.79077
2015,Australia,Western Pacific,Rural,100.0,
2015,Australia,Western Pacific,Urban,99.965,98.80065
2016,Australia,Western Pacific,Rural,100.0,
2016,Australia,Western Pacific,Urban,99.965,98.80065
2017,Australia,Western Pacific,Rural,100.0,
2017,Australia,Western Pacific,Urban,99.965,98.80065
2000,Austria,Europe,Rural,100.0,
2000,Austria,Europe,Urban,100.0,
2001,Austria,Europe,Rural,100.0,
2001,Austria,Europe,Urban,100.0,
2002,Austria,Europe,Rural,100.0,
2002,Austria,Europe,Urban,100.0,
2003,Austria,Europe,Rural,100.0,
2003,Austria,Europe,Urban,100.0,
2004,Austria,Europe,Rural,100.0,
2004,Austria,Europe,Urban,100.0,
2005,Austria,Europe,Rural,100.0,
2005,Austria,Europe,Urban,100.0,
2006,Austria,Europe,Rural,100.0,
2006,Austria,Europe,Urban,100.0,
2007,Austria,Europe,Rural,100.0,
2007,Austria,Europe,Urban,100.0,
2008,Austria,Europe,Rural,100.0,
2008,Austria,Europe,Urban,100.0,
2009,Austria,Europe,Rural,100.0,
2009,Austria,Europe,Urban,100.0,
2010,Austria,Europe,Rural,100.0,
2010,Austria,Europe,Urban,100.0,
2011,Austria,Europe,Rural,100.0,
2011,Austria,Europe,Urban,100.0,
2012,Austria,Europe,Rural,100.0,
2012,Austria,Europe,Urban,100.0,
2013,Austria,Europe,Rural,100.0,
2013,Austria,Europe,Urban,100.0,
2014,Austria,Europe,Rural,100.0,
2014,Austria,Europe,Urban,100.0,
2015,Austria,Europe,Rural,100.0,
2015,Austria,Europe,Urban,100.0,
2016,Austria,Europe,Rural,100.0,
2016,Austria,Europe,Urban,100.0,
2017,Austria,Europe,Rural,100.0,
2017,Austria,Europe,Urban,100.0,
2000,Azerbaijan,Europe,Rural,54.93393,
2000,Azerbaijan,Europe,Urban,90.83197,
2001,Azerbaijan,Europe,Rural,56.86086,
2001,Azerbaijan,Europe,Urban,91.66982,
2002,Azerbaijan,Europe,Rural,58.8209,
2002,Azerbaijan,Europe,Urban,92.51024,
2003,Azerbaijan,Europe,Rural,60.81404,
2003,Azerbaijan,Europe,Urban,93.35326,
2004,Azerbaijan,Europe,Rural,62.84028,
2004,Azerbaijan,Europe,Urban,94.19885,
2005,Azerbaijan,Europe,Rural,64.89962,
2005,Azerbaijan,Europe,Urban,95.04704,
2006,Azerbaijan,Europe,Rural,66.99207,
2006,Azerbaijan,Europe,Urban,95.8978,
2007,Azerbaijan,Europe,Rural,69.11761,
2007,Azerbaijan,Europe,Urban,96.75115,
2008,Azerbaijan,Europe,Rural,71.27627,
2008,Azerbaijan,Europe,Urban,97.60709,
2009,Azerbaijan,Europe,Rural,72.42014,
2009,Azerbaijan,Europe,Urban,97.79578,
2010,Azerbaijan,Europe,Rural,73.56402,
2010,Azerbaijan,Europe,Urban,97.98447,
2011,Azerbaijan,Europe,Rural,74.70789,
2011,Azerbaijan,Europe,Urban,98.17316,
2012,Azerbaijan,Europe,Rural,75.85176,
2012,Azerbaijan,Europe,Urban,98.36184,
2013,Azerbaijan,Europe,Rural,76.99564,
2013,Azerbaijan,Europe,Urban,98.55053,
2014,Azerbaijan,Europe,Rural,78.13951,
2014,Azerbaijan,Europe,Urban,98.73922,
2015,Azerbaijan,Europe,Rural,79.28338,
2015,Azerbaijan,Europe,Urban,98.9279,
2016,Azerbaijan,Europe,Rural,80.42725,
2016,Azerbaijan,Europe,Urban,99.11659,
2017,Azerbaijan,Europe,Rural,81.57113,
2017,Azerbaijan,Europe,Urban,99.30528,
2000,Bahamas,Americas,Rural,,
2000,Bahamas,Americas,Urban,,
2001,Bahamas,Americas,Rural,,
2001,Bahamas,Americas,Urban,,
2002,Bahamas,Americas,Rural,,
2002,Bahamas,Americas,Urban,,
2003,Bahamas,Americas,Rural,,
2003,Bahamas,Americas,Urban,,
2004,Bahamas,Americas,Rural,,
2004,Bahamas,Americas,Urban,,
2005,Bahamas,Americas,Rural,,
2005,Bahamas,Americas,Urban,,
2006,Bahamas,Americas,Rural,,
2006,Bahamas,Americas,Urban,,
2007,Bahamas,Americas,Rural,,
2007,Bahamas,Americas,Urban,,
2008,Bahamas,Americas,Rural,,
2008,Bahamas,Americas,Urban,,
2009,Bahamas,Americas,Rural,,
2009,Bahamas,Americas,Urban,,
2010,Bahamas,Americas,Rural,,
2010,Bahamas,Americas,Urban,,
2011,Bahamas,Americas,Rural,,
2011,Bahamas,Americas,Urban,,
2012,Bahamas,Americas,Rural,,
2012,Bahamas,Americas,Urban,,
2013,Bahamas,Americas,Rural,,
2013,Bahamas,Americas,Urban,,
2014,Bahamas,Americas,Rural,,
2014,Bahamas,Americas,Urban,,
2015,Bahamas,Americas,Rural,,
2015,Bahamas,Americas,Urban,,
2016,Bahamas,Americas,Rural,,
2016,Bahamas,Americas,Urban,,
2017,Bahamas,Americas,Rural,,
2017,Bahamas,Americas,Urban,,
2000,Bahrain,Eastern Mediterranean,Rural,,
2000,Bahrain,Eastern Mediterranean,Urban,,
2001,Bahrain,Eastern Mediterranean,Rural,,
2001,Bahrain,Eastern Mediterranean,Urban,,
2002,Bahrain,Eastern Mediterranean,Rural,,
2002,Bahrain,Eastern Mediterranean,Urban,,
2003,Bahrain,Eastern Mediterranean,Rural,,
2003,Bahrain,Eastern Mediterranean,Urban,,
2004,Bahrain,Eastern Mediterranean,Rural,,
2004,Bahrain,Eastern Mediterranean,Urban,,
2005,Bahrain,Eastern Mediterranean,Rural,,
2005,Bahrain,Eastern Mediterranean,Urban,,
2006,Bahrain,Eastern Mediterranean,Rural,,
2006,Bahrain,Eastern Mediterranean,Urban,,
2007,Bahrain,Eastern Mediterranean,Rural,,
2007,Bahrain,Eastern Mediterranean,Urban,,
2008,Bahrain,Eastern Mediterranean,Rural,,
2008,Bahrain,Eastern Mediterranean,Urban,,
2009,Bahrain,Eastern Mediterranean,Rural,,
2009,Bahrain,Eastern Mediterranean,Urban,,
2010,Bahrain,Eastern Mediterranean,Rural,,
2010,Bahrain,Eastern Mediterranean,Urban,,
2011,Bahrain,Eastern Mediterranean,Rural,,
2011,Bahrain,Eastern Mediterranean,Urban,,
2012,Bahrain,Eastern Mediterranean,Rural,,
2012,Bahrain,Eastern Mediterranean,Urban,,
2013,Bahrain,Eastern Mediterranean,Rural,,
2013,Bahrain,Eastern Mediterranean,Urban,,
2014,Bahrain,Eastern Mediterranean,Rural,,
2014,Bahrain,Eastern Mediterranean,Urban,,
2015,Bahrain,Eastern Mediterranean,Rural,,
2015,Bahrain,Eastern Mediterranean,Urban,,
2016,Bahrain,Eastern Mediterranean,Rural,,
2016,Bahrain,Eastern Mediterranean,Urban,,
2017,Bahrain,Eastern Mediterranean,Rural,,
2017,Bahrain,Eastern Mediterranean,Urban,,
2000,Bangladesh,South-East Asia,Rural,94.15292,59.41035
2000,Bangladesh,South-East Asia,Urban,98.65534,44.55809
2001,Bangladesh,South-East Asia,Rural,94.3469,59.53275
2001,Bangladesh,South-East Asia,Urban,98.66331,44.56168
2002,Bangladesh,South-East Asia,Rural,94.54088,59.65515
2002,Bangladesh,South-East Asia,Urban,98.67127,44.56528
2003,Bangladesh,South-East Asia,Rural,94.73486,59.77755
2003,Bangladesh,South-East Asia,Urban,98.67925,44.56888
2004,Bangladesh,South-East Asia,Rural,94.92883,59.89995
2004,Bangladesh,South-East Asia,Urban,98.68721,44.57248
2005,Bangladesh,South-East Asia,Rural,95.06603,60.02235
2005,Bangladesh,South-East Asia,Urban,98.58665,44.57608
2006,Bangladesh,South-East Asia,Rural,95.203,60.14475
2006,Bangladesh,South-East Asia,Urban,98.48608,44.57968
2007,Bangladesh,South-East Asia,Rural,95.33974,60.26715
2007,Bangladesh,South-East Asia,Urban,98.3855,44.58327
2008,Bangladesh,South-East Asia,Rural,95.47625,60.38955
2008,Bangladesh,South-East Asia,Urban,98.28489,44.58688
2009,Bangladesh,South-East Asia,Rural,95.61252,60.51195
2009,Bangladesh,South-East Asia,Urban,98.18427,44.59047
2010,Bangladesh,South-East Asia,Rural,95.74857,60.63435
2010,Bangladesh,South-East Asia,Urban,98.08363,44.59407
2011,Bangladesh,South-East Asia,Rural,95.88438,60.75675
2011,Bangladesh,South-East Asia,Urban,97.98296,44.59767
2012,Bangladesh,South-East Asia,Rural,96.01996,60.87915
2012,Bangladesh,South-East Asia,Urban,97.88229,44.60127
2013,Bangladesh,South-East Asia,Rural,96.1553,61.00155
2013,Bangladesh,South-East Asia,Urban,97.7816,44.60487
2014,Bangladesh,South-East Asia,Rural,96.29042,61.12395
2014,Bangladesh,South-East Asia,Urban,97.68089,44.60847
2015,Bangladesh,South-East Asia,Rural,96.42531,61.24635
2015,Bangladesh,South-East Asia,Urban,97.58015,44.61206
2016,Bangladesh,South-East Asia,Rural,96.55996,61.36875
2016,Bangladesh,South-East Asia,Urban,97.47941,44.61566
2017,Bangladesh,South-East Asia,Rural,96.75255,61.49115
2017,Bangladesh,South-East Asia,Urban,97.48727,44.61926
2000,Barbados,Americas,Rural,,
2000,Barbados,Americas,Urban,,
2001,Barbados,Americas,Rural,,
2001,Barbados,Americas,Urban,,
2002,Barbados,Americas,Rural,,
2002,Barbados,Americas,Urban,,
2003,Barbados,Americas,Rural,,
2003,Barbados,Americas,Urban,,
2004,Barbados,Americas,Rural,,
2004,Barbados,Americas,Urban,,
2005,Barbados,Americas,Rural,,
2005,Barbados,Americas,Urban,,
2006,Barbados,Americas,Rural,,
2006,Barbados,Americas,Urban,,
2007,Barbados,Americas,Rural,,
2007,Barbados,Americas,Urban,,
2008,Barbados,Americas,Rural,,
2008,Barbados,Americas,Urban,,
2009,Barbados,Americas,Rural,,
2009,Barbados,Americas,Urban,,
2010,Barbados,Americas,Rural,,
2010,Barbados,Americas,Urban,,
2011,Barbados,Americas,Rural,,
2011,Barbados,Americas,Urban,,
2012,Barbados,Americas,Rural,,
2012,Barbados,Americas,Urban,,
2013,Barbados,Americas,Rural,,
2013,Barbados,Americas,Urban,,
2014,Barbados,Americas,Rural,,
2014,Barbados,Americas,Urban,,
2015,Barbados,Americas,Rural,,
2015,Barbados,Americas,Urban,,
2016,Barbados,Americas,Rural,,
2016,Barbados,Americas,Urban,,
2017,Barbados,Americas,Rural,,
2017,Barbados,Americas,Urban,,
2000,Belarus,Europe,Rural,98.87837,
2000,Belarus,Europe,Urban,99.4789,
2001,Belarus,Europe,Rural,98.87837,
2001,Belarus,Europe,Urban,99.4789,
2002,Belarus,Europe,Rural,98.87837,
2002,Belarus,Europe,Urban,99.4789,
2003,Belarus,Europe,Rural,98.87837,
2003,Belarus,Europe,Urban,99.4789,
2004,Belarus,Europe,Rural,98.908,
2004,Belarus,Europe,Urban,99.15609,
2005,Belarus,Europe,Rural,98.83868,
2005,Belarus,Europe,Urban,98.83314,
2006,Belarus,Europe,Rural,98.76932,
2006,Belarus,Europe,Urban,98.51006,
2007,Belarus,Europe,Rural,98.69988,
2007,Belarus,Europe,Urban,98.18685,
2008,Belarus,Europe,Rural,98.63039,
2008,Belarus,Europe,Urban,97.86351,
2009,Belarus,Europe,Rural,98.56084,
2009,Belarus,Europe,Urban,97.54004,
2010,Belarus,Europe,Rural,98.49123,
2010,Belarus,Europe,Urban,97.21643,
2011,Belarus,Europe,Rural,98.42156,
2011,Belarus,Europe,Urban,96.8927,
2012,Belarus,Europe,Rural,98.35184,
2012,Belarus,Europe,Urban,96.56883,
2013,Belarus,Europe,Rural,98.28205,
2013,Belarus,Europe,Urban,96.24483,
2014,Belarus,Europe,Rural,98.2122,
2014,Belarus,Europe,Urban,95.92071,
2015,Belarus,Europe,Rural,98.24153,
2015,Belarus,Europe,Urban,95.93904,
2016,Belarus,Europe,Rural,98.27086,
2016,Belarus,Europe,Urban,95.95737,
2017,Belarus,Europe,Rural,98.30019,
2017,Belarus,Europe,Urban,95.9757,
2000,Belgium,Europe,Rural,100.0,
2000,Belgium,Europe,Urban,100.0,
2001,Belgium,Europe,Rural,100.0,
2001,Belgium,Europe,Urban,100.0,
2002,Belgium,Europe,Rural,100.0,
2002,Belgium,Europe,Urban,100.0,
2003,Belgium,Europe,Rural,100.0,
2003,Belgium,Europe,Urban,100.0,
2004,Belgium,Europe,Rural,100.0,
2004,Belgium,Europe,Urban,100.0,
2005,Belgium,Europe,Rural,100.0,
2005,Belgium,Europe,Urban,100.0,
2006,Belgium,Europe,Rural,100.0,
2006,Belgium,Europe,Urban,100.0,
2007,Belgium,Europe,Rural,100.0,
2007,Belgium,Europe,Urban,100.0,
2008,Belgium,Europe,Rural,100.0,
2008,Belgium,Europe,Urban,100.0,
2009,Belgium,Europe,Rural,100.0,
2009,Belgium,Europe,Urban,100.0,
2010,Belgium,Europe,Rural,100.0,
2010,Belgium,Europe,Urban,100.0,
2011,Belgium,Europe,Rural,100.0,
2011,Belgium,Europe,Urban,100.0,
2012,Belgium,Europe,Rural,100.0,
2012,Belgium,Europe,Urban,100.0,
2013,Belgium,Europe,Rural,100.0,
2013,Belgium,Europe,Urban,100.0,
2014,Belgium,Europe,Rural,100.0,
2014,Belgium,Europe,Urban,100.0,
2015,Belgium,Europe,Rural,100.0,
2015,Belgium,Europe,Urban,100.0,
2016,Belgium,Europe,Rural,100.0,
2016,Belgium,Europe,Urban,100.0,
2017,Belgium,Europe,Rural,100.0,
2017,Belgium,Europe,Urban,100.0,
2000,Belize,Americas,Rural,84.26453,
2000,Belize,Americas,Urban,91.24052,
2001,Belize,Americas,Rural,85.01118,
2001,Belize,Americas,Urban,91.77784,
2002,Belize,Americas,Rural,85.75784,
2002,Belize,Americas,Urban,92.31516,
2003,Belize,Americas,Rural,86.50449,
2003,Belize,Americas,Urban,92.85248,
2004,Belize,Americas,Rural,87.25114,
2004,Belize,Americas,Urban,93.3898,
2005,Belize,Americas,Rural,87.9978,
2005,Belize,Americas,Urban,93.92712,
2006,Belize,Americas,Rural,88.74445,
2006,Belize,Americas,Urban,94.46444,
2007,Belize,Americas,Rural,89.49111,
2007,Belize,Americas,Urban,95.00176,
2008,Belize,Americas,Rural,90.23776,
2008,Belize,Americas,Urban,95.53908,
2009,Belize,Americas,Rural,90.98442,
2009,Belize,Americas,Urban,96.0764,
2010,Belize,Americas,Rural,91.76142,
2010,Belize,Americas,Urban,96.57273,
2011,Belize,Americas,Rural,92.53892,
2011,Belize,Americas,Urban,97.0686,
2012,Belize,Americas,Rural,93.3169,
2012,Belize,Americas,Urban,97.56403,
2013,Belize,Americas,Rural,94.09538,
2013,Belize,Americas,Urban,98.05899,
2014,Belize,Americas,Rural,94.87436,
2014,Belize,Americas,Urban,98.5535,
2015,Belize,Americas,Rural,95.65383,
2015,Belize,Americas,Urban,99.00529,
2016,Belize,Americas,Rural,96.4338,
2016,Belize,Americas,Urban,98.96318,
2017,Belize,Americas,Rural,97.21426,
2017,Belize,Americas,Urban,98.92107,
2000,Benin,Africa,Rural,52.03753,
2000,Benin,Africa,Urban,76.61732,
2001,Benin,Africa,Rural,52.46617,
2001,Benin,Africa,Urban,76.56462,
2002,Benin,Africa,Rural,52.88915,
2002,Benin,Africa,Urban,76.51169,
2003,Benin,Africa,Rural,53.30647,
2003,Benin,Africa,Urban,76.45853,
2004,Benin,Africa,Rural,53.71812,
2004,Benin,Africa,Urban,76.40513,
2005,Benin,Africa,Rural,54.12411,
2005,Benin,Africa,Urban,76.35149,
2006,Benin,Africa,Rural,54.52445,
2006,Benin,Africa,Urban,76.29763,
2007,Benin,Africa,Rural,54.91912,
2007,Benin,Africa,Urban,76.24353,
2008,Benin,Africa,Rural,55.30813,
2008,Benin,Africa,Urban,76.1892,
2009,Benin,Africa,Rural,55.69148,
2009,Benin,Africa,Urban,76.13464,
2010,Benin,Africa,Rural,56.06916,
2010,Benin,Africa,Urban,76.07984,
2011,Benin,Africa,Rural,56.44119,
2011,Benin,Africa,Urban,76.02481,
2012,Benin,Africa,Rural,56.80756,
2012,Benin,Africa,Urban,75.96955,
2013,Benin,Africa,Rural,57.16826,
2013,Benin,Africa,Urban,75.91405,
2014,Benin,Africa,Rural,57.5233,
2014,Benin,Africa,Urban,75.85833,
2015,Benin,Africa,Rural,57.87268,
2015,Benin,Africa,Urban,75.80237,
2016,Benin,Africa,Rural,58.2164,
2016,Benin,Africa,Urban,75.74618,
2017,Benin,Africa,Rural,58.2164,
2017,Benin,Africa,Urban,75.74618,
2000,Bhutan,South-East Asia,Rural,78.30089,21.73112
2000,Bhutan,South-East Asia,Urban,95.75127,48.56318
2001,Bhutan,South-East Asia,Rural,79.67268,22.11184
2001,Bhutan,South-East Asia,Urban,95.79252,48.5841
2002,Bhutan,South-East Asia,Rural,80.87419,22.49256
2002,Bhutan,South-East Asia,Urban,95.95062,48.60502
2003,Bhutan,South-East Asia,Rural,82.06995,22.87328
2003,Bhutan,South-East Asia,Urban,96.10883,48.62593
2004,Bhutan,South-East Asia,Rural,83.25993,23.25399
2004,Bhutan,South-East Asia,Urban,96.26714,48.64685
2005,Bhutan,South-East Asia,Rural,84.44415,23.63471
2005,Bhutan,South-East Asia,Urban,96.42555,48.66777
2006,Bhutan,South-East Asia,Rural,85.62261,24.01543
2006,Bhutan,South-East Asia,Urban,96.58406,48.68869
2007,Bhutan,South-East Asia,Rural,86.7953,24.39615
2007,Bhutan,South-East Asia,Urban,96.74267,48.7096
2008,Bhutan,South-East Asia,Rural,87.96223,24.77687
2008,Bhutan,South-East Asia,Urban,96.90138,48.73052
2009,Bhutan,South-East Asia,Rural,89.1234,25.15759
2009,Bhutan,South-East Asia,Urban,97.0602,48.75143
2010,Bhutan,South-East Asia,Rural,90.27879,25.5383
2010,Bhutan,South-East Asia,Urban,97.21911,48.77235
2011,Bhutan,South-East Asia,Rural,91.42843,25.91902
2011,Bhutan,South-East Asia,Urban,97.37812,48.79327
2012,Bhutan,South-East Asia,Rural,92.5723,26.29974
2012,Bhutan,South-East Asia,Urban,97.53723,48.81419
2013,Bhutan,South-East Asia,Rural,93.71041,26.68046
2013,Bhutan,South-East Asia,Urban,97.69645,48.8351
2014,Bhutan,South-East Asia,Rural,94.84275,27.06118
2014,Bhutan,South-East Asia,Urban,97.85576,48.85602
2015,Bhutan,South-East Asia,Rural,96.12806,27.42791
2015,Bhutan,South-East Asia,Urban,97.89766,48.87694
2016,Bhutan,South-East Asia,Rural,96.73119,27.6
2016,Bhutan,South-East Asia,Urban,97.93955,48.89785
2017,Bhutan,South-East Asia,Rural,96.73119,27.6
2017,Bhutan,South-East Asia,Urban,97.98145,48.91877
2000,Bolivia (Plurinational State of),Americas,Rural,54.221,
2000,Bolivia (Plurinational State of),Americas,Urban,95.10022,
2001,Bolivia (Plurinational State of),Americas,Rural,55.65392,
2001,Bolivia (Plurinational State of),Americas,Urban,95.35572,
2002,Bolivia (Plurinational State of),Americas,Rural,57.09161,
2002,Bolivia (Plurinational State of),Americas,Urban,95.61122,
2003,Bolivia (Plurinational State of),Americas,Rural,58.53408,
2003,Bolivia (Plurinational State of),Americas,Urban,95.86672,
2004,Bolivia (Plurinational State of),Americas,Rural,59.98132,
2004,Bolivia (Plurinational State of),Americas,Urban,96.12223,
2005,Bolivia (Plurinational State of),Americas,Rural,61.43335,
2005,Bolivia (Plurinational State of),Americas,Urban,96.37774,
2006,Bolivia (Plurinational State of),Americas,Rural,62.89014,
2006,Bolivia (Plurinational State of),Americas,Urban,96.63325,
2007,Bolivia (Plurinational State of),Americas,Rural,64.35172,
2007,Bolivia (Plurinational State of),Americas,Urban,96.88876,
2008,Bolivia (Plurinational State of),Americas,Rural,65.81808,
2008,Bolivia (Plurinational State of),Americas,Urban,97.14426,
2009,Bolivia (Plurinational State of),Americas,Rural,67.28163,
2009,Bolivia (Plurinational State of),Americas,Urban,97.39978,
2010,Bolivia (Plurinational State of),Americas,Rural,68.63637,
2010,Bolivia (Plurinational State of),Americas,Urban,97.6553,
2011,Bolivia (Plurinational State of),Americas,Rural,69.99111,
2011,Bolivia (Plurinational State of),Americas,Urban,97.91046,
2012,Bolivia (Plurinational State of),Americas,Rural,71.34585,
2012,Bolivia (Plurinational State of),Americas,Urban,98.16563,
2013,Bolivia (Plurinational State of),Americas,Rural,72.70058,
2013,Bolivia (Plurinational State of),Americas,Urban,98.4208,
2014,Bolivia (Plurinational State of),Americas,Rural,74.05533,
2014,Bolivia (Plurinational State of),Americas,Urban,98.67597,
2015,Bolivia (Plurinational State of),Americas,Rural,75.41006,
2015,Bolivia (Plurinational State of),Americas,Urban,98.93114,
2016,Bolivia (Plurinational State of),Americas,Rural,76.7648,
2016,Bolivia (Plurinational State of),Americas,Urban,99.18631,
2017,Bolivia (Plurinational State of),Americas,Rural,78.11954,
2017,Bolivia (Plurinational State of),Americas,Urban,99.44147,
2000,Bosnia and Herzegovina,Europe,Rural,96.25556,
2000,Bosnia and Herzegovina,Europe,Urban,98.64832,
2001,Bosnia and Herzegovina,Europe,Rural,96.35999,
2001,Bosnia and Herzegovina,Europe,Urban,98.3778,
2002,Bosnia and Herzegovina,Europe,Rural,96.46407,
2002,Bosnia and Herzegovina,Europe,Urban,98.10712,
2003,Bosnia and Herzegovina,Europe,Rural,96.56778,
2003,Bosnia and Herzegovina,Europe,Urban,97.83627,
2004,Bosnia and Herzegovina,Europe,Rural,96.67113,
2004,Bosnia and Herzegovina,Europe,Urban,97.56524,
2005,Bosnia and Herzegovina,Europe,Rural,96.77412,
2005,Bosnia and Herzegovina,Europe,Urban,97.29405,
2006,Bosnia and Herzegovina,Europe,Rural,96.87675,
2006,Bosnia and Herzegovina,Europe,Urban,97.02269,
2007,Bosnia and Herzegovina,Europe,Rural,96.97903,
2007,Bosnia and Herzegovina,Europe,Urban,96.75116,
2008,Bosnia and Herzegovina,Europe,Rural,97.08093,
2008,Bosnia and Herzegovina,Europe,Urban,96.47946,
2009,Bosnia and Herzegovina,Europe,Rural,97.18248,
2009,Bosnia and Herzegovina,Europe,Urban,96.20759,
2010,Bosnia and Herzegovina,Europe,Rural,97.28367,
2010,Bosnia and Herzegovina,Europe,Urban,95.93555,
2011,Bosnia and Herzegovina,Europe,Rural,97.3845,
2011,Bosnia and Herzegovina,Europe,Urban,95.66335,
2012,Bosnia and Herzegovina,Europe,Rural,97.35945,
2012,Bosnia and Herzegovina,Europe,Urban,95.39097,
2013,Bosnia and Herzegovina,Europe,Rural,97.425,
2013,Bosnia and Herzegovina,Europe,Urban,95.11842,
2014,Bosnia and Herzegovina,Europe,Rural,97.33334,
2014,Bosnia and Herzegovina,Europe,Urban,94.8457,
2015,Bosnia and Herzegovina,Europe,Rural,97.33334,
2015,Bosnia and Herzegovina,Europe,Urban,94.8457,
2016,Bosnia and Herzegovina,Europe,Rural,97.33334,
2016,Bosnia and Herzegovina,Europe,Urban,94.8457,
2017,Bosnia and Herzegovina,Europe,Rural,97.33334,
2017,Bosnia and Herzegovina,Europe,Urban,94.8457,
2000,Botswana,Africa,Rural,53.57892,
2000,Botswana,Africa,Urban,94.20359,84.02139
2001,Botswana,Africa,Rural,53.68024,
2001,Botswana,Africa,Urban,94.12136,83.94804
2002,Botswana,Africa,Rural,53.78156,
2002,Botswana,Africa,Urban,94.03912,83.8747
2003,Botswana,Africa,Rural,53.88288,
2003,Botswana,Africa,Urban,93.95689,83.80135
2004,Botswana,Africa,Rural,53.9842,
2004,Botswana,Africa,Urban,93.87465,83.728
2005,Botswana,Africa,Rural,54.08552,
2005,Botswana,Africa,Urban,93.79242,83.65466
2006,Botswana,Africa,Rural,55.83842,
2006,Botswana,Africa,Urban,94.07028,84.03082
2007,Botswana,Africa,Rural,57.59751,
2007,Botswana,Africa,Urban,94.34751,83.95708
2008,Botswana,Africa,Rural,59.36277,
2008,Botswana,Africa,Urban,94.62411,83.88334
2009,Botswana,Africa,Rural,61.13421,
2009,Botswana,Africa,Urban,94.90008,83.8096
2010,Botswana,Africa,Rural,62.91182,
2010,Botswana,Africa,Urban,95.17541,83.73586
2011,Botswana,Africa,Rural,64.69561,
2011,Botswana,Africa,Urban,95.45011,83.66212
2012,Botswana,Africa,Rural,66.48558,
2012,Botswana,Africa,Urban,95.72418,83.58837
2013,Botswana,Africa,Rural,68.28172,
2013,Botswana,Africa,Urban,95.99762,83.51463
2014,Botswana,Africa,Rural,70.08404,
2014,Botswana,Africa,Urban,96.27043,83.44089
2015,Botswana,Africa,Rural,71.89253,
2015,Botswana,Africa,Urban,96.5426,83.36715
2016,Botswana,Africa,Rural,73.70721,
2016,Botswana,Africa,Urban,96.81415,83.29341
2017,Botswana,Africa,Rural,75.52805,
2017,Botswana,Africa,Urban,97.08505,83.21967
2000,Brazil,Americas,Rural,74.07692,
2000,Brazil,Americas,Urban,98.18935,91.21861
2001,Brazil,Americas,Rural,74.93878,
2001,Brazil,Americas,Urban,98.25658,91.28107
2002,Brazil,Americas,Rural,75.80064,
2002,Brazil,Americas,Urban,98.32382,91.34353
2003,Brazil,Americas,Rural,76.66251,
2003,Brazil,Americas,Urban,98.39105,91.40599
2004,Brazil,Americas,Rural,77.52437,
2004,Brazil,Americas,Urban,98.45829,91.46844
2005,Brazil,Americas,Rural,78.38623,
2005,Brazil,Americas,Urban,98.52552,91.53091
2006,Brazil,Americas,Rural,79.24809,
2006,Brazil,Americas,Urban,98.59275,91.59337
2007,Brazil,Americas,Rural,80.10995,
2007,Brazil,Americas,Urban,98.65999,91.65583
2008,Brazil,Americas,Rural,80.97181,
2008,Brazil,Americas,Urban,98.72722,91.71829
2009,Brazil,Americas,Rural,81.83367,
2009,Brazil,Americas,Urban,98.79446,91.78075
2010,Brazil,Americas,Rural,82.69553,
2010,Brazil,Americas,Urban,98.86169,91.84321
2011,Brazil,Americas,Rural,83.5574,
2011,Brazil,Americas,Urban,98.92892,91.90567
2012,Brazil,Americas,Rural,84.41926,
2012,Brazil,Americas,Urban,98.99615,91.96813
2013,Brazil,Americas,Rural,85.28111,
2013,Brazil,Americas,Urban,99.06339,92.03059
2014,Brazil,Americas,Rural,86.14297,
2014,Brazil,Americas,Urban,99.13062,92.09305
2015,Brazil,Americas,Rural,87.00484,
2015,Brazil,Americas,Urban,99.36473,92.15551
2016,Brazil,Americas,Rural,87.8667,
2016,Brazil,Americas,Urban,99.46718,92.21797
2017,Brazil,Americas,Rural,89.73862,
2017,Brazil,Americas,Urban,99.53455,92.28043
2000,Brunei Darussalam,Western Pacific,Rural,,
2000,Brunei Darussalam,Western Pacific,Urban,,
2001,Brunei Darussalam,Western Pacific,Rural,,
2001,Brunei Darussalam,Western Pacific,Urban,,
2002,Brunei Darussalam,Western Pacific,Rural,,
2002,Brunei Darussalam,Western Pacific,Urban,,
2003,Brunei Darussalam,Western Pacific,Rural,,
2003,Brunei Darussalam,Western Pacific,Urban,,
2004,Brunei Darussalam,Western Pacific,Rural,,
2004,Brunei Darussalam,Western Pacific,Urban,,
2005,Brunei Darussalam,Western Pacific,Rural,,
2005,Brunei Darussalam,Western Pacific,Urban,,
2006,Brunei Darussalam,Western Pacific,Rural,,
2006,Brunei Darussalam,Western Pacific,Urban,,
2007,Brunei Darussalam,Western Pacific,Rural,,
2007,Brunei Darussalam,Western Pacific,Urban,,
2008,Brunei Darussalam,Western Pacific,Rural,,
2008,Brunei Darussalam,Western Pacific,Urban,,
2009,Brunei Darussalam,Western Pacific,Rural,,
2009,Brunei Darussalam,Western Pacific,Urban,,
2010,Brunei Darussalam,Western Pacific,Rural,,
2010,Brunei Darussalam,Western Pacific,Urban,,
2011,Brunei Darussalam,Western Pacific,Rural,,
2011,Brunei Darussalam,Western Pacific,Urban,,
2012,Brunei Darussalam,Western Pacific,Rural,,
2012,Brunei Darussalam,Western Pacific,Urban,,
2013,Brunei Darussalam,Western Pacific,Rural,,
2013,Brunei Darussalam,Western Pacific,Urban,,
2014,Brunei Darussalam,Western Pacific,Rural,,
2014,Brunei Darussalam,Western Pacific,Urban,,
2015,Brunei Darussalam,Western Pacific,Rural,,
2015,Brunei Darussalam,Western Pacific,Urban,,
2016,Brunei Darussalam,Western Pacific,Rural,,
2016,Brunei Darussalam,Western Pacific,Urban,,
2017,Brunei Darussalam,Western Pacific,Rural,,
2017,Brunei Darussalam,Western Pacific,Urban,,
2000,Bulgaria,Europe,Rural,99.47295,
2000,Bulgaria,Europe,Urban,99.86176,
2001,Bulgaria,Europe,Rural,99.47243,
2001,Bulgaria,Europe,Urban,99.86172,
2002,Bulgaria,Europe,Rural,99.4719,
2002,Bulgaria,Europe,Urban,99.85513,
2003,Bulgaria,Europe,Rural,99.43784,
2003,Bulgaria,Europe,Urban,99.82938,
2004,Bulgaria,Europe,Rural,99.33842,
2004,Bulgaria,Europe,Urban,99.80362,
2005,Bulgaria,Europe,Rural,99.23898,
2005,Bulgaria,Europe,Urban,99.77786,
2006,Bulgaria,Europe,Rural,99.13956,
2006,Bulgaria,Europe,Urban,99.75211,
2007,Bulgaria,Europe,Rural,99.04013,
2007,Bulgaria,Europe,Urban,99.72635,
2008,Bulgaria,Europe,Rural,98.9407,
2008,Bulgaria,Europe,Urban,99.7006,
2009,Bulgaria,Europe,Rural,98.84127,
2009,Bulgaria,Europe,Urban,99.67484,
2010,Bulgaria,Europe,Rural,98.74184,
2010,Bulgaria,Europe,Urban,99.64909,
2011,Bulgaria,Europe,Rural,98.64242,
2011,Bulgaria,Europe,Urban,99.62333,
2012,Bulgaria,Europe,Rural,98.54299,
2012,Bulgaria,Europe,Urban,99.59757,
2013,Bulgaria,Europe,Rural,98.44357,
2013,Bulgaria,Europe,Urban,99.57182,
2014,Bulgaria,Europe,Rural,98.34413,
2014,Bulgaria,Europe,Urban,99.54606,
2015,Bulgaria,Europe,Rural,98.24471,
2015,Bulgaria,Europe,Urban,99.5203,
2016,Bulgaria,Europe,Rural,98.14528,
2016,Bulgaria,Europe,Urban,99.49454,
2017,Bulgaria,Europe,Rural,98.04585,
2017,Bulgaria,Europe,Urban,99.46879,
2000,Burkina Faso,Africa,Rural,50.78503,
2000,Burkina Faso,Africa,Urban,73.95518,
2001,Burkina Faso,Africa,Rural,50.78503,
2001,Burkina Faso,Africa,Urban,73.95518,
2002,Burkina Faso,Africa,Rural,49.86592,
2002,Burkina Faso,Africa,Urban,74.31876,
2003,Burkina Faso,Africa,Rural,48.93773,
2003,Burkina Faso,Africa,Urban,74.68311,
2004,Burkina Faso,Africa,Rural,48.00047,
2004,Burkina Faso,Africa,Urban,75.04821,
2005,Burkina Faso,Africa,Rural,47.05412,
2005,Burkina Faso,Africa,Urban,75.41408,
2006,Burkina Faso,Africa,Rural,46.09871,
2006,Burkina Faso,Africa,Urban,75.78071,
2007,Burkina Faso,Africa,Rural,45.13421,
2007,Burkina Faso,Africa,Urban,76.1481,
2008,Burkina Faso,Africa,Rural,44.16063,
2008,Burkina Faso,Africa,Urban,76.51627,
2009,Burkina Faso,Africa,Rural,43.17798,
2009,Burkina Faso,Africa,Urban,76.88519,
2010,Burkina Faso,Africa,Rural,42.18625,
2010,Burkina Faso,Africa,Urban,77.25488,
2011,Burkina Faso,Africa,Rural,41.18544,
2011,Burkina Faso,Africa,Urban,77.62532,
2012,Burkina Faso,Africa,Rural,40.17556,
2012,Burkina Faso,Africa,Urban,77.99654,
2013,Burkina Faso,Africa,Rural,39.15659,
2013,Burkina Faso,Africa,Urban,78.36852,
2014,Burkina Faso,Africa,Rural,38.12855,
2014,Burkina Faso,Africa,Urban,78.74126,
2015,Burkina Faso,Africa,Rural,37.09143,
2015,Burkina Faso,Africa,Urban,79.11476,
2016,Burkina Faso,Africa,Rural,36.04524,
2016,Burkina Faso,Africa,Urban,79.48904,
2017,Burkina Faso,Africa,Rural,34.98996,
2017,Burkina Faso,Africa,Urban,79.86407,
2000,Burundi,Africa,Rural,47.84253,
2000,Burundi,Africa,Urban,82.04812,
2001,Burundi,Africa,Rural,48.34402,
2001,Burundi,Africa,Urban,82.50614,
2002,Burundi,Africa,Rural,48.84735,
2002,Burundi,Africa,Urban,82.96368,
2003,Burundi,Africa,Rural,49.35253,
2003,Burundi,Africa,Urban,83.42075,
2004,Burundi,Africa,Rural,49.85955,
2004,Burundi,Africa,Urban,83.87734,
2005,Burundi,Africa,Rural,50.36841,
2005,Burundi,Africa,Urban,84.33345,
2006,Burundi,Africa,Rural,50.87911,
2006,Burundi,Africa,Urban,84.78909,
2007,Burundi,Africa,Rural,51.39165,
2007,Burundi,Africa,Urban,85.24426,
2008,Burundi,Africa,Rural,51.90603,
2008,Burundi,Africa,Urban,85.69894,
2009,Burundi,Africa,Rural,52.42226,
2009,Burundi,Africa,Urban,86.15315,
2010,Burundi,Africa,Rural,52.94032,
2010,Burundi,Africa,Urban,86.6069,
2011,Burundi,Africa,Rural,53.46023,
2011,Burundi,Africa,Urban,87.06015,
2012,Burundi,Africa,Rural,53.98198,
2012,Burundi,Africa,Urban,87.51294,
2013,Burundi,Africa,Rural,54.50557,
2013,Burundi,Africa,Urban,87.96525,
2014,Burundi,Africa,Rural,55.03099,
2014,Burundi,Africa,Urban,88.41708,
2015,Burundi,Africa,Rural,55.55827,
2015,Burundi,Africa,Urban,88.86844,
2016,Burundi,Africa,Rural,56.08738,
2016,Burundi,Africa,Urban,89.31932,
2017,Burundi,Africa,Rural,56.61833,
2017,Burundi,Africa,Urban,89.76972,
2000,Cabo Verde,Africa,Rural,70.31297,
2000,Cabo Verde,Africa,Urban,86.14902,
2001,Cabo Verde,Africa,Rural,70.41384,
2001,Cabo Verde,Africa,Urban,86.14902,
2002,Cabo Verde,Africa,Rural,70.51471,
2002,Cabo Verde,Africa,Urban,86.14902,
2003,Cabo Verde,Africa,Rural,70.61558,
2003,Cabo Verde,Africa,Urban,86.14902,
2004,Cabo Verde,Africa,Rural,70.71644,
2004,Cabo Verde,Africa,Urban,86.73296,
2005,Cabo Verde,Africa,Rural,70.81731,
2005,Cabo Verde,Africa,Urban,87.3169,
2006,Cabo Verde,Africa,Rural,70.91817,
2006,Cabo Verde,Africa,Urban,87.90084,
2007,Cabo Verde,Africa,Rural,71.01904,
2007,Cabo Verde,Africa,Urban,88.48479,
2008,Cabo Verde,Africa,Rural,71.11991,
2008,Cabo Verde,Africa,Urban,89.06873,
2009,Cabo Verde,Africa,Rural,71.22078,
2009,Cabo Verde,Africa,Urban,89.65267,
2010,Cabo Verde,Africa,Rural,71.32165,
2010,Cabo Verde,Africa,Urban,90.23661,
2011,Cabo Verde,Africa,Rural,71.42251,
2011,Cabo Verde,Africa,Urban,90.82056,
2012,Cabo Verde,Africa,Rural,71.52338,
2012,Cabo Verde,Africa,Urban,91.4045,
2013,Cabo Verde,Africa,Rural,71.62424,
2013,Cabo Verde,Africa,Urban,91.98844,
2014,Cabo Verde,Africa,Rural,71.72511,
2014,Cabo Verde,Africa,Urban,92.57238,
2015,Cabo Verde,Africa,Rural,72.8726,
2015,Cabo Verde,Africa,Urban,93.1,
2016,Cabo Verde,Africa,Rural,74.32441,
2016,Cabo Verde,Africa,Urban,93.1,
2017,Cabo Verde,Africa,Rural,75.78001,
2017,Cabo Verde,Africa,Urban,93.1,
2000,Cambodia,Western Pacific,Rural,47.04868,10.80921
2000,Cambodia,Western Pacific,Urban,75.55914,43.4465
2001,Cambodia,Western Pacific,Rural,48.56391,11.15437
2001,Cambodia,Western Pacific,Urban,76.90221,44.21877
2002,Cambodia,Western Pacific,Rural,50.07994,11.49953
2002,Cambodia,Western Pacific,Urban,78.21317,44.99103
2003,Cambodia,Western Pacific,Rural,51.59677,11.8447
2003,Cambodia,Western Pacific,Urban,79.49651,45.7633
2004,Cambodia,Western Pacific,Rural,53.11439,12.18986
2004,Cambodia,Western Pacific,Urban,80.77785,46.53556
2005,Cambodia,Western Pacific,Rural,54.6328,12.53502
2005,Cambodia,Western Pacific,Urban,82.05719,47.30783
2006,Cambodia,Western Pacific,Rural,56.15201,12.88019
2006,Cambodia,Western Pacific,Urban,83.33453,48.08009
2007,Cambodia,Western Pacific,Rural,57.67202,13.22535
2007,Cambodia,Western Pacific,Urban,84.60988,48.85236
2008,Cambodia,Western Pacific,Rural,59.19283,13.57051
2008,Cambodia,Western Pacific,Urban,85.88323,49.62462
2009,Cambodia,Western Pacific,Rural,60.71442,13.91568
2009,Cambodia,Western Pacific,Urban,87.15458,50.39688
2010,Cambodia,Western Pacific,Rural,62.23682,14.26084
2010,Cambodia,Western Pacific,Urban,88.42393,51.16915
2011,Cambodia,Western Pacific,Rural,63.76001,14.606
2011,Cambodia,Western Pacific,Urban,89.69129,51.94141
2012,Cambodia,Western Pacific,Rural,65.284,14.95117
2012,Cambodia,Western Pacific,Urban,90.95666,52.71368
2013,Cambodia,Western Pacific,Rural,66.80878,15.29633
2013,Cambodia,Western Pacific,Urban,92.22002,53.48594
2014,Cambodia,Western Pacific,Rural,68.33435,15.64149
2014,Cambodia,Western Pacific,Urban,93.48138,54.25821
2015,Cambodia,Western Pacific,Rural,69.86073,15.98666
2015,Cambodia,Western Pacific,Urban,94.74075,55.03047
2016,Cambodia,Western Pacific,Rural,71.38789,16.33182
2016,Cambodia,Western Pacific,Urban,95.99812,55.80273
2017,Cambodia,Western Pacific,Rural,72.89664,16.67698
2017,Cambodia,Western Pacific,Urban,97.32665,56.575
2000,Cameroon,Africa,Rural,37.93732,
2000,Cameroon,Africa,Urban,84.57535,
2001,Cameroon,Africa,Rural,38.10889,
2001,Cameroon,Africa,Urban,84.15752,
2002,Cameroon,Africa,Rural,38.26654,
2002,Cameroon,Africa,Urban,83.73504,
2003,Cameroon,Africa,Rural,38.41027,
2003,Cameroon,Africa,Urban,83.30788,
2004,Cameroon,Africa,Rural,38.54007,
2004,Cameroon,Africa,Urban,82.87607,
2005,Cameroon,Africa,Rural,38.65596,
2005,Cameroon,Africa,Urban,82.43958,
2006,Cameroon,Africa,Rural,38.75793,
2006,Cameroon,Africa,Urban,81.99844,
2007,Cameroon,Africa,Rural,38.84598,
2007,Cameroon,Africa,Urban,81.55262,
2008,Cameroon,Africa,Rural,38.92011,
2008,Cameroon,Africa,Urban,81.10215,
2009,Cameroon,Africa,Rural,38.98032,
2009,Cameroon,Africa,Urban,80.647,
2010,Cameroon,Africa,Rural,39.02661,
2010,Cameroon,Africa,Urban,80.18719,
2011,Cameroon,Africa,Rural,39.05898,
2011,Cameroon,Africa,Urban,79.72272,
2012,Cameroon,Africa,Rural,39.07743,
2012,Cameroon,Africa,Urban,79.25359,
2013,Cameroon,Africa,Rural,39.08195,
2013,Cameroon,Africa,Urban,78.77979,
2014,Cameroon,Africa,Rural,39.07256,
2014,Cameroon,Africa,Urban,78.30132,
2015,Cameroon,Africa,Rural,39.04925,
2015,Cameroon,Africa,Urban,77.81819,
2016,Cameroon,Africa,Rural,39.01202,
2016,Cameroon,Africa,Urban,77.3304,
2017,Cameroon,Africa,Rural,39.01202,
2017,Cameroon,Africa,Urban,77.3304,
2000,Canada,Americas,Rural,98.1768,
2000,Canada,Americas,Urban,99.35326,
2001,Canada,Americas,Rural,98.1768,
2001,Canada,Americas,Urban,99.35326,
2002,Canada,Americas,Rural,98.1768,
2002,Canada,Americas,Urban,99.35326,
2003,Canada,Americas,Rural,98.1768,
2003,Canada,Americas,Urban,99.35326,
2004,Canada,Americas,Rural,98.1768,
2004,Canada,Americas,Urban,99.35326,
2005,Canada,Americas,Rural,98.23095,
2005,Canada,Americas,Urban,99.36944,
2006,Canada,Americas,Rural,98.2851,
2006,Canada,Americas,Urban,99.38562,
2007,Canada,Americas,Rural,98.33925,
2007,Canada,Americas,Urban,99.4018,
2008,Canada,Americas,Rural,98.3934,
2008,Canada,Americas,Urban,99.41798,
2009,Canada,Americas,Rural,98.44755,
2009,Canada,Americas,Urban,99.43416,
2010,Canada,Americas,Rural,98.5017,
2010,Canada,Americas,Urban,99.45034,
2011,Canada,Americas,Rural,98.55585,
2011,Canada,Americas,Urban,99.46651,
2012,Canada,Americas,Rural,98.61,
2012,Canada,Americas,Urban,99.4827,
2013,Canada,Americas,Rural,98.66415,
2013,Canada,Americas,Urban,99.49888,
2014,Canada,Americas,Rural,98.7183,
2014,Canada,Americas,Urban,99.51506,
2015,Canada,Americas,Rural,98.77245,
2015,Canada,Americas,Urban,99.53123,
2016,Canada,Americas,Rural,98.8266,
2016,Canada,Americas,Urban,99.54742,
2017,Canada,Americas,Rural,98.88074,
2017,Canada,Americas,Urban,99.5636,
2000,Central African Republic,Africa,Rural,44.00963,
2000,Central African Republic,Africa,Urban,81.87418,
2001,Central African Republic,Africa,Rural,43.20408,
2001,Central African Republic,Africa,Urban,80.44343,
2002,Central African Republic,Africa,Rural,42.38949,
2002,Central African Republic,Africa,Urban,79.01315,
2003,Central African Republic,Africa,Rural,41.56586,
2003,Central African Republic,Africa,Urban,77.58335,
2004,Central African Republic,Africa,Rural,40.73318,
2004,Central African Republic,Africa,Urban,76.15402,
2005,Central African Republic,Africa,Rural,39.89146,
2005,Central African Republic,Africa,Urban,74.72516,
2006,Central African Republic,Africa,Rural,39.04069,
2006,Central African Republic,Africa,Urban,73.29677,
2007,Central African Republic,Africa,Rural,38.18088,
2007,Central African Republic,Africa,Urban,71.86886,
2008,Central African Republic,Africa,Rural,37.31203,
2008,Central African Republic,Africa,Urban,70.44141,
2009,Central African Republic,Africa,Rural,36.43413,
2009,Central African Republic,Africa,Urban,69.01444,
2010,Central African Republic,Africa,Rural,35.54718,
2010,Central African Republic,Africa,Urban,67.58794,
2011,Central African Republic,Africa,Rural,34.6512,
2011,Central African Republic,Africa,Urban,66.16191,
2012,Central African Republic,Africa,Rural,33.74616,
2012,Central African Republic,Africa,Urban,64.73635,
2013,Central African Republic,Africa,Rural,33.74616,
2013,Central African Republic,Africa,Urban,64.73635,
2014,Central African Republic,Africa,Rural,33.74616,
2014,Central African Republic,Africa,Urban,64.73635,
2015,Central African Republic,Africa,Rural,33.74616,
2015,Central African Republic,Africa,Urban,64.73635,
2016,Central African Republic,Africa,Rural,33.74616,
2016,Central African Republic,Africa,Urban,64.73635,
2017,Central African Republic,Africa,Rural,,
2017,Central African Republic,Africa,Urban,,
2000,Chad,Africa,Rural,31.73133,
2000,Chad,Africa,Urban,76.47713,
2001,Chad,Africa,Rural,31.61752,
2001,Chad,Africa,Urban,76.17123,
2002,Chad,Africa,Rural,31.50131,
2002,Chad,Africa,Urban,75.85481,
2003,Chad,Africa,Rural,31.38272,
2003,Chad,Africa,Urban,75.52791,
2004,Chad,Africa,Rural,31.26172,
2004,Chad,Africa,Urban,75.19051,
2005,Chad,Africa,Rural,31.13834,
2005,Chad,Africa,Urban,74.8426,
2006,Chad,Africa,Rural,31.01256,
2006,Chad,Africa,Urban,74.4842,
2007,Chad,Africa,Rural,30.88438,
2007,Chad,Africa,Urban,74.1153,
2008,Chad,Africa,Rural,30.75382,
2008,Chad,Africa,Urban,73.73592,
2009,Chad,Africa,Rural,30.62086,
2009,Chad,Africa,Urban,73.34602,
2010,Chad,Africa,Rural,30.4855,
2010,Chad,Africa,Urban,72.94563,
2011,Chad,Africa,Rural,30.34775,
2011,Chad,Africa,Urban,72.53475,
2012,Chad,Africa,Rural,30.20761,
2012,Chad,Africa,Urban,72.11337,
2013,Chad,Africa,Rural,30.06508,
2013,Chad,Africa,Urban,71.68149,
2014,Chad,Africa,Rural,29.92015,
2014,Chad,Africa,Urban,71.23911,
2015,Chad,Africa,Rural,29.77282,
2015,Chad,Africa,Urban,70.78624,
2016,Chad,Africa,Rural,29.62311,
2016,Chad,Africa,Urban,70.32287,
2017,Chad,Africa,Rural,29.471,
2017,Chad,Africa,Urban,69.849,
2000,Chile,Americas,Rural,74.56094,
2000,Chile,Americas,Urban,99.09786,97.91734
2001,Chile,Americas,Rural,76.13453,
2001,Chile,Americas,Urban,99.14908,98.04008
2002,Chile,Americas,Rural,77.70811,
2002,Chile,Americas,Urban,99.20029,98.1629
2003,Chile,Americas,Rural,79.2817,
2003,Chile,Americas,Urban,99.2515,98.28579
2004,Chile,Americas,Rural,80.85529,
2004,Chile,Americas,Urban,99.30271,98.40875
2005,Chile,Americas,Rural,82.42887,
2005,Chile,Americas,Urban,99.35392,98.53179
2006,Chile,Americas,Rural,84.00246,
2006,Chile,Americas,Urban,99.40514,98.57747
2007,Chile,Americas,Rural,85.57604,
2007,Chile,Americas,Urban,99.45634,98.59498
2008,Chile,Americas,Rural,87.14963,
2008,Chile,Americas,Urban,99.50756,98.61246
2009,Chile,Americas,Rural,88.72321,
2009,Chile,Americas,Urban,99.55877,98.62991
2010,Chile,Americas,Rural,90.2968,
2010,Chile,Americas,Urban,99.60999,98.64731
2011,Chile,Americas,Rural,91.87038,
2011,Chile,Americas,Urban,99.66119,98.66469
2012,Chile,Americas,Rural,93.44397,
2012,Chile,Americas,Urban,99.7124,98.68203
2013,Chile,Americas,Rural,95.01756,
2013,Chile,Americas,Urban,99.76362,98.69933
2014,Chile,Americas,Rural,96.59114,
2014,Chile,Americas,Urban,99.80859,98.71043
2015,Chile,Americas,Rural,98.16473,
2015,Chile,Americas,Urban,99.80869,98.67714
2016,Chile,Americas,Rural,98.32522,
2016,Chile,Americas,Urban,99.80878,98.64385
2017,Chile,Americas,Rural,100.0,
2017,Chile,Americas,Urban,99.80888,98.61056
2000,China,Western Pacific,Rural,70.40273,
2000,China,Western Pacific,Urban,98.24744,93.28438
2001,China,Western Pacific,Rural,70.40273,
2001,China,Western Pacific,Urban,98.24744,93.28438
2002,China,Western Pacific,Rural,71.40005,
2002,China,Western Pacific,Urban,98.21362,93.22449
2003,China,Western Pacific,Rural,72.39563,
2003,China,Western Pacific,Urban,98.17977,93.1646
2004,China,Western Pacific,Rural,73.38948,
2004,China,Western Pacific,Urban,98.14588,93.10471
2005,China,Western Pacific,Rural,74.38159,
2005,China,Western Pacific,Urban,98.11195,93.04483
2006,China,Western Pacific,Rural,75.37196,
2006,China,Western Pacific,Urban,98.07798,92.98494
2007,China,Western Pacific,Rural,76.36061,
2007,China,Western Pacific,Urban,98.04398,92.92506
2008,China,Western Pacific,Rural,77.34751,
2008,China,Western Pacific,Urban,98.00993,92.86517
2009,China,Western Pacific,Rural,78.33269,
2009,China,Western Pacific,Urban,97.97585,92.80527
2010,China,Western Pacific,Rural,79.31612,
2010,China,Western Pacific,Urban,97.94173,92.74539
2011,China,Western Pacific,Rural,80.29783,
2011,China,Western Pacific,Urban,97.90759,92.6855
2012,China,Western Pacific,Rural,81.27779,
2012,China,Western Pacific,Urban,97.87339,92.62562
2013,China,Western Pacific,Rural,82.25603,
2013,China,Western Pacific,Urban,97.83916,92.56573
2014,China,Western Pacific,Rural,83.23253,
2014,China,Western Pacific,Urban,97.80489,92.50584
2015,China,Western Pacific,Rural,84.20729,
2015,China,Western Pacific,Urban,97.77058,92.44595
2016,China,Western Pacific,Rural,85.18032,
2016,China,Western Pacific,Urban,97.73624,92.38606
2017,China,Western Pacific,Rural,86.15161,
2017,China,Western Pacific,Urban,97.70186,92.32618
2000,Colombia,Americas,Rural,71.10395,32.90057
2000,Colombia,Americas,Urban,97.91624,80.71552
2001,Colombia,Americas,Rural,72.0077,33.32154
2001,Colombia,Americas,Urban,98.03751,80.81765
2002,Colombia,Americas,Rural,72.9113,33.74252
2002,Colombia,Americas,Urban,98.15877,80.91978
2003,Colombia,Americas,Rural,73.81474,34.16349
2003,Colombia,Americas,Urban,98.28002,81.0219
2004,Colombia,Americas,Rural,74.71803,34.58447
2004,Colombia,Americas,Urban,98.40127,81.12403
2005,Colombia,Americas,Rural,75.62117,35.00544
2005,Colombia,Americas,Urban,98.52251,81.22616
2006,Colombia,Americas,Rural,76.52415,35.42641
2006,Colombia,Americas,Urban,98.64374,81.32829
2007,Colombia,Americas,Rural,77.42699,35.84739
2007,Colombia,Americas,Urban,98.76497,81.32962
2008,Colombia,Americas,Rural,78.32967,36.26836
2008,Colombia,Americas,Urban,98.88618,81.3307
2009,Colombia,Americas,Rural,79.23219,36.68933
2009,Colombia,Americas,Urban,99.0074,81.33153
2010,Colombia,Americas,Rural,80.13457,37.1103
2010,Colombia,Americas,Urban,99.12861,81.3321
2011,Colombia,Americas,Rural,81.03679,37.53128
2011,Colombia,Americas,Urban,99.2498,81.33242
2012,Colombia,Americas,Rural,81.93886,37.95225
2012,Colombia,Americas,Urban,99.37099,81.33249
2013,Colombia,Americas,Rural,82.84077,38.37322
2013,Colombia,Americas,Urban,99.49219,81.33231
2014,Colombia,Americas,Rural,83.74254,38.7942
2014,Colombia,Americas,Urban,99.61337,81.33187
2015,Colombia,Americas,Rural,84.64415,39.21517
2015,Colombia,Americas,Urban,99.73454,81.33118
2016,Colombia,Americas,Rural,85.54561,39.63614
2016,Colombia,Americas,Urban,99.79662,81.28211
2017,Colombia,Americas,Rural,86.44691,40.05711
2017,Colombia,Americas,Urban,99.93819,81.29758
2000,Comoros,Africa,Rural,91.45377,
2000,Comoros,Africa,Urban,89.65234,
2001,Comoros,Africa,Rural,91.14861,
2001,Comoros,Africa,Urban,90.05271,
2002,Comoros,Africa,Rural,90.04193,
2002,Comoros,Africa,Urban,89.91227,
2003,Comoros,Africa,Rural,88.94064,
2003,Comoros,Africa,Urban,89.76704,
2004,Comoros,Africa,Rural,87.84474,
2004,Comoros,Africa,Urban,89.61703,
2005,Comoros,Africa,Rural,86.75423,
2005,Comoros,Africa,Urban,89.46223,
2006,Comoros,Africa,Rural,85.66909,
2006,Comoros,Africa,Urban,89.30264,
2007,Comoros,Africa,Rural,84.58935,
2007,Comoros,Africa,Urban,89.13827,
2008,Comoros,Africa,Rural,83.51498,
2008,Comoros,Africa,Urban,88.96911,
2009,Comoros,Africa,Rural,82.44601,
2009,Comoros,Africa,Urban,88.79516,
2010,Comoros,Africa,Rural,81.38241,
2010,Comoros,Africa,Urban,88.61642,
2011,Comoros,Africa,Rural,80.3242,
2011,Comoros,Africa,Urban,88.43289,
2012,Comoros,Africa,Rural,79.27138,
2012,Comoros,Africa,Urban,88.24458,
2013,Comoros,Africa,Rural,78.22394,
2013,Comoros,Africa,Urban,88.05148,
2014,Comoros,Africa,Rural,77.18188,
2014,Comoros,Africa,Urban,87.85359,
2015,Comoros,Africa,Rural,76.91172,
2015,Comoros,Africa,Urban,88.22285,
2016,Comoros,Africa,Rural,76.91172,
2016,Comoros,Africa,Urban,88.22285,
2017,Comoros,Africa,Rural,76.91172,
2017,Comoros,Africa,Urban,88.22285,
2000,Congo,Africa,Rural,18.01044,6.94979
2000,Congo,Africa,Urban,84.7034,41.82925
2001,Congo,Africa,Rural,18.01044,6.94979
2001,Congo,Africa,Urban,84.7034,41.82925
2002,Congo,Africa,Rural,18.24271,6.94979
2002,Congo,Africa,Urban,84.85231,41.89287
2003,Congo,Africa,Rural,18.47499,6.94979
2003,Congo,Africa,Urban,85.00128,41.95649
2004,Congo,Africa,Rural,20.18315,7.66039
2004,Congo,Africa,Urban,85.15031,43.86545
2005,Congo,Africa,Rural,21.92796,8.39472
2005,Congo,Africa,Urban,85.29941,45.77999
2006,Congo,Africa,Rural,23.70942,9.15279
2006,Congo,Africa,Urban,85.44856,47.70013
2007,Congo,Africa,Rural,25.52753,9.93459
2007,Congo,Africa,Urban,85.59778,49.62586
2008,Congo,Africa,Rural,27.3823,10.74013
2008,Congo,Africa,Urban,85.74706,51.55717
2009,Congo,Africa,Rural,29.27371,11.56941
2009,Congo,Africa,Urban,85.89639,53.49407
2010,Congo,Africa,Rural,31.20177,12.42242
2010,Congo,Africa,Urban,86.04579,55.43655
2011,Congo,Africa,Rural,33.16648,13.29917
2011,Congo,Africa,Urban,86.19526,57.38463
2012,Congo,Africa,Rural,35.16785,14.19966
2012,Congo,Africa,Urban,86.34478,58.19118
2013,Congo,Africa,Rural,37.20586,15.12388
2013,Congo,Africa,Urban,86.49436,58.27823
2014,Congo,Africa,Rural,39.28052,16.07184
2014,Congo,Africa,Urban,86.644,58.36527
2015,Congo,Africa,Rural,41.39183,17.04354
2015,Congo,Africa,Urban,86.79371,58.45232
2016,Congo,Africa,Rural,43.5398,18.03897
2016,Congo,Africa,Urban,86.94347,58.53936
2017,Congo,Africa,Rural,45.72441,19.05814
2017,Congo,Africa,Urban,87.0933,58.6264
2000,Cook Islands,Western Pacific,Rural,,
2000,Cook Islands,Western Pacific,Urban,,
2001,Cook Islands,Western Pacific,Rural,,
2001,Cook Islands,Western Pacific,Urban,,
2002,Cook Islands,Western Pacific,Rural,,
2002,Cook Islands,Western Pacific,Urban,,
2003,Cook Islands,Western Pacific,Rural,,
2003,Cook Islands,Western Pacific,Urban,,
2004,Cook Islands,Western Pacific,Rural,,
2004,Cook Islands,Western Pacific,Urban,,
2005,Cook Islands,Western Pacific,Rural,,
2005,Cook Islands,Western Pacific,Urban,,
2006,Cook Islands,Western Pacific,Rural,,
2006,Cook Islands,Western Pacific,Urban,,
2007,Cook Islands,Western Pacific,Rural,,
2007,Cook Islands,Western Pacific,Urban,,
2008,Cook Islands,Western Pacific,Rural,,
2008,Cook Islands,Western Pacific,Urban,,
2009,Cook Islands,Western Pacific,Rural,,
2009,Cook Islands,Western Pacific,Urban,,
2010,Cook Islands,Western Pacific,Rural,,
2010,Cook Islands,Western Pacific,Urban,,
2011,Cook Islands,Western Pacific,Rural,,
2011,Cook Islands,Western Pacific,Urban,,
2012,Cook Islands,Western Pacific,Rural,,
2012,Cook Islands,Western Pacific,Urban,,
2013,Cook Islands,Western Pacific,Rural,,
2013,Cook Islands,Western Pacific,Urban,,
2014,Cook Islands,Western Pacific,Rural,,
2014,Cook Islands,Western Pacific,Urban,,
2015,Cook Islands,Western Pacific,Rural,,
2015,Cook Islands,Western Pacific,Urban,,
2016,Cook Islands,Western Pacific,Rural,,
2016,Cook Islands,Western Pacific,Urban,,
2017,Cook Islands,Western Pacific,Rural,,
2017,Cook Islands,Western Pacific,Urban,,
2000,Costa Rica,Americas,Rural,87.01642,73.7723
2000,Costa Rica,Americas,Urban,99.02661,95.67689
2001,Costa Rica,Americas,Rural,87.80228,74.43855
2001,Costa Rica,Americas,Urban,99.07469,95.72334
2002,Costa Rica,Americas,Rural,88.58814,75.1048
2002,Costa Rica,Americas,Urban,99.12276,95.76979
2003,Costa Rica,Americas,Rural,89.374,75.77105
2003,Costa Rica,Americas,Urban,99.17085,95.81624
2004,Costa Rica,Americas,Rural,90.15986,76.4373
2004,Costa Rica,Americas,Urban,99.21892,95.86269
2005,Costa Rica,Americas,Rural,90.94572,77.10355
2005,Costa Rica,Americas,Urban,99.267,95.90914
2006,Costa Rica,Americas,Rural,91.73158,77.76981
2006,Costa Rica,Americas,Urban,99.31507,95.9556
2007,Costa Rica,Americas,Rural,92.51744,78.43605
2007,Costa Rica,Americas,Urban,99.36315,96.00204
2008,Costa Rica,Americas,Rural,93.30331,79.1023
2008,Costa Rica,Americas,Urban,99.41122,96.04849
2009,Costa Rica,Americas,Rural,94.08916,79.76855
2009,Costa Rica,Americas,Urban,99.4593,96.09495
2010,Costa Rica,Americas,Rural,94.87503,80.43481
2010,Costa Rica,Americas,Urban,99.50738,96.1414
2011,Costa Rica,Americas,Rural,95.66089,81.10106
2011,Costa Rica,Americas,Urban,99.55546,96.18784
2012,Costa Rica,Americas,Rural,96.44675,81.76731
2012,Costa Rica,Americas,Urban,99.60353,96.2343
2013,Costa Rica,Americas,Rural,97.23261,82.43356
2013,Costa Rica,Americas,Urban,99.65161,96.28075
2014,Costa Rica,Americas,Rural,98.01847,83.09981
2014,Costa Rica,Americas,Urban,99.69968,96.32719
2015,Costa Rica,Americas,Rural,98.80433,83.76606
2015,Costa Rica,Americas,Urban,99.74713,96.37304
2016,Costa Rica,Americas,Rural,99.53438,84.38499
2016,Costa Rica,Americas,Urban,99.74713,96.37304
2017,Costa Rica,Americas,Rural,99.53438,84.38499
2017,Costa Rica,Americas,Urban,99.74713,96.37304
2000,Croatia,Europe,Rural,96.64445,
2000,Croatia,Europe,Urban,100.0,
2001,Croatia,Europe,Rural,96.64445,
2001,Croatia,Europe,Urban,100.0,
2002,Croatia,Europe,Rural,96.87222,
2002,Croatia,Europe,Urban,100.0,
2003,Croatia,Europe,Rural,97.1,
2003,Croatia,Europe,Urban,100.0,
2004,Croatia,Europe,Rural,97.32777,
2004,Croatia,Europe,Urban,99.96111,
2005,Croatia,Europe,Rural,97.55556,
2005,Croatia,Europe,Urban,99.92223,
2006,Croatia,Europe,Rural,97.78333,
2006,Croatia,Europe,Urban,99.88333,
2007,Croatia,Europe,Rural,98.01111,
2007,Croatia,Europe,Urban,99.84444,
2008,Croatia,Europe,Rural,98.23889,
2008,Croatia,Europe,Urban,99.80556,
2009,Croatia,Europe,Rural,98.46667,
2009,Croatia,Europe,Urban,99.76667,
2010,Croatia,Europe,Rural,98.69444,
2010,Croatia,Europe,Urban,99.72778,
2011,Croatia,Europe,Rural,98.92223,
2011,Croatia,Europe,Urban,99.68889,
2012,Croatia,Europe,Rural,99.15,
2012,Croatia,Europe,Urban,99.65,
2013,Croatia,Europe,Rural,99.37778,
2013,Croatia,Europe,Urban,99.61111,
2014,Croatia,Europe,Rural,99.60555,
2014,Croatia,Europe,Urban,99.57222,
2015,Croatia,Europe,Rural,99.60555,
2015,Croatia,Europe,Urban,99.57222,
2016,Croatia,Europe,Rural,99.60555,
2016,Croatia,Europe,Urban,99.57222,
2017,Croatia,Europe,Rural,99.60555,
2017,Croatia,Europe,Urban,99.57222,
2000,Cuba,Americas,Rural,80.19617,
2000,Cuba,Americas,Urban,97.18507,
2001,Cuba,Americas,Rural,80.80584,
2001,Cuba,Americas,Urban,97.16343,
2002,Cuba,Americas,Rural,81.41552,
2002,Cuba,Americas,Urban,97.14179,
2003,Cuba,Americas,Rural,82.0252,
2003,Cuba,Americas,Urban,97.12016,
2004,Cuba,Americas,Rural,82.63488,
2004,Cuba,Americas,Urban,97.09852,
2005,Cuba,Americas,Rural,83.27203,
2005,Cuba,Americas,Urban,97.07607,
2006,Cuba,Americas,Rural,83.90958,
2006,Cuba,Americas,Urban,97.05362,
2007,Cuba,Americas,Rural,84.54753,
2007,Cuba,Americas,Urban,97.03117,
2008,Cuba,Americas,Rural,85.18589,
2008,Cuba,Americas,Urban,97.00871,
2009,Cuba,Americas,Rural,85.82465,
2009,Cuba,Americas,Urban,96.98627,
2010,Cuba,Americas,Rural,86.46381,
2010,Cuba,Americas,Urban,96.96381,
2011,Cuba,Americas,Rural,87.10337,
2011,Cuba,Americas,Urban,96.94137,
2012,Cuba,Americas,Rural,87.74334,
2012,Cuba,Americas,Urban,96.91891,
2013,Cuba,Americas,Rural,88.38371,
2013,Cuba,Americas,Urban,96.89647,
2014,Cuba,Americas,Rural,89.02448,
2014,Cuba,Americas,Urban,96.87402,
2015,Cuba,Americas,Rural,89.66565,
2015,Cuba,Americas,Urban,96.85157,
2016,Cuba,Americas,Rural,90.30723,
2016,Cuba,Americas,Urban,96.82912,
2017,Cuba,Americas,Rural,90.30723,
2017,Cuba,Americas,Urban,96.82912,
2000,Cyprus,Europe,Rural,99.95224,
2000,Cyprus,Europe,Urban,100.0,
2001,Cyprus,Europe,Rural,99.95224,
2001,Cyprus,Europe,Urban,100.0,
2002,Cyprus,Europe,Rural,99.95224,
2002,Cyprus,Europe,Urban,100.0,
2003,Cyprus,Europe,Rural,99.95223,
2003,Cyprus,Europe,Urban,99.96519,
2004,Cyprus,Europe,Rural,99.95222,
2004,Cyprus,Europe,Urban,99.93037,
2005,Cyprus,Europe,Rural,99.94139,
2005,Cyprus,Europe,Urban,99.89556,
2006,Cyprus,Europe,Rural,99.92185,
2006,Cyprus,Europe,Urban,99.86075,
2007,Cyprus,Europe,Rural,99.90231,
2007,Cyprus,Europe,Urban,99.82594,
2008,Cyprus,Europe,Rural,99.88278,
2008,Cyprus,Europe,Urban,99.79112,
2009,Cyprus,Europe,Rural,99.86324,
2009,Cyprus,Europe,Urban,99.75631,
2010,Cyprus,Europe,Rural,99.8437,
2010,Cyprus,Europe,Urban,99.7215,
2011,Cyprus,Europe,Rural,99.82417,
2011,Cyprus,Europe,Urban,99.68668,
2012,Cyprus,Europe,Rural,99.80463,
2012,Cyprus,Europe,Urban,99.65187,
2013,Cyprus,Europe,Rural,99.7851,
2013,Cyprus,Europe,Urban,99.61705,
2014,Cyprus,Europe,Rural,99.76556,
2014,Cyprus,Europe,Urban,99.58224,
2015,Cyprus,Europe,Rural,99.74602,
2015,Cyprus,Europe,Urban,99.54742,
2016,Cyprus,Europe,Rural,99.74602,
2016,Cyprus,Europe,Urban,99.54742,
2017,Cyprus,Europe,Rural,99.74602,
2017,Cyprus,Europe,Urban,99.54742,
2000,Czechia,Europe,Rural,99.60771,
2000,Czechia,Europe,Urban,99.87589,
2001,Czechia,Europe,Rural,99.60771,
2001,Czechia,Europe,Urban,99.87589,
2002,Czechia,Europe,Rural,99.62386,
2002,Czechia,Europe,Urban,99.87794,
2003,Czechia,Europe,Rural,99.64,
2003,Czechia,Europe,Urban,99.88,
2004,Czechia,Europe,Rural,99.65614,
2004,Czechia,Europe,Urban,99.88206,
2005,Czechia,Europe,Rural,99.67229,
2005,Czechia,Europe,Urban,99.88412,
2006,Czechia,Europe,Rural,99.68844,
2006,Czechia,Europe,Urban,99.88618,
2007,Czechia,Europe,Rural,99.70458,
2007,Czechia,Europe,Urban,99.88824,
2008,Czechia,Europe,Rural,99.72073,
2008,Czechia,Europe,Urban,99.8903,
2009,Czechia,Europe,Rural,99.73687,
2009,Czechia,Europe,Urban,99.89236,
2010,Czechia,Europe,Rural,99.75302,
2010,Czechia,Europe,Urban,99.89442,
2011,Czechia,Europe,Rural,99.76917,
2011,Czechia,Europe,Urban,99.89648,
2012,Czechia,Europe,Rural,99.78531,
2012,Czechia,Europe,Urban,99.89853,
2013,Czechia,Europe,Rural,99.80145,
2013,Czechia,Europe,Urban,99.90059,
2014,Czechia,Europe,Rural,99.8176,
2014,Czechia,Europe,Urban,99.90265,
2015,Czechia,Europe,Rural,99.8176,
2015,Czechia,Europe,Urban,99.90265,
2016,Czechia,Europe,Rural,99.8176,
2016,Czechia,Europe,Urban,99.90265,
2017,Czechia,Europe,Rural,99.8176,
2017,Czechia,Europe,Urban,99.90265,
2000,Côte d'Ivoire,Africa,Rural,55.55019,15.87125
2000,Côte d'Ivoire,Africa,Urban,90.79662,57.26991
2001,Côte d'Ivoire,Africa,Rural,55.68953,15.98236
2001,Côte d'Ivoire,Africa,Urban,90.61554,57.14495
2002,Côte d'Ivoire,Africa,Rural,55.82825,16.09309
2002,Côte d'Ivoire,Africa,Urban,90.43439,57.01998
2003,Côte d'Ivoire,Africa,Rural,55.96636,16.20344
2003,Côte d'Ivoire,Africa,Urban,90.25316,56.89502
2004,Côte d'Ivoire,Africa,Rural,56.10384,16.31342
2004,Côte d'Ivoire,Africa,Urban,90.07186,56.77005
2005,Côte d'Ivoire,Africa,Rural,56.24072,16.42301
2005,Côte d'Ivoire,Africa,Urban,89.89048,56.64508
2006,Côte d'Ivoire,Africa,Rural,56.37696,16.53223
2006,Côte d'Ivoire,Africa,Urban,89.70903,56.52012
2007,Côte d'Ivoire,Africa,Rural,56.5126,16.64107
2007,Côte d'Ivoire,Africa,Urban,89.52751,56.39515
2008,Côte d'Ivoire,Africa,Rural,56.64762,16.74953
2008,Côte d'Ivoire,Africa,Urban,89.34591,56.27019
2009,Côte d'Ivoire,Africa,Rural,56.78202,16.85761
2009,Côte d'Ivoire,Africa,Urban,89.16424,56.14522
2010,Côte d'Ivoire,Africa,Rural,56.91579,16.96531
2010,Côte d'Ivoire,Africa,Urban,88.98249,56.02026
2011,Côte d'Ivoire,Africa,Rural,57.04896,17.07263
2011,Côte d'Ivoire,Africa,Urban,88.80067,55.89529
2012,Côte d'Ivoire,Africa,Rural,57.1815,17.17958
2012,Côte d'Ivoire,Africa,Urban,88.61877,55.77032
2013,Côte d'Ivoire,Africa,Rural,57.31343,17.28614
2013,Côte d'Ivoire,Africa,Urban,88.4368,55.64536
2014,Côte d'Ivoire,Africa,Rural,57.44474,17.39233
2014,Côte d'Ivoire,Africa,Urban,88.25475,55.52039
2015,Côte d'Ivoire,Africa,Rural,57.57543,17.49814
2015,Côte d'Ivoire,Africa,Urban,88.07262,55.39543
2016,Côte d'Ivoire,Africa,Rural,57.7055,17.60357
2016,Côte d'Ivoire,Africa,Urban,87.89043,55.27046
2017,Côte d'Ivoire,Africa,Rural,57.83496,17.70862
2017,Côte d'Ivoire,Africa,Urban,87.70816,55.1455
2000,Democratic People's Republic of Korea,South-East Asia,Rural,99.6,54.8
2000,Democratic People's Republic of Korea,South-East Asia,Urban,99.1,78.7
2001,Democratic People's Republic of Korea,South-East Asia,Rural,99.6,54.8
2001,Democratic People's Republic of Korea,South-East Asia,Urban,99.1,78.7
2002,Democratic People's Republic of Korea,South-East Asia,Rural,99.6,54.8
2002,Democratic People's Republic of Korea,South-East Asia,Urban,99.1,78.7
2003,Democratic People's Republic of Korea,South-East Asia,Rural,99.6,54.8
2003,Democratic People's Republic of Korea,South-East Asia,Urban,99.1,78.7
2004,Democratic People's Republic of Korea,South-East Asia,Rural,99.49117,54.74012
2004,Democratic People's Republic of Korea,South-East Asia,Urban,99.06981,78.67603
2005,Democratic People's Republic of Korea,South-East Asia,Rural,98.77533,54.34626
2005,Democratic People's Republic of Korea,South-East Asia,Urban,98.92606,78.56187
2006,Democratic People's Republic of Korea,South-East Asia,Rural,98.05949,53.95241
2006,Democratic People's Republic of Korea,South-East Asia,Urban,98.7823,78.4477
2007,Democratic People's Republic of Korea,South-East Asia,Rural,97.34366,53.55856
2007,Democratic People's Republic of Korea,South-East Asia,Urban,98.63855,78.33354
2008,Democratic People's Republic of Korea,South-East Asia,Rural,96.62782,53.1647
2008,Democratic People's Republic of Korea,South-East Asia,Urban,98.4948,78.21938
2009,Democratic People's Republic of Korea,South-East Asia,Rural,95.91199,52.77085
2009,Democratic People's Republic of Korea,South-East Asia,Urban,98.35104,78.10522
2010,Democratic People's Republic of Korea,South-East Asia,Rural,95.19614,52.377
2010,Democratic People's Republic of Korea,South-East Asia,Urban,98.20729,77.99106
2011,Democratic People's Republic of Korea,South-East Asia,Rural,94.48031,51.98314
2011,Democratic People's Republic of Korea,South-East Asia,Urban,98.06354,77.8769
2012,Democratic People's Republic of Korea,South-East Asia,Rural,93.76447,51.58929
2012,Democratic People's Republic of Korea,South-East Asia,Urban,97.91978,77.76273
2013,Democratic People's Republic of Korea,South-East Asia,Rural,93.04864,51.19544
2013,Democratic People's Republic of Korea,South-East Asia,Urban,97.77603,77.64857
2014,Democratic People's Republic of Korea,South-East Asia,Rural,92.3328,50.80158
2014,Democratic People's Republic of Korea,South-East Asia,Urban,97.63228,77.53441
2015,Democratic People's Republic of Korea,South-East Asia,Rural,91.61697,50.40773
2015,Democratic People's Republic of Korea,South-East Asia,Urban,97.48853,77.42025
2016,Democratic People's Republic of Korea,South-East Asia,Rural,90.90113,50.01388
2016,Democratic People's Republic of Korea,South-East Asia,Urban,97.34477,77.30609
2017,Democratic People's Republic of Korea,South-East Asia,Rural,90.1853,49.62002
2017,Democratic People's Republic of Korea,South-East Asia,Urban,97.20102,77.19193
2000,Democratic Republic of the Congo,Africa,Rural,15.52144,
2000,Democratic Republic of the Congo,Africa,Urban,67.8998,
2001,Democratic Republic of the Congo,Africa,Rural,15.94388,
2001,Democratic Republic of the Congo,Africa,Urban,67.99225,
2002,Democratic Republic of the Congo,Africa,Rural,16.37091,
2002,Democratic Republic of the Congo,Africa,Urban,68.08447,
2003,Democratic Republic of the Congo,Africa,Rural,16.80253,
2003,Democratic Republic of the Congo,Africa,Urban,68.17643,
2004,Democratic Republic of the Congo,Africa,Rural,17.23873,
2004,Democratic Republic of the Congo,Africa,Urban,68.26816,
2005,Democratic Republic of the Congo,Africa,Rural,17.67951,
2005,Democratic Republic of the Congo,Africa,Urban,68.35964,
2006,Democratic Republic of the Congo,Africa,Rural,18.12488,
2006,Democratic Republic of the Congo,Africa,Urban,68.45087,
2007,Democratic Republic of the Congo,Africa,Rural,18.57483,
2007,Democratic Republic of the Congo,Africa,Urban,68.54187,
2008,Democratic Republic of the Congo,Africa,Rural,19.02938,
2008,Democratic Republic of the Congo,Africa,Urban,68.63261,
2009,Democratic Republic of the Congo,Africa,Rural,19.4885,
2009,Democratic Republic of the Congo,Africa,Urban,68.72312,
2010,Democratic Republic of the Congo,Africa,Rural,19.95221,
2010,Democratic Republic of the Congo,Africa,Urban,68.81338,
2011,Democratic Republic of the Congo,Africa,Rural,20.42051,
2011,Democratic Republic of the Congo,Africa,Urban,68.9034,
2012,Democratic Republic of the Congo,Africa,Rural,20.89339,
2012,Democratic Republic of the Congo,Africa,Urban,68.99317,
2013,Democratic Republic of the Congo,Africa,Rural,21.37085,
2013,Democratic Republic of the Congo,Africa,Urban,69.0827,
2014,Democratic Republic of the Congo,Africa,Rural,21.8529,
2014,Democratic Republic of the Congo,Africa,Urban,69.17198,
2015,Democratic Republic of the Congo,Africa,Rural,22.33954,
2015,Democratic Republic of the Congo,Africa,Urban,69.26102,
2016,Democratic Republic of the Congo,Africa,Rural,22.83076,
2016,Democratic Republic of the Congo,Africa,Urban,69.34982,
2017,Democratic Republic of the Congo,Africa,Rural,22.83076,
2017,Democratic Republic of the Congo,Africa,Urban,69.34982,
2000,Denmark,Europe,Rural,100.0,
2000,Denmark,Europe,Urban,100.0,
2001,Denmark,Europe,Rural,100.0,
2001,Denmark,Europe,Urban,100.0,
2002,Denmark,Europe,Rural,100.0,
2002,Denmark,Europe,Urban,100.0,
2003,Denmark,Europe,Rural,100.0,
2003,Denmark,Europe,Urban,100.0,
2004,Denmark,Europe,Rural,100.0,
2004,Denmark,Europe,Urban,100.0,
2005,Denmark,Europe,Rural,100.0,
2005,Denmark,Europe,Urban,100.0,
2006,Denmark,Europe,Rural,100.0,
2006,Denmark,Europe,Urban,100.0,
2007,Denmark,Europe,Rural,100.0,
2007,Denmark,Europe,Urban,100.0,
2008,Denmark,Europe,Rural,100.0,
2008,Denmark,Europe,Urban,100.0,
2009,Denmark,Europe,Rural,100.0,
2009,Denmark,Europe,Urban,100.0,
2010,Denmark,Europe,Rural,100.0,
2010,Denmark,Europe,Urban,100.0,
2011,Denmark,Europe,Rural,100.0,
2011,Denmark,Europe,Urban,100.0,
2012,Denmark,Europe,Rural,100.0,
2012,Denmark,Europe,Urban,100.0,
2013,Denmark,Europe,Rural,100.0,
2013,Denmark,Europe,Urban,100.0,
2014,Denmark,Europe,Rural,100.0,
2014,Denmark,Europe,Urban,100.0,
2015,Denmark,Europe,Rural,100.0,
2015,Denmark,Europe,Urban,100.0,
2016,Denmark,Europe,Rural,100.0,
2016,Denmark,Europe,Urban,100.0,
2017,Denmark,Europe,Rural,100.0,
2017,Denmark,Europe,Urban,100.0,
2000,Djibouti,Eastern Mediterranean,Rural,54.72157,
2000,Djibouti,Eastern Mediterranean,Urban,81.95145,
2001,Djibouti,Eastern Mediterranean,Rural,54.27065,
2001,Djibouti,Eastern Mediterranean,Urban,82.06362,
2002,Djibouti,Eastern Mediterranean,Rural,53.81974,
2002,Djibouti,Eastern Mediterranean,Urban,82.17579,
2003,Djibouti,Eastern Mediterranean,Rural,53.36883,
2003,Djibouti,Eastern Mediterranean,Urban,82.28796,
2004,Djibouti,Eastern Mediterranean,Rural,52.91791,
2004,Djibouti,Eastern Mediterranean,Urban,82.40013,
2005,Djibouti,Eastern Mediterranean,Rural,52.467,
2005,Djibouti,Eastern Mediterranean,Urban,82.51231,
2006,Djibouti,Eastern Mediterranean,Rural,52.01609,
2006,Djibouti,Eastern Mediterranean,Urban,82.62448,
2007,Djibouti,Eastern Mediterranean,Rural,51.56517,
2007,Djibouti,Eastern Mediterranean,Urban,82.73665,
2008,Djibouti,Eastern Mediterranean,Rural,51.11426,
2008,Djibouti,Eastern Mediterranean,Urban,82.84882,
2009,Djibouti,Eastern Mediterranean,Rural,50.66335,
2009,Djibouti,Eastern Mediterranean,Urban,82.96099,
2010,Djibouti,Eastern Mediterranean,Rural,50.21243,
2010,Djibouti,Eastern Mediterranean,Urban,83.07317,
2011,Djibouti,Eastern Mediterranean,Rural,49.76152,
2011,Djibouti,Eastern Mediterranean,Urban,83.18533,
2012,Djibouti,Eastern Mediterranean,Rural,49.3106,
2012,Djibouti,Eastern Mediterranean,Urban,83.29751,
2013,Djibouti,Eastern Mediterranean,Rural,48.85969,
2013,Djibouti,Eastern Mediterranean,Urban,83.40968,
2014,Djibouti,Eastern Mediterranean,Rural,48.40878,
2014,Djibouti,Eastern Mediterranean,Urban,83.52185,
2015,Djibouti,Eastern Mediterranean,Rural,47.95786,
2015,Djibouti,Eastern Mediterranean,Urban,83.63403,
2016,Djibouti,Eastern Mediterranean,Rural,47.50695,
2016,Djibouti,Eastern Mediterranean,Urban,83.74619,
2017,Djibouti,Eastern Mediterranean,Rural,47.05603,
2017,Djibouti,Eastern Mediterranean,Urban,83.85837,
2000,Dominica,Americas,Rural,,
2000,Dominica,Americas,Urban,,
2001,Dominica,Americas,Rural,,
2001,Dominica,Americas,Urban,,
2002,Dominica,Americas,Rural,,
2002,Dominica,Americas,Urban,,
2003,Dominica,Americas,Rural,,
2003,Dominica,Americas,Urban,,
2004,Dominica,Americas,Rural,,
2004,Dominica,Americas,Urban,,
2005,Dominica,Americas,Rural,,
2005,Dominica,Americas,Urban,,
2006,Dominica,Americas,Rural,,
2006,Dominica,Americas,Urban,,
2007,Dominica,Americas,Rural,,
2007,Dominica,Americas,Urban,,
2008,Dominica,Americas,Rural,,
2008,Dominica,Americas,Urban,,
2009,Dominica,Americas,Rural,,
2009,Dominica,Americas,Urban,,
2010,Dominica,Americas,Rural,,
2010,Dominica,Americas,Urban,,
2011,Dominica,Americas,Rural,,
2011,Dominica,Americas,Urban,,
2012,Dominica,Americas,Rural,,
2012,Dominica,Americas,Urban,,
2013,Dominica,Americas,Rural,,
2013,Dominica,Americas,Urban,,
2014,Dominica,Americas,Rural,,
2014,Dominica,Americas,Urban,,
2015,Dominica,Americas,Rural,,
2015,Dominica,Americas,Urban,,
2016,Dominica,Americas,Rural,,
2016,Dominica,Americas,Urban,,
2017,Dominica,Americas,Rural,,
2017,Dominica,Americas,Urban,,
2000,Dominican Republic,Americas,Rural,79.42693,
2000,Dominican Republic,Americas,Urban,96.26224,
2001,Dominican Republic,Americas,Rural,80.07233,
2001,Dominican Republic,Americas,Urban,96.37556,
2002,Dominican Republic,Americas,Rural,80.7201,
2002,Dominican Republic,Americas,Urban,96.48889,
2003,Dominican Republic,Americas,Rural,81.37024,
2003,Dominican Republic,Americas,Urban,96.6022,
2004,Dominican Republic,Americas,Rural,82.02275,
2004,Dominican Republic,Americas,Urban,96.71551,
2005,Dominican Republic,Americas,Rural,82.67762,
2005,Dominican Republic,Americas,Urban,96.8288,
2006,Dominican Republic,Americas,Rural,83.33486,
2006,Dominican Republic,Americas,Urban,96.94209,
2007,Dominican Republic,Americas,Rural,83.99447,
2007,Dominican Republic,Americas,Urban,97.05537,
2008,Dominican Republic,Americas,Rural,84.65645,
2008,Dominican Republic,Americas,Urban,97.16863,
2009,Dominican Republic,Americas,Rural,85.32079,
2009,Dominican Republic,Americas,Urban,97.28189,
2010,Dominican Republic,Americas,Rural,85.9875,
2010,Dominican Republic,Americas,Urban,97.39513,
2011,Dominican Republic,Americas,Rural,86.65658,
2011,Dominican Republic,Americas,Urban,97.50838,
2012,Dominican Republic,Americas,Rural,87.32803,
2012,Dominican Republic,Americas,Urban,97.6216,
2013,Dominican Republic,Americas,Rural,88.00184,
2013,Dominican Republic,Americas,Urban,97.73483,
2014,Dominican Republic,Americas,Rural,88.67802,
2014,Dominican Republic,Americas,Urban,97.84804,
2015,Dominican Republic,Americas,Rural,89.35657,
2015,Dominican Republic,Americas,Urban,97.96124,
2016,Dominican Republic,Americas,Rural,90.03748,
2016,Dominican Republic,Americas,Urban,98.26912,
2017,Dominican Republic,Americas,Rural,90.27989,
2017,Dominican Republic,Americas,Urban,98.26516,
2000,Ecuador,Americas,Rural,70.21852,49.50854
2000,Ecuador,Americas,Urban,90.36711,77.23576
2001,Ecuador,Americas,Rural,70.91832,50.00194
2001,Ecuador,Americas,Urban,90.92949,77.71642
2002,Ecuador,Americas,Rural,71.69196,50.49533
2002,Ecuador,Americas,Urban,91.53937,78.19708
2003,Ecuador,Americas,Rural,72.46703,50.98874
2003,Ecuador,Americas,Urban,92.14983,78.67773
2004,Ecuador,Americas,Rural,73.24355,51.48214
2004,Ecuador,Americas,Urban,92.76088,79.15839
2005,Ecuador,Americas,Rural,74.02152,51.97553
2005,Ecuador,Americas,Urban,93.37251,79.63905
2006,Ecuador,Americas,Rural,74.80093,52.46893
2006,Ecuador,Americas,Urban,93.98473,80.11971
2007,Ecuador,Americas,Rural,75.58179,52.96233
2007,Ecuador,Americas,Urban,94.59753,80.60037
2008,Ecuador,Americas,Rural,76.36408,53.45573
2008,Ecuador,Americas,Urban,95.21091,81.08103
2009,Ecuador,Americas,Rural,77.14782,53.94913
2009,Ecuador,Americas,Urban,95.82487,81.56168
2010,Ecuador,Americas,Rural,77.933,54.44253
2010,Ecuador,Americas,Urban,96.43942,82.04234
2011,Ecuador,Americas,Rural,78.71963,54.93592
2011,Ecuador,Americas,Urban,97.05456,82.523
2012,Ecuador,Americas,Rural,79.50769,55.42933
2012,Ecuador,Americas,Urban,97.67028,83.00366
2013,Ecuador,Americas,Rural,80.2972,55.92272
2013,Ecuador,Americas,Urban,98.28658,83.48432
2014,Ecuador,Americas,Rural,81.08816,56.41612
2014,Ecuador,Americas,Urban,98.90347,83.96498
2015,Ecuador,Americas,Rural,81.88055,56.90952
2015,Ecuador,Americas,Urban,99.5045,84.44564
2016,Ecuador,Americas,Rural,82.67439,57.40292
2016,Ecuador,Americas,Urban,100.0,84.86615
2017,Ecuador,Americas,Rural,83.46968,57.89632
2017,Ecuador,Americas,Urban,100.0,84.86615
2000,Egypt,Eastern Mediterranean,Rural,96.69353,
2000,Egypt,Eastern Mediterranean,Urban,99.44469,
2001,Egypt,Eastern Mediterranean,Rural,96.81792,
2001,Egypt,Eastern Mediterranean,Urban,99.44753,
2002,Egypt,Eastern Mediterranean,Rural,96.94236,
2002,Egypt,Eastern Mediterranean,Urban,99.45038,
2003,Egypt,Eastern Mediterranean,Rural,97.06687,
2003,Egypt,Eastern Mediterranean,Urban,99.45322,
2004,Egypt,Eastern Mediterranean,Rural,97.19145,
2004,Egypt,Eastern Mediterranean,Urban,99.45606,
2005,Egypt,Eastern Mediterranean,Rural,97.3161,
2005,Egypt,Eastern Mediterranean,Urban,99.4589,
2006,Egypt,Eastern Mediterranean,Rural,97.44081,
2006,Egypt,Eastern Mediterranean,Urban,99.46175,
2007,Egypt,Eastern Mediterranean,Rural,97.5656,
2007,Egypt,Eastern Mediterranean,Urban,99.46458,
2008,Egypt,Eastern Mediterranean,Rural,97.69044,
2008,Egypt,Eastern Mediterranean,Urban,99.46743,
2009,Egypt,Eastern Mediterranean,Rural,97.81536,
2009,Egypt,Eastern Mediterranean,Urban,99.47027,
2010,Egypt,Eastern Mediterranean,Rural,97.94035,
2010,Egypt,Eastern Mediterranean,Urban,99.47311,
2011,Egypt,Eastern Mediterranean,Rural,98.06539,
2011,Egypt,Eastern Mediterranean,Urban,99.47594,
2012,Egypt,Eastern Mediterranean,Rural,98.19051,
2012,Egypt,Eastern Mediterranean,Urban,99.47878,
2013,Egypt,Eastern Mediterranean,Rural,98.3157,
2013,Egypt,Eastern Mediterranean,Urban,99.48162,
2014,Egypt,Eastern Mediterranean,Rural,98.44095,
2014,Egypt,Eastern Mediterranean,Urban,99.48445,
2015,Egypt,Eastern Mediterranean,Rural,98.56627,
2015,Egypt,Eastern Mediterranean,Urban,99.48729,
2016,Egypt,Eastern Mediterranean,Rural,98.69166,
2016,Egypt,Eastern Mediterranean,Urban,99.49013,
2017,Egypt,Eastern Mediterranean,Rural,98.81711,
2017,Egypt,Eastern Mediterranean,Urban,99.49296,
2000,El Salvador,Americas,Rural,55.52309,
2000,El Salvador,Americas,Urban,93.31305,86.18298
2001,El Salvador,Americas,Rural,55.52309,
2001,El Salvador,Americas,Urban,93.31305,86.18298
2002,El Salvador,Americas,Rural,57.6882,
2002,El Salvador,Americas,Urban,93.71204,85.09019
2003,El Salvador,Americas,Rural,59.89088,
2003,El Salvador,Americas,Urban,94.11189,83.99187
2004,El Salvador,Americas,Rural,62.13113,
2004,El Salvador,Americas,Urban,94.51259,82.88802
2005,El Salvador,Americas,Rural,64.40894,
2005,El Salvador,Americas,Urban,94.91413,81.77864
2006,El Salvador,Americas,Rural,66.72433,
2006,El Salvador,Americas,Urban,95.31654,80.66372
2007,El Salvador,Americas,Rural,69.07729,
2007,El Salvador,Americas,Urban,95.71979,79.54327
2008,El Salvador,Americas,Rural,71.4678,
2008,El Salvador,Americas,Urban,96.12389,78.41728
2009,El Salvador,Americas,Rural,73.8959,
2009,El Salvador,Americas,Urban,96.52884,77.28576
2010,El Salvador,Americas,Rural,76.36156,
2010,El Salvador,Americas,Urban,96.93464,76.1487
2011,El Salvador,Americas,Rural,78.86479,
2011,El Salvador,Americas,Urban,97.34129,76.31059
2012,El Salvador,Americas,Rural,81.40559,
2012,El Salvador,Americas,Urban,97.7488,76.47247
2013,El Salvador,Americas,Rural,83.98396,
2013,El Salvador,Americas,Urban,98.15716,76.63436
2014,El Salvador,Americas,Rural,86.59989,
2014,El Salvador,Americas,Urban,98.56637,76.79625
2015,El Salvador,Americas,Rural,89.2534,
2015,El Salvador,Americas,Urban,98.97643,76.95814
2016,El Salvador,Americas,Rural,91.80662,
2016,El Salvador,Americas,Urban,99.26358,77.12003
2017,El Salvador,Americas,Rural,92.21841,
2017,El Salvador,Americas,Urban,99.47195,77.28191
2000,Equatorial Guinea,Africa,Rural,38.68913,
2000,Equatorial Guinea,Africa,Urban,63.96618,
2001,Equatorial Guinea,Africa,Rural,38.08038,
2001,Equatorial Guinea,Africa,Urban,65.0517,
2002,Equatorial Guinea,Africa,Rural,37.47163,
2002,Equatorial Guinea,Africa,Urban,66.13723,
2003,Equatorial Guinea,Africa,Rural,36.86288,
2003,Equatorial Guinea,Africa,Urban,67.22276,
2004,Equatorial Guinea,Africa,Rural,36.25413,
2004,Equatorial Guinea,Africa,Urban,68.30828,
2005,Equatorial Guinea,Africa,Rural,35.64538,
2005,Equatorial Guinea,Africa,Urban,69.39381,
2006,Equatorial Guinea,Africa,Rural,35.03662,
2006,Equatorial Guinea,Africa,Urban,70.47933,
2007,Equatorial Guinea,Africa,Rural,34.42788,
2007,Equatorial Guinea,Africa,Urban,71.56486,
2008,Equatorial Guinea,Africa,Rural,33.81913,
2008,Equatorial Guinea,Africa,Urban,72.65038,
2009,Equatorial Guinea,Africa,Rural,33.21037,
2009,Equatorial Guinea,Africa,Urban,73.73591,
2010,Equatorial Guinea,Africa,Rural,32.60162,
2010,Equatorial Guinea,Africa,Urban,74.82143,
2011,Equatorial Guinea,Africa,Rural,31.99287,
2011,Equatorial Guinea,Africa,Urban,75.90696,
2012,Equatorial Guinea,Africa,Rural,31.38412,
2012,Equatorial Guinea,Africa,Urban,76.99248,
2013,Equatorial Guinea,Africa,Rural,30.77537,
2013,Equatorial Guinea,Africa,Urban,78.078,
2014,Equatorial Guinea,Africa,Rural,30.77537,
2014,Equatorial Guinea,Africa,Urban,78.078,
2015,Equatorial Guinea,Africa,Rural,30.77537,
2015,Equatorial Guinea,Africa,Urban,78.078,
2016,Equatorial Guinea,Africa,Rural,30.77537,
2016,Equatorial Guinea,Africa,Urban,78.078,
2017,Equatorial Guinea,Africa,Rural,30.77537,
2017,Equatorial Guinea,Africa,Urban,78.078,
2000,Eritrea,Africa,Rural,30.99105,
2000,Eritrea,Africa,Urban,90.50571,
2001,Eritrea,Africa,Rural,30.72526,
2001,Eritrea,Africa,Urban,90.44176,
2002,Eritrea,Africa,Rural,30.45947,
2002,Eritrea,Africa,Urban,90.3778,
2003,Eritrea,Africa,Rural,30.19368,
2003,Eritrea,Africa,Urban,90.31384,
2004,Eritrea,Africa,Rural,29.92789,
2004,Eritrea,Africa,Urban,90.24989,
2005,Eritrea,Africa,Rural,29.6621,
2005,Eritrea,Africa,Urban,90.18593,
2006,Eritrea,Africa,Rural,29.39631,
2006,Eritrea,Africa,Urban,90.12197,
2007,Eritrea,Africa,Rural,29.13052,
2007,Eritrea,Africa,Urban,90.05801,
2008,Eritrea,Africa,Rural,28.86473,
2008,Eritrea,Africa,Urban,89.99406,
2009,Eritrea,Africa,Rural,28.59895,
2009,Eritrea,Africa,Urban,89.9301,
2010,Eritrea,Africa,Rural,28.33315,
2010,Eritrea,Africa,Urban,89.86614,
2011,Eritrea,Africa,Rural,28.06737,
2011,Eritrea,Africa,Urban,89.80219,
2012,Eritrea,Africa,Rural,27.80158,
2012,Eritrea,Africa,Urban,89.73823,
2013,Eritrea,Africa,Rural,27.80158,
2013,Eritrea,Africa,Urban,89.73823,
2014,Eritrea,Africa,Rural,27.80158,
2014,Eritrea,Africa,Urban,89.73823,
2015,Eritrea,Africa,Rural,27.80158,
2015,Eritrea,Africa,Urban,89.73823,
2016,Eritrea,Africa,Rural,27.80158,
2016,Eritrea,Africa,Urban,89.73823,
2017,Eritrea,Africa,Rural,,
2017,Eritrea,Africa,Urban,,
2000,Estonia,Europe,Rural,97.28722,
2000,Estonia,Europe,Urban,99.92181,
2001,Estonia,Europe,Rural,97.4231,
2001,Estonia,Europe,Urban,99.9239,
2002,Estonia,Europe,Rural,97.55897,
2002,Estonia,Europe,Urban,99.92599,
2003,Estonia,Europe,Rural,97.69485,
2003,Estonia,Europe,Urban,99.92808,
2004,Estonia,Europe,Rural,97.83073,
2004,Estonia,Europe,Urban,99.93017,
2005,Estonia,Europe,Rural,97.9666,
2005,Estonia,Europe,Urban,99.93226,
2006,Estonia,Europe,Rural,98.10248,
2006,Estonia,Europe,Urban,99.93435,
2007,Estonia,Europe,Rural,98.23836,
2007,Estonia,Europe,Urban,99.93644,
2008,Estonia,Europe,Rural,98.37424,
2008,Estonia,Europe,Urban,99.93853,
2009,Estonia,Europe,Rural,98.51011,
2009,Estonia,Europe,Urban,99.94062,
2010,Estonia,Europe,Rural,98.64599,
2010,Estonia,Europe,Urban,99.94271,
2011,Estonia,Europe,Rural,98.78187,
2011,Estonia,Europe,Urban,99.9448,
2012,Estonia,Europe,Rural,98.91774,
2012,Estonia,Europe,Urban,99.94689,
2013,Estonia,Europe,Rural,99.05362,
2013,Estonia,Europe,Urban,99.94898,
2014,Estonia,Europe,Rural,99.1895,
2014,Estonia,Europe,Urban,99.95107,
2015,Estonia,Europe,Rural,99.1895,
2015,Estonia,Europe,Urban,99.95107,
2016,Estonia,Europe,Rural,99.1895,
2016,Estonia,Europe,Urban,99.95107,
2017,Estonia,Europe,Rural,99.1895,
2017,Estonia,Europe,Urban,99.95107,
2000,Eswatini,Africa,Rural,42.51946,
2000,Eswatini,Africa,Urban,86.57642,67.34407
2001,Eswatini,Africa,Rural,43.71039,
2001,Eswatini,Africa,Urban,87.20655,68.8517
2002,Eswatini,Africa,Rural,44.89168,
2002,Eswatini,Africa,Urban,87.83771,70.37295
2003,Eswatini,Africa,Rural,46.06333,
2003,Eswatini,Africa,Urban,88.46989,71.90782
2004,Eswatini,Africa,Rural,47.22535,
2004,Eswatini,Africa,Urban,89.10308,73.45632
2005,Eswatini,Africa,Rural,48.37773,
2005,Eswatini,Africa,Urban,89.7373,75.01844
2006,Eswatini,Africa,Rural,49.52047,
2006,Eswatini,Africa,Urban,90.37253,76.59418
2007,Eswatini,Africa,Rural,50.65358,
2007,Eswatini,Africa,Urban,91.00878,78.18355
2008,Eswatini,Africa,Rural,51.77705,
2008,Eswatini,Africa,Urban,91.64606,79.78654
2009,Eswatini,Africa,Rural,52.89088,
2009,Eswatini,Africa,Urban,92.28435,81.40315
2010,Eswatini,Africa,Rural,53.99508,
2010,Eswatini,Africa,Urban,92.92365,83.03339
2011,Eswatini,Africa,Rural,55.08964,
2011,Eswatini,Africa,Urban,93.56399,84.67724
2012,Eswatini,Africa,Rural,56.17456,
2012,Eswatini,Africa,Urban,94.20533,86.33472
2013,Eswatini,Africa,Rural,57.24985,
2013,Eswatini,Africa,Urban,94.8477,87.21615
2014,Eswatini,Africa,Rural,58.3155,
2014,Eswatini,Africa,Urban,95.49109,87.72736
2015,Eswatini,Africa,Rural,59.37151,
2015,Eswatini,Africa,Urban,96.13549,88.23856
2016,Eswatini,Africa,Rural,60.41789,
2016,Eswatini,Africa,Urban,96.78092,88.74977
2017,Eswatini,Africa,Rural,60.41789,
2017,Eswatini,Africa,Urban,96.78092,88.74977
2000,Ethiopia,Africa,Rural,8.6159,0.0
2000,Ethiopia,Africa,Urban,76.99656,30.72436
2001,Ethiopia,Africa,Rural,10.30129,0.00109
2001,Ethiopia,Africa,Urban,77.21017,32.96203
2002,Ethiopia,Africa,Rural,11.94108,0.08965
2002,Ethiopia,Africa,Urban,77.42115,35.2233
2003,Ethiopia,Africa,Rural,13.53528,0.20443
2003,Ethiopia,Africa,Urban,77.6295,35.62231
2004,Ethiopia,Africa,Rural,15.08389,0.34541
2004,Ethiopia,Africa,Urban,77.83521,35.82396
2005,Ethiopia,Africa,Rural,16.58691,0.51261
2005,Ethiopia,Africa,Urban,78.0383,36.02561
2006,Ethiopia,Africa,Rural,18.04432,0.70601
2006,Ethiopia,Africa,Urban,78.23875,36.22726
2007,Ethiopia,Africa,Rural,19.45615,0.92562
2007,Ethiopia,Africa,Urban,78.43658,36.42891
2008,Ethiopia,Africa,Rural,20.82238,1.17145
2008,Ethiopia,Africa,Urban,78.63177,36.63055
2009,Ethiopia,Africa,Rural,22.14302,1.44348
2009,Ethiopia,Africa,Urban,78.82433,36.8322
2010,Ethiopia,Africa,Rural,23.41807,1.74173
2010,Ethiopia,Africa,Urban,79.01427,37.03385
2011,Ethiopia,Africa,Rural,24.64752,2.06618
2011,Ethiopia,Africa,Urban,79.20157,37.2355
2012,Ethiopia,Africa,Rural,25.83137,2.41685
2012,Ethiopia,Africa,Urban,79.38624,37.43715
2013,Ethiopia,Africa,Rural,26.96964,2.79373
2013,Ethiopia,Africa,Urban,79.56828,37.63879
2014,Ethiopia,Africa,Rural,28.06231,3.19681
2014,Ethiopia,Africa,Urban,79.74768,37.84044
2015,Ethiopia,Africa,Rural,29.10938,3.62611
2015,Ethiopia,Africa,Urban,79.92445,38.04209
2016,Ethiopia,Africa,Rural,30.11086,4.08161
2016,Ethiopia,Africa,Urban,80.09859,38.24374
2017,Ethiopia,Africa,Rural,31.06675,4.56333
2017,Ethiopia,Africa,Urban,80.27011,38.44538
2000,Fiji,Western Pacific,Rural,90.6526,
2000,Fiji,Western Pacific,Urban,98.89864,
2001,Fiji,Western Pacific,Rural,90.6526,
2001,Fiji,Western Pacific,Urban,98.89864,
2002,Fiji,Western Pacific,Rural,90.6526,
2002,Fiji,Western Pacific,Urban,98.89864,
2003,Fiji,Western Pacific,Rural,90.5132,
2003,Fiji,Western Pacific,Urban,98.82246,
2004,Fiji,Western Pacific,Rural,90.3738,
2004,Fiji,Western Pacific,Urban,98.74629,
2005,Fiji,Western Pacific,Rural,90.23441,
2005,Fiji,Western Pacific,Urban,98.67011,
2006,Fiji,Western Pacific,Rural,90.095,
2006,Fiji,Western Pacific,Urban,98.59394,
2007,Fiji,Western Pacific,Rural,89.9556,
2007,Fiji,Western Pacific,Urban,98.51776,
2008,Fiji,Western Pacific,Rural,89.81621,
2008,Fiji,Western Pacific,Urban,98.44159,
2009,Fiji,Western Pacific,Rural,89.67681,
2009,Fiji,Western Pacific,Urban,98.36542,
2010,Fiji,Western Pacific,Rural,89.53741,
2010,Fiji,Western Pacific,Urban,98.28924,
2011,Fiji,Western Pacific,Rural,89.39802,
2011,Fiji,Western Pacific,Urban,98.21307,
2012,Fiji,Western Pacific,Rural,89.25862,
2012,Fiji,Western Pacific,Urban,98.13689,
2013,Fiji,Western Pacific,Rural,89.11922,
2013,Fiji,Western Pacific,Urban,98.06071,
2014,Fiji,Western Pacific,Rural,88.97982,
2014,Fiji,Western Pacific,Urban,97.98454,
2015,Fiji,Western Pacific,Rural,88.84042,
2015,Fiji,Western Pacific,Urban,97.90836,
2016,Fiji,Western Pacific,Rural,88.70103,
2016,Fiji,Western Pacific,Urban,97.83219,
2017,Fiji,Western Pacific,Rural,88.70103,
2017,Fiji,Western Pacific,Urban,97.83219,
2000,Finland,Europe,Rural,100.0,
2000,Finland,Europe,Urban,100.0,
2001,Finland,Europe,Rural,100.0,
2001,Finland,Europe,Urban,100.0,
2002,Finland,Europe,Rural,100.0,
2002,Finland,Europe,Urban,100.0,
2003,Finland,Europe,Rural,100.0,
2003,Finland,Europe,Urban,100.0,
2004,Finland,Europe,Rural,100.0,
2004,Finland,Europe,Urban,100.0,
2005,Finland,Europe,Rural,100.0,
2005,Finland,Europe,Urban,100.0,
2006,Finland,Europe,Rural,100.0,
2006,Finland,Europe,Urban,100.0,
2007,Finland,Europe,Rural,100.0,
2007,Finland,Europe,Urban,100.0,
2008,Finland,Europe,Rural,100.0,
2008,Finland,Europe,Urban,100.0,
2009,Finland,Europe,Rural,100.0,
2009,Finland,Europe,Urban,100.0,
2010,Finland,Europe,Rural,100.0,
2010,Finland,Europe,Urban,100.0,
2011,Finland,Europe,Rural,100.0,
2011,Finland,Europe,Urban,100.0,
2012,Finland,Europe,Rural,100.0,
2012,Finland,Europe,Urban,100.0,
2013,Finland,Europe,Rural,100.0,
2013,Finland,Europe,Urban,100.0,
2014,Finland,Europe,Rural,100.0,
2014,Finland,Europe,Urban,100.0,
2015,Finland,Europe,Rural,100.0,
2015,Finland,Europe,Urban,100.0,
2016,Finland,Europe,Rural,100.0,
2016,Finland,Europe,Urban,100.0,
2017,Finland,Europe,Rural,100.0,
2017,Finland,Europe,Urban,100.0,
2000,France,Europe,Rural,99.57449,
2000,France,Europe,Urban,100.0,
2001,France,Europe,Rural,99.6056,
2001,France,Europe,Urban,100.0,
2002,France,Europe,Rural,99.6367,
2002,France,Europe,Urban,100.0,
2003,France,Europe,Rural,99.66781,
2003,France,Europe,Urban,100.0,
2004,France,Europe,Rural,99.69891,
2004,France,Europe,Urban,100.0,
2005,France,Europe,Rural,99.73002,
2005,France,Europe,Urban,100.0,
2006,France,Europe,Rural,99.76112,
2006,France,Europe,Urban,100.0,
2007,France,Europe,Rural,99.79222,
2007,France,Europe,Urban,100.0,
2008,France,Europe,Rural,99.82333,
2008,France,Europe,Urban,100.0,
2009,France,Europe,Rural,99.85443,
2009,France,Europe,Urban,100.0,
2010,France,Europe,Rural,99.88554,
2010,France,Europe,Urban,100.0,
2011,France,Europe,Rural,99.91664,
2011,France,Europe,Urban,100.0,
2012,France,Europe,Rural,99.94775,
2012,France,Europe,Urban,100.0,
2013,France,Europe,Rural,99.97885,
2013,France,Europe,Urban,100.0,
2014,France,Europe,Rural,100.0,
2014,France,Europe,Urban,100.0,
2015,France,Europe,Rural,100.0,
2015,France,Europe,Urban,100.0,
2016,France,Europe,Rural,100.0,
2016,France,Europe,Urban,100.0,
2017,France,Europe,Rural,100.0,
2017,France,Europe,Urban,100.0,
2000,Gabon,Africa,Rural,37.01952,
2000,Gabon,Africa,Urban,90.92246,
2001,Gabon,Africa,Rural,38.36506,
2001,Gabon,Africa,Urban,90.82137,
2002,Gabon,Africa,Rural,39.68568,
2002,Gabon,Africa,Urban,90.71942,
2003,Gabon,Africa,Rural,40.9814,
2003,Gabon,Africa,Urban,90.61661,
2004,Gabon,Africa,Rural,42.25219,
2004,Gabon,Africa,Urban,90.51292,
2005,Gabon,Africa,Rural,43.49808,
2005,Gabon,Africa,Urban,90.40839,
2006,Gabon,Africa,Rural,44.71905,
2006,Gabon,Africa,Urban,90.30298,
2007,Gabon,Africa,Rural,45.9151,
2007,Gabon,Africa,Urban,90.19672,
2008,Gabon,Africa,Rural,47.08624,
2008,Gabon,Africa,Urban,90.08958,
2009,Gabon,Africa,Rural,48.23247,
2009,Gabon,Africa,Urban,89.98159,
2010,Gabon,Africa,Rural,49.35379,
2010,Gabon,Africa,Urban,89.87273,
2011,Gabon,Africa,Rural,50.45018,
2011,Gabon,Africa,Urban,89.76301,
2012,Gabon,Africa,Rural,51.52167,
2012,Gabon,Africa,Urban,89.65243,
2013,Gabon,Africa,Rural,52.56824,
2013,Gabon,Africa,Urban,89.54098,
2014,Gabon,Africa,Rural,53.5899,
2014,Gabon,Africa,Urban,89.42867,
2015,Gabon,Africa,Rural,55.05481,
2015,Gabon,Africa,Urban,89.5767,
2016,Gabon,Africa,Rural,55.05481,
2016,Gabon,Africa,Urban,89.5767,
2017,Gabon,Africa,Rural,55.05481,
2017,Gabon,Africa,Urban,89.5767,
2000,Gambia,Africa,Rural,67.83891,
2000,Gambia,Africa,Urban,82.80183,41.15992
2001,Gambia,Africa,Rural,67.54677,
2001,Gambia,Africa,Urban,83.11283,42.9526
2002,Gambia,Africa,Rural,67.25378,
2002,Gambia,Africa,Urban,83.42414,44.74736
2003,Gambia,Africa,Rural,66.95997,
2003,Gambia,Africa,Urban,83.73576,46.5442
2004,Gambia,Africa,Rural,66.66531,
2004,Gambia,Africa,Urban,84.04768,48.34313
2005,Gambia,Africa,Rural,66.36981,
2005,Gambia,Africa,Urban,84.35992,50.14414
2006,Gambia,Africa,Rural,66.07348,
2006,Gambia,Africa,Urban,84.67246,51.94724
2007,Gambia,Africa,Rural,65.77631,
2007,Gambia,Africa,Urban,84.98531,53.75241
2008,Gambia,Africa,Rural,65.47829,
2008,Gambia,Africa,Urban,85.29847,55.55967
2009,Gambia,Africa,Rural,65.17944,
2009,Gambia,Africa,Urban,85.61195,57.36901
2010,Gambia,Africa,Rural,64.87975,
2010,Gambia,Africa,Urban,85.92572,59.18044
2011,Gambia,Africa,Rural,64.57922,
2011,Gambia,Africa,Urban,86.23981,60.99395
2012,Gambia,Africa,Rural,64.27785,
2012,Gambia,Africa,Urban,86.55421,62.80954
2013,Gambia,Africa,Rural,63.97564,
2013,Gambia,Africa,Urban,86.86891,64.62721
2014,Gambia,Africa,Rural,63.67259,
2014,Gambia,Africa,Urban,87.18392,66.44697
2015,Gambia,Africa,Rural,63.3687,
2015,Gambia,Africa,Urban,87.49924,68.26881
2016,Gambia,Africa,Rural,63.3687,
2016,Gambia,Africa,Urban,87.49924,68.26881
2017,Gambia,Africa,Rural,63.3687,
2017,Gambia,Africa,Urban,87.49924,68.26881
2000,Georgia,Europe,Rural,86.9715,
2000,Georgia,Europe,Urban,98.37717,
2001,Georgia,Europe,Rural,87.40995,
2001,Georgia,Europe,Urban,98.46388,
2002,Georgia,Europe,Rural,87.84841,
2002,Georgia,Europe,Urban,98.5506,
2003,Georgia,Europe,Rural,88.28687,
2003,Georgia,Europe,Urban,98.63731,
2004,Georgia,Europe,Rural,88.72533,
2004,Georgia,Europe,Urban,98.72403,
2005,Georgia,Europe,Rural,89.16379,
2005,Georgia,Europe,Urban,98.81075,
2006,Georgia,Europe,Rural,89.60224,
2006,Georgia,Europe,Urban,98.89747,
2007,Georgia,Europe,Rural,90.0407,
2007,Georgia,Europe,Urban,98.98418,
2008,Georgia,Europe,Rural,90.47916,
2008,Georgia,Europe,Urban,99.0709,
2009,Georgia,Europe,Rural,90.91762,
2009,Georgia,Europe,Urban,99.15762,
2010,Georgia,Europe,Rural,91.35608,
2010,Georgia,Europe,Urban,99.24434,
2011,Georgia,Europe,Rural,91.79453,
2011,Georgia,Europe,Urban,99.33105,
2012,Georgia,Europe,Rural,92.23299,
2012,Georgia,Europe,Urban,99.41777,
2013,Georgia,Europe,Rural,92.67146,
2013,Georgia,Europe,Urban,99.50449,
2014,Georgia,Europe,Rural,94.81661,
2014,Georgia,Europe,Urban,99.76666,
2015,Georgia,Europe,Rural,95.26311,
2015,Georgia,Europe,Urban,99.87768,
2016,Georgia,Europe,Rural,95.7096,
2016,Georgia,Europe,Urban,99.96457,
2017,Georgia,Europe,Rural,96.1561,
2017,Georgia,Europe,Urban,100.0,
2000,Germany,Europe,Rural,100.0,
2000,Germany,Europe,Urban,100.0,
2001,Germany,Europe,Rural,100.0,
2001,Germany,Europe,Urban,100.0,
2002,Germany,Europe,Rural,100.0,
2002,Germany,Europe,Urban,100.0,
2003,Germany,Europe,Rural,100.0,
2003,Germany,Europe,Urban,100.0,
2004,Germany,Europe,Rural,100.0,
2004,Germany,Europe,Urban,100.0,
2005,Germany,Europe,Rural,100.0,
2005,Germany,Europe,Urban,100.0,
2006,Germany,Europe,Rural,100.0,
2006,Germany,Europe,Urban,100.0,
2007,Germany,Europe,Rural,100.0,
2007,Germany,Europe,Urban,100.0,
2008,Germany,Europe,Rural,100.0,
2008,Germany,Europe,Urban,100.0,
2009,Germany,Europe,Rural,100.0,
2009,Germany,Europe,Urban,100.0,
2010,Germany,Europe,Rural,100.0,
2010,Germany,Europe,Urban,100.0,
2011,Germany,Europe,Rural,100.0,
2011,Germany,Europe,Urban,100.0,
2012,Germany,Europe,Rural,100.0,
2012,Germany,Europe,Urban,100.0,
2013,Germany,Europe,Rural,100.0,
2013,Germany,Europe,Urban,100.0,
2014,Germany,Europe,Rural,100.0,
2014,Germany,Europe,Urban,100.0,
2015,Germany,Europe,Rural,100.0,
2015,Germany,Europe,Urban,100.0,
2016,Germany,Europe,Rural,100.0,
2016,Germany,Europe,Urban,100.0,
2017,Germany,Europe,Rural,100.0,
2017,Germany,Europe,Urban,100.0,
2000,Ghana,Africa,Rural,54.02599,0.21877
2000,Ghana,Africa,Urban,77.78663,29.53865
2001,Ghana,Africa,Rural,54.98159,0.22264
2001,Ghana,Africa,Urban,78.23109,29.70744
2002,Ghana,Africa,Rural,55.80133,0.78205
2002,Ghana,Africa,Urban,79.09666,31.26437
2003,Ghana,Africa,Rural,56.61642,1.36045
2003,Ghana,Africa,Urban,79.96697,32.83699
2004,Ghana,Africa,Rural,57.42688,1.95782
2004,Ghana,Africa,Urban,80.84205,34.4253
2005,Ghana,Africa,Rural,58.23269,2.57418
2005,Ghana,Africa,Urban,81.72188,36.02929
2006,Ghana,Africa,Rural,59.03386,3.20952
2006,Ghana,Africa,Urban,82.60647,37.64897
2007,Ghana,Africa,Rural,59.83038,3.86384
2007,Ghana,Africa,Urban,83.49582,39.28433
2008,Ghana,Africa,Rural,60.62227,4.53714
2008,Ghana,Africa,Urban,84.38992,40.93537
2009,Ghana,Africa,Rural,61.40951,5.22942
2009,Ghana,Africa,Urban,85.28879,42.6021
2010,Ghana,Africa,Rural,62.19211,5.94068
2010,Ghana,Africa,Urban,86.19241,44.28451
2011,Ghana,Africa,Rural,62.97007,6.67093
2011,Ghana,Africa,Urban,87.10078,45.98261
2012,Ghana,Africa,Rural,63.74339,7.42015
2012,Ghana,Africa,Urban,88.01392,47.69639
2013,Ghana,Africa,Rural,64.51206,8.18836
2013,Ghana,Africa,Urban,88.93182,49.42586
2014,Ghana,Africa,Rural,65.27609,8.97555
2014,Ghana,Africa,Urban,89.85447,51.17101
2015,Ghana,Africa,Rural,66.03548,9.78172
2015,Ghana,Africa,Urban,90.78188,52.93184
2016,Ghana,Africa,Rural,66.79023,10.60687
2016,Ghana,Africa,Urban,91.71405,54.70836
2017,Ghana,Africa,Rural,67.54034,11.451
2017,Ghana,Africa,Urban,92.65098,56.50056
2000,Greece,Europe,Rural,98.6897,
2000,Greece,Europe,Urban,99.92343,
2001,Greece,Europe,Rural,98.79523,
2001,Greece,Europe,Urban,99.9296,
2002,Greece,Europe,Rural,98.90076,
2002,Greece,Europe,Urban,99.93576,
2003,Greece,Europe,Rural,99.00629,
2003,Greece,Europe,Urban,99.94193,
2004,Greece,Europe,Rural,99.11181,
2004,Greece,Europe,Urban,99.9481,
2005,Greece,Europe,Rural,99.21734,
2005,Greece,Europe,Urban,99.95426,
2006,Greece,Europe,Rural,99.32287,
2006,Greece,Europe,Urban,99.96043,
2007,Greece,Europe,Rural,99.42839,
2007,Greece,Europe,Urban,99.9666,
2008,Greece,Europe,Rural,99.53392,
2008,Greece,Europe,Urban,99.97276,
2009,Greece,Europe,Rural,99.63945,
2009,Greece,Europe,Urban,99.97893,
2010,Greece,Europe,Rural,99.74497,
2010,Greece,Europe,Urban,99.9851,
2011,Greece,Europe,Rural,99.8505,
2011,Greece,Europe,Urban,99.99126,
2012,Greece,Europe,Rural,99.95603,
2012,Greece,Europe,Urban,99.99743,
2013,Greece,Europe,Rural,100.0,
2013,Greece,Europe,Urban,100.0,
2014,Greece,Europe,Rural,100.0,
2014,Greece,Europe,Urban,100.0,
2015,Greece,Europe,Rural,100.0,
2015,Greece,Europe,Urban,100.0,
2016,Greece,Europe,Rural,100.0,
2016,Greece,Europe,Urban,100.0,
2017,Greece,Europe,Rural,100.0,
2017,Greece,Europe,Urban,100.0,
2000,Grenada,Americas,Rural,,
2000,Grenada,Americas,Urban,,
2001,Grenada,Americas,Rural,,
2001,Grenada,Americas,Urban,,
2002,Grenada,Americas,Rural,,
2002,Grenada,Americas,Urban,,
2003,Grenada,Americas,Rural,,
2003,Grenada,Americas,Urban,,
2004,Grenada,Americas,Rural,,
2004,Grenada,Americas,Urban,,
2005,Grenada,Americas,Rural,,
2005,Grenada,Americas,Urban,,
2006,Grenada,Americas,Rural,,
2006,Grenada,Americas,Urban,,
2007,Grenada,Americas,Rural,,
2007,Grenada,Americas,Urban,,
2008,Grenada,Americas,Rural,,
2008,Grenada,Americas,Urban,,
2009,Grenada,Americas,Rural,,
2009,Grenada,Americas,Urban,,
2010,Grenada,Americas,Rural,,
2010,Grenada,Americas,Urban,,
2011,Grenada,Americas,Rural,,
2011,Grenada,Americas,Urban,,
2012,Grenada,Americas,Rural,,
2012,Grenada,Americas,Urban,,
2013,Grenada,Americas,Rural,,
2013,Grenada,Americas,Urban,,
2014,Grenada,Americas,Rural,,
2014,Grenada,Americas,Urban,,
2015,Grenada,Americas,Rural,,
2015,Grenada,Americas,Urban,,
2016,Grenada,Americas,Rural,,
2016,Grenada,Americas,Urban,,
2017,Grenada,Americas,Rural,,
2017,Grenada,Americas,Urban,,
2000,Guatemala,Americas,Rural,78.39659,39.47699
2000,Guatemala,Americas,Urban,94.62614,55.26869
2001,Guatemala,Americas,Rural,79.10977,39.86693
2001,Guatemala,Americas,Urban,94.81976,55.89182
2002,Guatemala,Americas,Rural,79.82175,40.25687
2002,Guatemala,Americas,Urban,95.01341,56.51699
2003,Guatemala,Americas,Rural,80.53254,40.64681
2003,Guatemala,Americas,Urban,95.20708,57.1442
2004,Guatemala,Americas,Rural,81.24213,41.03675
2004,Guatemala,Americas,Urban,95.40077,57.77345
2005,Guatemala,Americas,Rural,81.95052,41.42669
2005,Guatemala,Americas,Urban,95.59447,58.40475
2006,Guatemala,Americas,Rural,82.65771,41.81663
2006,Guatemala,Americas,Urban,95.7882,59.03809
2007,Guatemala,Americas,Rural,83.36371,42.20657
2007,Guatemala,Americas,Urban,95.98195,59.67347
2008,Guatemala,Americas,Rural,84.0685,42.5965
2008,Guatemala,Americas,Urban,96.17571,60.31089
2009,Guatemala,Americas,Rural,84.77211,42.98644
2009,Guatemala,Americas,Urban,96.3695,60.95035
2010,Guatemala,Americas,Rural,85.47452,43.37638
2010,Guatemala,Americas,Urban,96.5633,61.59185
2011,Guatemala,Americas,Rural,86.17573,43.76632
2011,Guatemala,Americas,Urban,96.75713,62.2354
2012,Guatemala,Americas,Rural,86.87574,44.15626
2012,Guatemala,Americas,Urban,96.95097,62.88099
2013,Guatemala,Americas,Rural,87.57455,44.5462
2013,Guatemala,Americas,Urban,97.14483,63.52863
2014,Guatemala,Americas,Rural,88.27217,44.93613
2014,Guatemala,Americas,Urban,97.33871,64.1783
2015,Guatemala,Americas,Rural,88.96859,45.32608
2015,Guatemala,Americas,Urban,97.53261,64.83002
2016,Guatemala,Americas,Rural,89.66381,45.71601
2016,Guatemala,Americas,Urban,97.72653,65.48377
2017,Guatemala,Americas,Rural,90.35784,46.10595
2017,Guatemala,Americas,Urban,97.92047,65.61035
2000,Guinea,Africa,Rural,53.09704,
2000,Guinea,Africa,Urban,84.31184,
2001,Guinea,Africa,Rural,53.10135,
2001,Guinea,Africa,Urban,84.44769,
2002,Guinea,Africa,Rural,53.07293,
2002,Guinea,Africa,Urban,84.57559,
2003,Guinea,Africa,Rural,53.01176,
2003,Guinea,Africa,Urban,84.69558,
2004,Guinea,Africa,Rural,52.91786,
2004,Guinea,Africa,Urban,84.80764,
2005,Guinea,Africa,Rural,52.79122,
2005,Guinea,Africa,Urban,84.91177,
2006,Guinea,Africa,Rural,52.63184,
2006,Guinea,Africa,Urban,85.00799,
2007,Guinea,Africa,Rural,52.43971,
2007,Guinea,Africa,Urban,85.09628,
2008,Guinea,Africa,Rural,52.21485,
2008,Guinea,Africa,Urban,85.17664,
2009,Guinea,Africa,Rural,51.95724,
2009,Guinea,Africa,Urban,85.24907,
2010,Guinea,Africa,Rural,51.6669,
2010,Guinea,Africa,Urban,85.31358,
2011,Guinea,Africa,Rural,51.34382,
2011,Guinea,Africa,Urban,85.37017,
2012,Guinea,Africa,Rural,50.988,
2012,Guinea,Africa,Urban,85.41883,
2013,Guinea,Africa,Rural,50.59943,
2013,Guinea,Africa,Urban,85.45956,
2014,Guinea,Africa,Rural,50.17813,
2014,Guinea,Africa,Urban,85.49237,
2015,Guinea,Africa,Rural,49.72409,
2015,Guinea,Africa,Urban,85.51726,
2016,Guinea,Africa,Rural,49.2373,
2016,Guinea,Africa,Urban,85.53422,
2017,Guinea,Africa,Rural,48.71778,
2017,Guinea,Africa,Urban,85.54325,
2000,Guinea-Bissau,Africa,Rural,41.41059,
2000,Guinea-Bissau,Africa,Urban,74.42715,
2001,Guinea-Bissau,Africa,Rural,42.19463,
2001,Guinea-Bissau,Africa,Urban,75.05544,
2002,Guinea-Bissau,Africa,Rural,42.97472,
2002,Guinea-Bissau,Africa,Urban,75.68065,
2003,Guinea-Bissau,Africa,Rural,43.75087,
2003,Guinea-Bissau,Africa,Urban,76.30276,
2004,Guinea-Bissau,Africa,Rural,44.52306,
2004,Guinea-Bissau,Africa,Urban,76.92177,
2005,Guinea-Bissau,Africa,Rural,45.29131,
2005,Guinea-Bissau,Africa,Urban,77.53769,
2006,Guinea-Bissau,Africa,Rural,46.05562,
2006,Guinea-Bissau,Africa,Urban,78.15052,
2007,Guinea-Bissau,Africa,Rural,46.81598,
2007,Guinea-Bissau,Africa,Urban,78.76025,
2008,Guinea-Bissau,Africa,Rural,47.5724,
2008,Guinea-Bissau,Africa,Urban,79.36689,
2009,Guinea-Bissau,Africa,Rural,48.32487,
2009,Guinea-Bissau,Africa,Urban,79.97044,
2010,Guinea-Bissau,Africa,Rural,49.07339,
2010,Guinea-Bissau,Africa,Urban,80.57089,
2011,Guinea-Bissau,Africa,Rural,49.81797,
2011,Guinea-Bissau,Africa,Urban,81.16825,
2012,Guinea-Bissau,Africa,Rural,50.5586,
2012,Guinea-Bissau,Africa,Urban,81.76251,
2013,Guinea-Bissau,Africa,Rural,51.29528,
2013,Guinea-Bissau,Africa,Urban,82.35368,
2014,Guinea-Bissau,Africa,Rural,52.02802,
2014,Guinea-Bissau,Africa,Urban,82.94176,
2015,Guinea-Bissau,Africa,Rural,52.75681,
2015,Guinea-Bissau,Africa,Urban,83.52675,
2016,Guinea-Bissau,Africa,Rural,53.48166,
2016,Guinea-Bissau,Africa,Urban,84.10863,
2017,Guinea-Bissau,Africa,Rural,53.48166,
2017,Guinea-Bissau,Africa,Urban,84.10863,
2000,Guyana,Americas,Rural,85.88319,
2000,Guyana,Americas,Urban,92.92976,
2001,Guyana,Americas,Rural,86.38313,
2001,Guyana,Americas,Urban,93.37638,
2002,Guyana,Americas,Rural,86.88346,
2002,Guyana,Americas,Urban,93.82376,
2003,Guyana,Americas,Rural,87.38417,
2003,Guyana,Americas,Urban,94.27188,
2004,Guyana,Americas,Rural,87.88527,
2004,Guyana,Americas,Urban,94.72076,
2005,Guyana,Americas,Rural,88.38675,
2005,Guyana,Americas,Urban,95.17039,
2006,Guyana,Americas,Rural,88.88862,
2006,Guyana,Americas,Urban,95.62078,
2007,Guyana,Americas,Rural,89.39087,
2007,Guyana,Americas,Urban,96.07192,
2008,Guyana,Americas,Rural,89.89351,
2008,Guyana,Americas,Urban,96.52381,
2009,Guyana,Americas,Rural,90.39654,
2009,Guyana,Americas,Urban,96.97646,
2010,Guyana,Americas,Rural,90.89995,
2010,Guyana,Americas,Urban,97.42985,
2011,Guyana,Americas,Rural,91.40374,
2011,Guyana,Americas,Urban,97.884,
2012,Guyana,Americas,Rural,91.90792,
2012,Guyana,Americas,Urban,98.33891,
2013,Guyana,Americas,Rural,92.41248,
2013,Guyana,Americas,Urban,98.79456,
2014,Guyana,Americas,Rural,92.91743,
2014,Guyana,Americas,Urban,99.81311,
2015,Guyana,Americas,Rural,93.42277,
2015,Guyana,Americas,Urban,100.0,
2016,Guyana,Americas,Rural,93.92849,
2016,Guyana,Americas,Urban,100.0,
2017,Guyana,Americas,Rural,93.92849,
2017,Guyana,Americas,Urban,100.0,
2000,Haiti,Americas,Rural,40.48239,
2000,Haiti,Americas,Urban,84.74335,
2001,Haiti,Americas,Rural,40.62725,
2001,Haiti,Americas,Urban,84.74289,
2002,Haiti,Americas,Rural,40.76984,
2002,Haiti,Americas,Urban,84.74178,
2003,Haiti,Americas,Rural,40.91015,
2003,Haiti,Americas,Urban,84.74001,
2004,Haiti,Americas,Rural,41.04818,
2004,Haiti,Americas,Urban,84.73758,
2005,Haiti,Americas,Rural,41.18394,
2005,Haiti,Americas,Urban,84.7345,
2006,Haiti,Americas,Rural,41.31743,
2006,Haiti,Americas,Urban,84.73076,
2007,Haiti,Americas,Rural,41.44864,
2007,Haiti,Americas,Urban,84.72637,
2008,Haiti,Americas,Rural,41.57758,
2008,Haiti,Americas,Urban,84.72133,
2009,Haiti,Americas,Rural,41.70424,
2009,Haiti,Americas,Urban,84.71562,
2010,Haiti,Americas,Rural,41.82862,
2010,Haiti,Americas,Urban,84.70927,
2011,Haiti,Americas,Rural,41.95073,
2011,Haiti,Americas,Urban,84.70226,
2012,Haiti,Americas,Rural,42.07057,
2012,Haiti,Americas,Urban,84.6946,
2013,Haiti,Americas,Rural,42.18813,
2013,Haiti,Americas,Urban,84.68628,
2014,Haiti,Americas,Rural,42.30341,
2014,Haiti,Americas,Urban,84.67731,
2015,Haiti,Americas,Rural,42.41642,
2015,Haiti,Americas,Urban,84.66768,
2016,Haiti,Americas,Rural,42.52715,
2016,Haiti,Americas,Urban,84.65739,
2017,Haiti,Americas,Rural,42.63561,
2017,Haiti,Americas,Urban,84.64646,
2000,Honduras,Americas,Rural,75.99306,15.72891
2000,Honduras,Americas,Urban,95.37611,
2001,Honduras,Americas,Rural,76.78241,15.89229
2001,Honduras,Americas,Urban,95.60229,
2002,Honduras,Americas,Rural,77.57175,16.05567
2002,Honduras,Americas,Urban,95.82845,
2003,Honduras,Americas,Rural,78.32185,16.21904
2003,Honduras,Americas,Urban,96.07053,
2004,Honduras,Americas,Rural,79.07115,16.38242
2004,Honduras,Americas,Urban,96.31268,
2005,Honduras,Americas,Rural,79.81966,16.5458
2005,Honduras,Americas,Urban,96.55489,
2006,Honduras,Americas,Rural,80.56738,16.70917
2006,Honduras,Americas,Urban,96.79719,
2007,Honduras,Americas,Rural,81.31432,16.87255
2007,Honduras,Americas,Urban,97.03956,
2008,Honduras,Americas,Rural,82.06046,17.03593
2008,Honduras,Americas,Urban,97.28201,
2009,Honduras,Americas,Rural,82.80581,17.1993
2009,Honduras,Americas,Urban,97.52453,
2010,Honduras,Americas,Rural,83.55037,17.36268
2010,Honduras,Americas,Urban,97.76712,
2011,Honduras,Americas,Rural,84.29414,17.52606
2011,Honduras,Americas,Urban,98.0098,
2012,Honduras,Americas,Rural,85.03712,17.68943
2012,Honduras,Americas,Urban,98.25254,
2013,Honduras,Americas,Rural,85.7793,17.85281
2013,Honduras,Americas,Urban,98.49536,
2014,Honduras,Americas,Rural,86.5207,18.01619
2014,Honduras,Americas,Urban,98.73826,
2015,Honduras,Americas,Rural,87.3053,18.17957
2015,Honduras,Americas,Urban,98.96487,
2016,Honduras,Americas,Rural,88.0899,18.34294
2016,Honduras,Americas,Urban,99.1915,
2017,Honduras,Americas,Rural,88.8745,18.50632
2017,Honduras,Americas,Urban,99.41811,
2000,Hungary,Europe,Rural,99.8979,
2000,Hungary,Europe,Urban,100.0,
2001,Hungary,Europe,Rural,99.8979,
2001,Hungary,Europe,Urban,100.0,
2002,Hungary,Europe,Rural,99.9,
2002,Hungary,Europe,Urban,100.0,
2003,Hungary,Europe,Rural,99.90001,
2003,Hungary,Europe,Urban,100.0,
2004,Hungary,Europe,Rural,99.90002,
2004,Hungary,Europe,Urban,100.0,
2005,Hungary,Europe,Rural,99.90002,
2005,Hungary,Europe,Urban,100.0,
2006,Hungary,Europe,Rural,99.90003,
2006,Hungary,Europe,Urban,100.0,
2007,Hungary,Europe,Rural,99.90004,
2007,Hungary,Europe,Urban,100.0,
2008,Hungary,Europe,Rural,99.90005,
2008,Hungary,Europe,Urban,100.0,
2009,Hungary,Europe,Rural,99.90005,
2009,Hungary,Europe,Urban,100.0,
2010,Hungary,Europe,Rural,99.90005,
2010,Hungary,Europe,Urban,100.0,
2011,Hungary,Europe,Rural,99.90006,
2011,Hungary,Europe,Urban,100.0,
2012,Hungary,Europe,Rural,99.90007,
2012,Hungary,Europe,Urban,100.0,
2013,Hungary,Europe,Rural,99.90008,
2013,Hungary,Europe,Urban,100.0,
2014,Hungary,Europe,Rural,99.90009,
2014,Hungary,Europe,Urban,100.0,
2015,Hungary,Europe,Rural,99.90009,
2015,Hungary,Europe,Urban,100.0,
2016,Hungary,Europe,Rural,99.9001,
2016,Hungary,Europe,Urban,100.0,
2017,Hungary,Europe,Rural,100.0,
2017,Hungary,Europe,Urban,100.0,
2000,Iceland,Europe,Rural,100.0,
2000,Iceland,Europe,Urban,100.0,
2001,Iceland,Europe,Rural,100.0,
2001,Iceland,Europe,Urban,100.0,
2002,Iceland,Europe,Rural,100.0,
2002,Iceland,Europe,Urban,100.0,
2003,Iceland,Europe,Rural,100.0,
2003,Iceland,Europe,Urban,100.0,
2004,Iceland,Europe,Rural,100.0,
2004,Iceland,Europe,Urban,100.0,
2005,Iceland,Europe,Rural,100.0,
2005,Iceland,Europe,Urban,100.0,
2006,Iceland,Europe,Rural,100.0,
2006,Iceland,Europe,Urban,100.0,
2007,Iceland,Europe,Rural,100.0,
2007,Iceland,Europe,Urban,100.0,
2008,Iceland,Europe,Rural,100.0,
2008,Iceland,Europe,Urban,100.0,
2009,Iceland,Europe,Rural,100.0,
2009,Iceland,Europe,Urban,100.0,
2010,Iceland,Europe,Rural,100.0,
2010,Iceland,Europe,Urban,100.0,
2011,Iceland,Europe,Rural,100.0,
2011,Iceland,Europe,Urban,100.0,
2012,Iceland,Europe,Rural,100.0,
2012,Iceland,Europe,Urban,100.0,
2013,Iceland,Europe,Rural,100.0,
2013,Iceland,Europe,Urban,100.0,
2014,Iceland,Europe,Rural,100.0,
2014,Iceland,Europe,Urban,100.0,
2015,Iceland,Europe,Rural,100.0,
2015,Iceland,Europe,Urban,100.0,
2016,Iceland,Europe,Rural,100.0,
2016,Iceland,Europe,Urban,100.0,
2017,Iceland,Europe,Rural,100.0,
2017,Iceland,Europe,Urban,100.0,
2000,India,South-East Asia,Rural,74.27567,19.63197
2000,India,South-East Asia,Urban,91.43739,
2001,India,South-East Asia,Rural,74.89152,21.54124
2001,India,South-East Asia,Urban,91.52872,
2002,India,South-East Asia,Rural,75.85544,23.47924
2002,India,South-East Asia,Urban,91.80497,
2003,India,South-East Asia,Rural,76.82503,25.44596
2003,India,South-East Asia,Urban,92.0816,
2004,India,South-East Asia,Rural,77.80029,27.44141
2004,India,South-East Asia,Urban,92.35859,
2005,India,South-East Asia,Rural,78.78124,29.46557
2005,India,South-East Asia,Urban,92.63595,
2006,India,South-East Asia,Rural,79.76787,31.51847
2006,India,South-East Asia,Urban,92.91367,
2007,India,South-East Asia,Rural,80.76017,33.60008
2007,India,South-East Asia,Urban,93.19177,
2008,India,South-East Asia,Rural,81.75815,35.71042
2008,India,South-East Asia,Urban,93.47024,
2009,India,South-East Asia,Rural,82.7618,37.84948
2009,India,South-East Asia,Urban,93.74908,
2010,India,South-East Asia,Rural,83.77114,40.01727
2010,India,South-East Asia,Urban,94.02827,
2011,India,South-East Asia,Rural,84.78616,42.21378
2011,India,South-East Asia,Urban,94.30785,
2012,India,South-East Asia,Rural,85.80685,44.43902
2012,India,South-East Asia,Urban,94.58779,
2013,India,South-East Asia,Rural,86.83321,46.69297
2013,India,South-East Asia,Urban,94.8681,
2014,India,South-East Asia,Rural,87.86526,48.97566
2014,India,South-East Asia,Urban,95.14878,
2015,India,South-East Asia,Rural,88.90298,51.28706
2015,India,South-East Asia,Urban,95.42982,
2016,India,South-East Asia,Rural,89.94638,53.62719
2016,India,South-East Asia,Urban,95.71124,
2017,India,South-East Asia,Rural,90.99546,55.99605
2017,India,South-East Asia,Urban,95.99303,
2000,Indonesia,South-East Asia,Rural,65.60619,
2000,Indonesia,South-East Asia,Urban,89.52603,
2001,Indonesia,South-East Asia,Rural,66.65524,
2001,Indonesia,South-East Asia,Urban,89.91307,
2002,Indonesia,South-East Asia,Rural,67.70428,
2002,Indonesia,South-East Asia,Urban,90.30012,
2003,Indonesia,South-East Asia,Rural,68.75333,
2003,Indonesia,South-East Asia,Urban,90.68716,
2004,Indonesia,South-East Asia,Rural,69.80238,
2004,Indonesia,South-East Asia,Urban,91.0742,
2005,Indonesia,South-East Asia,Rural,70.85143,
2005,Indonesia,South-East Asia,Urban,91.46124,
2006,Indonesia,South-East Asia,Rural,71.79578,
2006,Indonesia,South-East Asia,Urban,91.79613,
2007,Indonesia,South-East Asia,Rural,72.73709,
2007,Indonesia,South-East Asia,Urban,92.13058,
2008,Indonesia,South-East Asia,Rural,73.67534,
2008,Indonesia,South-East Asia,Urban,92.46459,
2009,Indonesia,South-East Asia,Rural,74.61053,
2009,Indonesia,South-East Asia,Urban,92.79816,
2010,Indonesia,South-East Asia,Rural,75.54267,
2010,Indonesia,South-East Asia,Urban,93.13129,
2011,Indonesia,South-East Asia,Rural,76.47175,
2011,Indonesia,South-East Asia,Urban,93.46398,
2012,Indonesia,South-East Asia,Rural,77.39778,
2012,Indonesia,South-East Asia,Urban,93.79623,
2013,Indonesia,South-East Asia,Rural,78.32076,
2013,Indonesia,South-East Asia,Urban,94.12805,
2014,Indonesia,South-East Asia,Rural,79.24067,
2014,Indonesia,South-East Asia,Urban,94.45943,
2015,Indonesia,South-East Asia,Rural,80.15753,
2015,Indonesia,South-East Asia,Urban,94.79036,
2016,Indonesia,South-East Asia,Rural,81.07134,
2016,Indonesia,South-East Asia,Urban,95.12085,
2017,Indonesia,South-East Asia,Rural,81.98209,
2017,Indonesia,South-East Asia,Urban,95.4509,
2000,Iran (Islamic Republic of),Eastern Mediterranean,Rural,89.65852,83.30123
2000,Iran (Islamic Republic of),Eastern Mediterranean,Urban,97.91145,95.43419
2001,Iran (Islamic Republic of),Eastern Mediterranean,Rural,89.65852,83.30123
2001,Iran (Islamic Republic of),Eastern Mediterranean,Urban,97.91145,95.43419
2002,Iran (Islamic Republic of),Eastern Mediterranean,Rural,89.65852,83.30123
2002,Iran (Islamic Republic of),Eastern Mediterranean,Urban,97.91145,95.43419
2003,Iran (Islamic Republic of),Eastern Mediterranean,Rural,89.65852,83.30123
2003,Iran (Islamic Republic of),Eastern Mediterranean,Urban,97.91145,95.43419
2004,Iran (Islamic Republic of),Eastern Mediterranean,Rural,89.65852,83.30123
2004,Iran (Islamic Republic of),Eastern Mediterranean,Urban,97.91145,95.43419
2005,Iran (Islamic Republic of),Eastern Mediterranean,Rural,89.58691,83.23469
2005,Iran (Islamic Republic of),Eastern Mediterranean,Urban,97.85342,95.37762
2006,Iran (Islamic Republic of),Eastern Mediterranean,Rural,89.51529,83.16814
2006,Iran (Islamic Republic of),Eastern Mediterranean,Urban,97.79537,95.32104
2007,Iran (Islamic Republic of),Eastern Mediterranean,Rural,89.44367,83.10161
2007,Iran (Islamic Republic of),Eastern Mediterranean,Urban,97.73733,95.26447
2008,Iran (Islamic Republic of),Eastern Mediterranean,Rural,89.37205,83.03506
2008,Iran (Islamic Republic of),Eastern Mediterranean,Urban,97.67929,95.20789
2009,Iran (Islamic Republic of),Eastern Mediterranean,Rural,89.30043,82.96852
2009,Iran (Islamic Republic of),Eastern Mediterranean,Urban,97.62125,95.15132
2010,Iran (Islamic Republic of),Eastern Mediterranean,Rural,89.22881,82.90199
2010,Iran (Islamic Republic of),Eastern Mediterranean,Urban,97.5632,95.09475
2011,Iran (Islamic Republic of),Eastern Mediterranean,Rural,89.1572,82.83544
2011,Iran (Islamic Republic of),Eastern Mediterranean,Urban,97.50517,95.03818
2012,Iran (Islamic Republic of),Eastern Mediterranean,Rural,89.08557,82.76891
2012,Iran (Islamic Republic of),Eastern Mediterranean,Urban,97.44712,94.98161
2013,Iran (Islamic Republic of),Eastern Mediterranean,Rural,89.01395,82.70236
2013,Iran (Islamic Republic of),Eastern Mediterranean,Urban,97.38908,94.92503
2014,Iran (Islamic Republic of),Eastern Mediterranean,Rural,89.01395,82.70236
2014,Iran (Islamic Republic of),Eastern Mediterranean,Urban,97.38908,94.92503
2015,Iran (Islamic Republic of),Eastern Mediterranean,Rural,89.01395,82.70236
2015,Iran (Islamic Republic of),Eastern Mediterranean,Urban,97.38908,94.92503
2016,Iran (Islamic Republic of),Eastern Mediterranean,Rural,89.01395,82.70236
2016,Iran (Islamic Republic of),Eastern Mediterranean,Urban,97.38908,94.92503
2017,Iran (Islamic Republic of),Eastern Mediterranean,Rural,89.01395,82.70236
2017,Iran (Islamic Republic of),Eastern Mediterranean,Urban,97.38908,94.92503
2000,Iraq,Eastern Mediterranean,Rural,52.87958,27.08165
2000,Iraq,Eastern Mediterranean,Urban,93.7962,60.59235
2001,Iraq,Eastern Mediterranean,Rural,55.11669,28.22016
2001,Iraq,Eastern Mediterranean,Urban,93.56852,60.79669
2002,Iraq,Eastern Mediterranean,Rural,57.35494,29.35867
2002,Iraq,Eastern Mediterranean,Urban,93.89764,61.00104
2003,Iraq,Eastern Mediterranean,Rural,59.59432,30.49718
2003,Iraq,Eastern Mediterranean,Urban,94.22688,61.20538
2004,Iraq,Eastern Mediterranean,Rural,61.83483,31.63569
2004,Iraq,Eastern Mediterranean,Urban,94.5562,61.40973
2005,Iraq,Eastern Mediterranean,Rural,64.07648,32.79097
2005,Iraq,Eastern Mediterranean,Urban,94.88562,61.61407
2006,Iraq,Eastern Mediterranean,Rural,66.31926,33.93006
2006,Iraq,Eastern Mediterranean,Urban,95.21514,61.81842
2007,Iraq,Eastern Mediterranean,Rural,68.56317,35.06916
2007,Iraq,Eastern Mediterranean,Urban,95.54476,62.02277
2008,Iraq,Eastern Mediterranean,Rural,70.80822,36.20825
2008,Iraq,Eastern Mediterranean,Urban,95.87448,62.22711
2009,Iraq,Eastern Mediterranean,Rural,73.05441,37.34734
2009,Iraq,Eastern Mediterranean,Urban,96.20429,62.43146
2010,Iraq,Eastern Mediterranean,Rural,75.30172,38.48644
2010,Iraq,Eastern Mediterranean,Urban,96.5342,62.6358
2011,Iraq,Eastern Mediterranean,Rural,77.55017,39.62553
2011,Iraq,Eastern Mediterranean,Urban,96.86422,62.84015
2012,Iraq,Eastern Mediterranean,Rural,79.79976,40.76463
2012,Iraq,Eastern Mediterranean,Urban,97.19433,63.04449
2013,Iraq,Eastern Mediterranean,Rural,82.05048,41.90372
2013,Iraq,Eastern Mediterranean,Urban,97.52454,63.24884
2014,Iraq,Eastern Mediterranean,Rural,84.30233,43.04281
2014,Iraq,Eastern Mediterranean,Urban,97.85484,63.45318
2015,Iraq,Eastern Mediterranean,Rural,86.55532,44.18191
2015,Iraq,Eastern Mediterranean,Urban,98.18524,63.65753
2016,Iraq,Eastern Mediterranean,Rural,88.80944,45.321
2016,Iraq,Eastern Mediterranean,Urban,98.51574,63.86187
2017,Iraq,Eastern Mediterranean,Rural,91.0647,46.46009
2017,Iraq,Eastern Mediterranean,Urban,98.84634,64.06622
2000,Ireland,Europe,Rural,97.42629,
2000,Ireland,Europe,Urban,97.01622,
2001,Ireland,Europe,Rural,97.46566,
2001,Ireland,Europe,Urban,97.0142,
2002,Ireland,Europe,Rural,97.50503,
2002,Ireland,Europe,Urban,97.01218,
2003,Ireland,Europe,Rural,97.5444,
2003,Ireland,Europe,Urban,97.01016,
2004,Ireland,Europe,Rural,97.58376,
2004,Ireland,Europe,Urban,97.00815,
2005,Ireland,Europe,Rural,97.62313,
2005,Ireland,Europe,Urban,97.00613,
2006,Ireland,Europe,Rural,97.66251,
2006,Ireland,Europe,Urban,97.00411,
2007,Ireland,Europe,Rural,97.70187,
2007,Ireland,Europe,Urban,97.00209,
2008,Ireland,Europe,Rural,97.74124,
2008,Ireland,Europe,Urban,97.00007,
2009,Ireland,Europe,Rural,97.78061,
2009,Ireland,Europe,Urban,96.99805,
2010,Ireland,Europe,Rural,97.81998,
2010,Ireland,Europe,Urban,96.99603,
2011,Ireland,Europe,Rural,97.85934,
2011,Ireland,Europe,Urban,96.99402,
2012,Ireland,Europe,Rural,97.89871,
2012,Ireland,Europe,Urban,96.992,
2013,Ireland,Europe,Rural,97.93808,
2013,Ireland,Europe,Urban,96.98998,
2014,Ireland,Europe,Rural,97.97745,
2014,Ireland,Europe,Urban,96.98796,
2015,Ireland,Europe,Rural,98.01682,
2015,Ireland,Europe,Urban,96.98594,
2016,Ireland,Europe,Rural,98.05618,
2016,Ireland,Europe,Urban,96.98392,
2017,Ireland,Europe,Rural,98.09555,
2017,Ireland,Europe,Urban,96.9819,
2000,Israel,Europe,Rural,100.0,99.96265
2000,Israel,Europe,Urban,100.0,99.91167
2001,Israel,Europe,Rural,100.0,99.96265
2001,Israel,Europe,Urban,100.0,99.91167
2002,Israel,Europe,Rural,100.0,99.96265
2002,Israel,Europe,Urban,100.0,99.91167
2003,Israel,Europe,Rural,100.0,99.96265
2003,Israel,Europe,Urban,100.0,99.91167
2004,Israel,Europe,Rural,100.0,99.96265
2004,Israel,Europe,Urban,100.0,99.91167
2005,Israel,Europe,Rural,100.0,99.96265
2005,Israel,Europe,Urban,100.0,99.91167
2006,Israel,Europe,Rural,100.0,99.96265
2006,Israel,Europe,Urban,100.0,99.91167
2007,Israel,Europe,Rural,100.0,99.96265
2007,Israel,Europe,Urban,100.0,99.91167
2008,Israel,Europe,Rural,100.0,99.88624
2008,Israel,Europe,Urban,100.0,99.86021
2009,Israel,Europe,Rural,100.0,99.80981
2009,Israel,Europe,Urban,100.0,99.80874
2010,Israel,Europe,Rural,100.0,99.73339
2010,Israel,Europe,Urban,100.0,99.75728
2011,Israel,Europe,Rural,100.0,99.65697
2011,Israel,Europe,Urban,100.0,99.70581
2012,Israel,Europe,Rural,100.0,99.58055
2012,Israel,Europe,Urban,100.0,99.65434
2013,Israel,Europe,Rural,100.0,99.50413
2013,Israel,Europe,Urban,100.0,99.60288
2014,Israel,Europe,Rural,100.0,99.42771
2014,Israel,Europe,Urban,100.0,99.55141
2015,Israel,Europe,Rural,100.0,99.35129
2015,Israel,Europe,Urban,100.0,99.49995
2016,Israel,Europe,Rural,100.0,99.27486
2016,Israel,Europe,Urban,100.0,99.44849
2017,Israel,Europe,Rural,100.0,99.19845
2017,Israel,Europe,Urban,100.0,99.39702
2000,Italy,Europe,Rural,100.0,
2000,Italy,Europe,Urban,100.0,
2001,Italy,Europe,Rural,100.0,
2001,Italy,Europe,Urban,100.0,
2002,Italy,Europe,Rural,99.99157,
2002,Italy,Europe,Urban,99.99271,
2003,Italy,Europe,Rural,99.94099,
2003,Italy,Europe,Urban,99.94894,
2004,Italy,Europe,Rural,99.8904,
2004,Italy,Europe,Urban,99.90517,
2005,Italy,Europe,Rural,99.83983,
2005,Italy,Europe,Urban,99.8614,
2006,Italy,Europe,Rural,99.78925,
2006,Italy,Europe,Urban,99.81763,
2007,Italy,Europe,Rural,99.73866,
2007,Italy,Europe,Urban,99.77386,
2008,Italy,Europe,Rural,99.68808,
2008,Italy,Europe,Urban,99.73009,
2009,Italy,Europe,Rural,99.6375,
2009,Italy,Europe,Urban,99.68633,
2010,Italy,Europe,Rural,99.58692,
2010,Italy,Europe,Urban,99.64256,
2011,Italy,Europe,Rural,99.53634,
2011,Italy,Europe,Urban,99.59879,
2012,Italy,Europe,Rural,99.48576,
2012,Italy,Europe,Urban,99.55502,
2013,Italy,Europe,Rural,99.43517,
2013,Italy,Europe,Urban,99.51125,
2014,Italy,Europe,Rural,99.38459,
2014,Italy,Europe,Urban,99.46748,
2015,Italy,Europe,Rural,99.38459,
2015,Italy,Europe,Urban,99.46748,
2016,Italy,Europe,Rural,99.38459,
2016,Italy,Europe,Urban,99.46748,
2017,Italy,Europe,Rural,99.38459,
2017,Italy,Europe,Urban,99.46748,
2000,Jamaica,Americas,Rural,88.18793,
2000,Jamaica,Americas,Urban,97.71311,
2001,Jamaica,Americas,Rural,88.41988,
2001,Jamaica,Americas,Urban,97.75977,
2002,Jamaica,Americas,Rural,88.65181,
2002,Jamaica,Americas,Urban,97.80643,
2003,Jamaica,Americas,Rural,88.88375,
2003,Jamaica,Americas,Urban,97.85309,
2004,Jamaica,Americas,Rural,88.40915,
2004,Jamaica,Americas,Urban,97.89974,
2005,Jamaica,Americas,Rural,87.93088,
2005,Jamaica,Americas,Urban,97.66613,
2006,Jamaica,Americas,Rural,87.44892,
2006,Jamaica,Americas,Urban,97.38096,
2007,Jamaica,Americas,Rural,86.96329,
2007,Jamaica,Americas,Urban,97.09547,
2008,Jamaica,Americas,Rural,86.47398,
2008,Jamaica,Americas,Urban,96.80967,
2009,Jamaica,Americas,Rural,85.981,
2009,Jamaica,Americas,Urban,96.52354,
2010,Jamaica,Americas,Rural,85.48433,
2010,Jamaica,Americas,Urban,96.23711,
2011,Jamaica,Americas,Rural,84.98399,
2011,Jamaica,Americas,Urban,95.95036,
2012,Jamaica,Americas,Rural,84.47997,
2012,Jamaica,Americas,Urban,95.66328,
2013,Jamaica,Americas,Rural,83.97227,
2013,Jamaica,Americas,Urban,95.3759,
2014,Jamaica,Americas,Rural,84.18581,
2014,Jamaica,Americas,Urban,95.42117,
2015,Jamaica,Americas,Rural,84.39936,
2015,Jamaica,Americas,Urban,95.46643,
2016,Jamaica,Americas,Rural,84.61291,
2016,Jamaica,Americas,Urban,95.51169,
2017,Jamaica,Americas,Rural,84.61291,
2017,Jamaica,Americas,Urban,95.51169,
2000,Japan,Western Pacific,Rural,,
2000,Japan,Western Pacific,Urban,,
2001,Japan,Western Pacific,Rural,,
2001,Japan,Western Pacific,Urban,,
2002,Japan,Western Pacific,Rural,,
2002,Japan,Western Pacific,Urban,,
2003,Japan,Western Pacific,Rural,,
2003,Japan,Western Pacific,Urban,,
2004,Japan,Western Pacific,Rural,,
2004,Japan,Western Pacific,Urban,,
2005,Japan,Western Pacific,Rural,,
2005,Japan,Western Pacific,Urban,,
2006,Japan,Western Pacific,Rural,,
2006,Japan,Western Pacific,Urban,,
2007,Japan,Western Pacific,Rural,,
2007,Japan,Western Pacific,Urban,,
2008,Japan,Western Pacific,Rural,,
2008,Japan,Western Pacific,Urban,,
2009,Japan,Western Pacific,Rural,,
2009,Japan,Western Pacific,Urban,,
2010,Japan,Western Pacific,Rural,,
2010,Japan,Western Pacific,Urban,,
2011,Japan,Western Pacific,Rural,,
2011,Japan,Western Pacific,Urban,,
2012,Japan,Western Pacific,Rural,,
2012,Japan,Western Pacific,Urban,,
2013,Japan,Western Pacific,Rural,,
2013,Japan,Western Pacific,Urban,,
2014,Japan,Western Pacific,Rural,,
2014,Japan,Western Pacific,Urban,,
2015,Japan,Western Pacific,Rural,,
2015,Japan,Western Pacific,Urban,,
2016,Japan,Western Pacific,Rural,,
2016,Japan,Western Pacific,Urban,,
2017,Japan,Western Pacific,Rural,,
2017,Japan,Western Pacific,Urban,,
2000,Jordan,Eastern Mediterranean,Rural,98.35873,
2000,Jordan,Eastern Mediterranean,Urban,99.69144,
2001,Jordan,Eastern Mediterranean,Rural,98.32004,
2001,Jordan,Eastern Mediterranean,Urban,99.65449,
2002,Jordan,Eastern Mediterranean,Rural,98.28135,
2002,Jordan,Eastern Mediterranean,Urban,99.61753,
2003,Jordan,Eastern Mediterranean,Rural,98.24265,
2003,Jordan,Eastern Mediterranean,Urban,99.58058,
2004,Jordan,Eastern Mediterranean,Rural,98.20396,
2004,Jordan,Eastern Mediterranean,Urban,99.54363,
2005,Jordan,Eastern Mediterranean,Rural,98.16527,
2005,Jordan,Eastern Mediterranean,Urban,99.50668,
2006,Jordan,Eastern Mediterranean,Rural,98.12657,
2006,Jordan,Eastern Mediterranean,Urban,99.46973,
2007,Jordan,Eastern Mediterranean,Rural,98.08788,
2007,Jordan,Eastern Mediterranean,Urban,99.43279,
2008,Jordan,Eastern Mediterranean,Rural,98.04919,
2008,Jordan,Eastern Mediterranean,Urban,99.39584,
2009,Jordan,Eastern Mediterranean,Rural,98.01049,
2009,Jordan,Eastern Mediterranean,Urban,99.35889,
2010,Jordan,Eastern Mediterranean,Rural,97.97179,
2010,Jordan,Eastern Mediterranean,Urban,99.32193,
2011,Jordan,Eastern Mediterranean,Rural,97.93311,
2011,Jordan,Eastern Mediterranean,Urban,99.28498,
2012,Jordan,Eastern Mediterranean,Rural,97.89441,
2012,Jordan,Eastern Mediterranean,Urban,99.24803,
2013,Jordan,Eastern Mediterranean,Rural,97.85571,
2013,Jordan,Eastern Mediterranean,Urban,99.21108,
2014,Jordan,Eastern Mediterranean,Rural,97.81702,
2014,Jordan,Eastern Mediterranean,Urban,99.17413,
2015,Jordan,Eastern Mediterranean,Rural,97.77833,
2015,Jordan,Eastern Mediterranean,Urban,99.13718,
2016,Jordan,Eastern Mediterranean,Rural,97.73964,
2016,Jordan,Eastern Mediterranean,Urban,99.10023,
2017,Jordan,Eastern Mediterranean,Rural,97.70094,
2017,Jordan,Eastern Mediterranean,Urban,99.06329,
2000,Kazakhstan,Europe,Rural,72.35773,
2000,Kazakhstan,Europe,Urban,94.11731,
2001,Kazakhstan,Europe,Rural,72.87101,
2001,Kazakhstan,Europe,Urban,94.36095,
2002,Kazakhstan,Europe,Rural,74.01958,
2002,Kazakhstan,Europe,Urban,94.65849,
2003,Kazakhstan,Europe,Rural,75.17702,
2003,Kazakhstan,Europe,Urban,94.95631,
2004,Kazakhstan,Europe,Rural,76.34336,
2004,Kazakhstan,Europe,Urban,95.25441,
2005,Kazakhstan,Europe,Rural,77.51859,
2005,Kazakhstan,Europe,Urban,95.55279,
2006,Kazakhstan,Europe,Rural,78.7027,
2006,Kazakhstan,Europe,Urban,95.85144,
2007,Kazakhstan,Europe,Rural,79.8957,
2007,Kazakhstan,Europe,Urban,96.15038,
2008,Kazakhstan,Europe,Rural,81.09758,
2008,Kazakhstan,Europe,Urban,96.44958,
2009,Kazakhstan,Europe,Rural,82.30836,
2009,Kazakhstan,Europe,Urban,96.74907,
2010,Kazakhstan,Europe,Rural,83.52802,
2010,Kazakhstan,Europe,Urban,97.04884,
2011,Kazakhstan,Europe,Rural,84.75656,
2011,Kazakhstan,Europe,Urban,97.34888,
2012,Kazakhstan,Europe,Rural,85.994,
2012,Kazakhstan,Europe,Urban,97.64919,
2013,Kazakhstan,Europe,Rural,87.24031,
2013,Kazakhstan,Europe,Urban,97.8712,
2014,Kazakhstan,Europe,Rural,88.49552,
2014,Kazakhstan,Europe,Urban,97.92659,
2015,Kazakhstan,Europe,Rural,89.75961,
2015,Kazakhstan,Europe,Urban,97.98198,
2016,Kazakhstan,Europe,Rural,91.03259,
2016,Kazakhstan,Europe,Urban,98.03738,
2017,Kazakhstan,Europe,Rural,92.31446,
2017,Kazakhstan,Europe,Urban,98.09277,
2000,Kenya,Africa,Rural,37.20719,
2000,Kenya,Africa,Urban,88.02267,62.14936
2001,Kenya,Africa,Rural,37.95264,
2001,Kenya,Africa,Urban,87.8228,62.03724
2002,Kenya,Africa,Rural,38.69611,
2002,Kenya,Africa,Urban,87.62307,62.70618
2003,Kenya,Africa,Rural,39.4376,
2003,Kenya,Africa,Urban,87.42349,62.02045
2004,Kenya,Africa,Rural,40.17711,
2004,Kenya,Africa,Urban,87.22407,61.14448
2005,Kenya,Africa,Rural,40.91464,
2005,Kenya,Africa,Urban,87.02478,60.27129
2006,Kenya,Africa,Rural,41.65019,
2006,Kenya,Africa,Urban,86.82565,59.40088
2007,Kenya,Africa,Rural,42.38376,
2007,Kenya,Africa,Urban,86.62666,58.53324
2008,Kenya,Africa,Rural,43.11535,
2008,Kenya,Africa,Urban,86.42783,57.66837
2009,Kenya,Africa,Rural,43.84495,
2009,Kenya,Africa,Urban,86.22914,56.80629
2010,Kenya,Africa,Rural,44.57257,
2010,Kenya,Africa,Urban,86.0306,55.94697
2011,Kenya,Africa,Rural,45.29821,
2011,Kenya,Africa,Urban,85.83221,55.09043
2012,Kenya,Africa,Rural,46.02187,
2012,Kenya,Africa,Urban,85.63397,54.23666
2013,Kenya,Africa,Rural,46.74355,
2013,Kenya,Africa,Urban,85.43587,53.38567
2014,Kenya,Africa,Rural,47.46325,
2014,Kenya,Africa,Urban,85.23793,52.53746
2015,Kenya,Africa,Rural,48.18097,
2015,Kenya,Africa,Urban,85.04013,51.69202
2016,Kenya,Africa,Rural,48.89671,
2016,Kenya,Africa,Urban,84.84248,50.84935
2017,Kenya,Africa,Rural,49.61047,
2017,Kenya,Africa,Urban,84.64498,50.00946
2000,Kiribati,Western Pacific,Rural,,
2000,Kiribati,Western Pacific,Urban,,
2001,Kiribati,Western Pacific,Rural,,
2001,Kiribati,Western Pacific,Urban,,
2002,Kiribati,Western Pacific,Rural,,
2002,Kiribati,Western Pacific,Urban,,
2003,Kiribati,Western Pacific,Rural,,
2003,Kiribati,Western Pacific,Urban,,
2004,Kiribati,Western Pacific,Rural,,
2004,Kiribati,Western Pacific,Urban,,
2005,Kiribati,Western Pacific,Rural,,
2005,Kiribati,Western Pacific,Urban,,
2006,Kiribati,Western Pacific,Rural,,
2006,Kiribati,Western Pacific,Urban,,
2007,Kiribati,Western Pacific,Rural,,
2007,Kiribati,Western Pacific,Urban,,
2008,Kiribati,Western Pacific,Rural,,
2008,Kiribati,Western Pacific,Urban,,
2009,Kiribati,Western Pacific,Rural,,
2009,Kiribati,Western Pacific,Urban,,
2010,Kiribati,Western Pacific,Rural,,
2010,Kiribati,Western Pacific,Urban,,
2011,Kiribati,Western Pacific,Rural,,
2011,Kiribati,Western Pacific,Urban,,
2012,Kiribati,Western Pacific,Rural,,
2012,Kiribati,Western Pacific,Urban,,
2013,Kiribati,Western Pacific,Rural,,
2013,Kiribati,Western Pacific,Urban,,
2014,Kiribati,Western Pacific,Rural,,
2014,Kiribati,Western Pacific,Urban,,
2015,Kiribati,Western Pacific,Rural,,
2015,Kiribati,Western Pacific,Urban,,
2016,Kiribati,Western Pacific,Rural,,
2016,Kiribati,Western Pacific,Urban,,
2017,Kiribati,Western Pacific,Rural,,
2017,Kiribati,Western Pacific,Urban,,
2000,Kuwait,Eastern Mediterranean,Rural,,
2000,Kuwait,Eastern Mediterranean,Urban,,
2001,Kuwait,Eastern Mediterranean,Rural,,
2001,Kuwait,Eastern Mediterranean,Urban,,
2002,Kuwait,Eastern Mediterranean,Rural,,
2002,Kuwait,Eastern Mediterranean,Urban,,
2003,Kuwait,Eastern Mediterranean,Rural,,
2003,Kuwait,Eastern Mediterranean,Urban,,
2004,Kuwait,Eastern Mediterranean,Rural,,
2004,Kuwait,Eastern Mediterranean,Urban,,
2005,Kuwait,Eastern Mediterranean,Rural,,
2005,Kuwait,Eastern Mediterranean,Urban,,
2006,Kuwait,Eastern Mediterranean,Rural,,
2006,Kuwait,Eastern Mediterranean,Urban,,
2007,Kuwait,Eastern Mediterranean,Rural,,
2007,Kuwait,Eastern Mediterranean,Urban,,
2008,Kuwait,Eastern Mediterranean,Rural,,
2008,Kuwait,Eastern Mediterranean,Urban,,
2009,Kuwait,Eastern Mediterranean,Rural,,
2009,Kuwait,Eastern Mediterranean,Urban,,
2010,Kuwait,Eastern Mediterranean,Rural,,
2010,Kuwait,Eastern Mediterranean,Urban,,
2011,Kuwait,Eastern Mediterranean,Rural,,
2011,Kuwait,Eastern Mediterranean,Urban,,
2012,Kuwait,Eastern Mediterranean,Rural,,
2012,Kuwait,Eastern Mediterranean,Urban,,
2013,Kuwait,Eastern Mediterranean,Rural,,
2013,Kuwait,Eastern Mediterranean,Urban,,
2014,Kuwait,Eastern Mediterranean,Rural,,
2014,Kuwait,Eastern Mediterranean,Urban,,
2015,Kuwait,Eastern Mediterranean,Rural,,
2015,Kuwait,Eastern Mediterranean,Urban,,
2016,Kuwait,Eastern Mediterranean,Rural,,
2016,Kuwait,Eastern Mediterranean,Urban,,
2017,Kuwait,Eastern Mediterranean,Rural,,
2017,Kuwait,Eastern Mediterranean,Urban,,
2000,Kyrgyzstan,Europe,Rural,72.91299,27.76875
2000,Kyrgyzstan,Europe,Urban,94.70134,80.41232
2001,Kyrgyzstan,Europe,Rural,72.91299,27.76875
2001,Kyrgyzstan,Europe,Urban,94.70134,80.41232
2002,Kyrgyzstan,Europe,Rural,73.56808,28.01823
2002,Kyrgyzstan,Europe,Urban,94.92656,80.60356
2003,Kyrgyzstan,Europe,Rural,74.22316,28.26772
2003,Kyrgyzstan,Europe,Urban,95.15179,80.7948
2004,Kyrgyzstan,Europe,Rural,74.87824,28.51721
2004,Kyrgyzstan,Europe,Urban,95.37701,80.98605
2005,Kyrgyzstan,Europe,Rural,75.47552,30.47124
2005,Kyrgyzstan,Europe,Urban,95.58561,82.06591
2006,Kyrgyzstan,Europe,Rural,76.0718,32.45483
2006,Kyrgyzstan,Europe,Urban,95.79413,83.14997
2007,Kyrgyzstan,Europe,Rural,76.66707,34.46799
2007,Kyrgyzstan,Europe,Urban,96.00257,84.23821
2008,Kyrgyzstan,Europe,Rural,77.26134,36.51071
2008,Kyrgyzstan,Europe,Urban,96.21093,85.33064
2009,Kyrgyzstan,Europe,Rural,77.85461,38.583
2009,Kyrgyzstan,Europe,Urban,96.41921,86.42725
2010,Kyrgyzstan,Europe,Rural,78.44688,40.68486
2010,Kyrgyzstan,Europe,Urban,96.62742,87.52806
2011,Kyrgyzstan,Europe,Rural,79.03813,42.81629
2011,Kyrgyzstan,Europe,Urban,96.83555,88.63305
2012,Kyrgyzstan,Europe,Rural,79.6284,44.97728
2012,Kyrgyzstan,Europe,Urban,97.04359,89.74223
2013,Kyrgyzstan,Europe,Rural,80.21765,47.16784
2013,Kyrgyzstan,Europe,Urban,97.25156,90.85559
2014,Kyrgyzstan,Europe,Rural,80.80591,49.38795
2014,Kyrgyzstan,Europe,Urban,97.43446,91.94955
2015,Kyrgyzstan,Europe,Rural,81.39316,51.63765
2015,Kyrgyzstan,Europe,Urban,97.28426,92.7298
2016,Kyrgyzstan,Europe,Rural,81.97941,53.9169
2016,Kyrgyzstan,Europe,Urban,97.13506,93.50848
2017,Kyrgyzstan,Europe,Rural,81.97941,53.9169
2017,Kyrgyzstan,Europe,Urban,97.13506,93.50848
2000,Lao People's Democratic Republic,Western Pacific,Rural,37.99092,0.47266
2000,Lao People's Democratic Republic,Western Pacific,Urban,76.7821,21.46546
2001,Lao People's Democratic Republic,Western Pacific,Rural,40.17648,2.4021
2001,Lao People's Democratic Republic,Western Pacific,Urban,77.78941,21.74709
2002,Lao People's Democratic Republic,Western Pacific,Rural,42.36524,4.53587
2002,Lao People's Democratic Republic,Western Pacific,Urban,78.79671,22.02872
2003,Lao People's Democratic Republic,Western Pacific,Rural,44.55722,6.4067
2003,Lao People's Democratic Republic,Western Pacific,Urban,79.80402,22.31034
2004,Lao People's Democratic Republic,Western Pacific,Rural,46.75241,6.71735
2004,Lao People's Democratic Republic,Western Pacific,Urban,80.81132,22.59198
2005,Lao People's Democratic Republic,Western Pacific,Rural,48.95082,7.02799
2005,Lao People's Democratic Republic,Western Pacific,Urban,81.81862,22.87361
2006,Lao People's Democratic Republic,Western Pacific,Rural,51.15244,7.33863
2006,Lao People's Democratic Republic,Western Pacific,Urban,82.82592,23.15524
2007,Lao People's Democratic Republic,Western Pacific,Rural,53.35727,7.64927
2007,Lao People's Democratic Republic,Western Pacific,Urban,83.83321,23.43686
2008,Lao People's Democratic Republic,Western Pacific,Rural,55.56531,7.95992
2008,Lao People's Democratic Republic,Western Pacific,Urban,84.84051,23.71849
2009,Lao People's Democratic Republic,Western Pacific,Rural,57.77657,8.27056
2009,Lao People's Democratic Republic,Western Pacific,Urban,85.8478,24.00012
2010,Lao People's Democratic Republic,Western Pacific,Rural,59.99104,8.5812
2010,Lao People's Democratic Republic,Western Pacific,Urban,86.85509,24.28176
2011,Lao People's Democratic Republic,Western Pacific,Rural,62.20873,8.89184
2011,Lao People's Democratic Republic,Western Pacific,Urban,87.86238,24.56339
2012,Lao People's Democratic Republic,Western Pacific,Rural,64.42963,9.20249
2012,Lao People's Democratic Republic,Western Pacific,Urban,88.86967,24.84501
2013,Lao People's Democratic Republic,Western Pacific,Rural,66.65374,9.51313
2013,Lao People's Democratic Republic,Western Pacific,Urban,89.87695,25.12664
2014,Lao People's Democratic Republic,Western Pacific,Rural,68.88107,9.82377
2014,Lao People's Democratic Republic,Western Pacific,Urban,90.88423,25.40827
2015,Lao People's Democratic Republic,Western Pacific,Rural,71.1116,10.13441
2015,Lao People's Democratic Republic,Western Pacific,Urban,91.89151,25.6899
2016,Lao People's Democratic Republic,Western Pacific,Rural,73.34536,10.44506
2016,Lao People's Democratic Republic,Western Pacific,Urban,92.89879,25.97153
2017,Lao People's Democratic Republic,Western Pacific,Rural,75.58232,10.7557
2017,Lao People's Democratic Republic,Western Pacific,Urban,94.43584,26.25316
2000,Latvia,Europe,Rural,95.7881,
2000,Latvia,Europe,Urban,98.75936,
2001,Latvia,Europe,Rural,95.7881,
2001,Latvia,Europe,Urban,98.75936,
2002,Latvia,Europe,Rural,95.9377,
2002,Latvia,Europe,Urban,98.76407,
2003,Latvia,Europe,Rural,96.08729,
2003,Latvia,Europe,Urban,98.76878,
2004,Latvia,Europe,Rural,96.23689,
2004,Latvia,Europe,Urban,98.77348,
2005,Latvia,Europe,Rural,96.38648,
2005,Latvia,Europe,Urban,98.77819,
2006,Latvia,Europe,Rural,96.53607,
2006,Latvia,Europe,Urban,98.7829,
2007,Latvia,Europe,Rural,96.68567,
2007,Latvia,Europe,Urban,98.78761,
2008,Latvia,Europe,Rural,96.83526,
2008,Latvia,Europe,Urban,98.79231,
2009,Latvia,Europe,Rural,96.98486,
2009,Latvia,Europe,Urban,98.79702,
2010,Latvia,Europe,Rural,97.13445,
2010,Latvia,Europe,Urban,98.80173,
2011,Latvia,Europe,Rural,97.28404,
2011,Latvia,Europe,Urban,98.80643,
2012,Latvia,Europe,Rural,97.43363,
2012,Latvia,Europe,Urban,98.81114,
2013,Latvia,Europe,Rural,97.58323,
2013,Latvia,Europe,Urban,98.81585,
2014,Latvia,Europe,Rural,97.73282,
2014,Latvia,Europe,Urban,98.82056,
2015,Latvia,Europe,Rural,97.88242,
2015,Latvia,Europe,Urban,98.82526,
2016,Latvia,Europe,Rural,98.03201,
2016,Latvia,Europe,Urban,98.82997,
2017,Latvia,Europe,Rural,98.1816,
2017,Latvia,Europe,Urban,98.83468,
2000,Lebanon,Eastern Mediterranean,Rural,,
2000,Lebanon,Eastern Mediterranean,Urban,,
2001,Lebanon,Eastern Mediterranean,Rural,,
2001,Lebanon,Eastern Mediterranean,Urban,,
2002,Lebanon,Eastern Mediterranean,Rural,,
2002,Lebanon,Eastern Mediterranean,Urban,,
2003,Lebanon,Eastern Mediterranean,Rural,,
2003,Lebanon,Eastern Mediterranean,Urban,,
2004,Lebanon,Eastern Mediterranean,Rural,,
2004,Lebanon,Eastern Mediterranean,Urban,,
2005,Lebanon,Eastern Mediterranean,Rural,,
2005,Lebanon,Eastern Mediterranean,Urban,,
2006,Lebanon,Eastern Mediterranean,Rural,,
2006,Lebanon,Eastern Mediterranean,Urban,,
2007,Lebanon,Eastern Mediterranean,Rural,,
2007,Lebanon,Eastern Mediterranean,Urban,,
2008,Lebanon,Eastern Mediterranean,Rural,,
2008,Lebanon,Eastern Mediterranean,Urban,,
2009,Lebanon,Eastern Mediterranean,Rural,,
2009,Lebanon,Eastern Mediterranean,Urban,,
2010,Lebanon,Eastern Mediterranean,Rural,,
2010,Lebanon,Eastern Mediterranean,Urban,,
2011,Lebanon,Eastern Mediterranean,Rural,,
2011,Lebanon,Eastern Mediterranean,Urban,,
2012,Lebanon,Eastern Mediterranean,Rural,,
2012,Lebanon,Eastern Mediterranean,Urban,,
2013,Lebanon,Eastern Mediterranean,Rural,,
2013,Lebanon,Eastern Mediterranean,Urban,,
2014,Lebanon,Eastern Mediterranean,Rural,,
2014,Lebanon,Eastern Mediterranean,Urban,,
2015,Lebanon,Eastern Mediterranean,Rural,,
2015,Lebanon,Eastern Mediterranean,Urban,,
2016,Lebanon,Eastern Mediterranean,Rural,,
2016,Lebanon,Eastern Mediterranean,Urban,,
2017,Lebanon,Eastern Mediterranean,Rural,,
2017,Lebanon,Eastern Mediterranean,Urban,,
2000,Lesotho,Africa,Rural,64.39188,
2000,Lesotho,Africa,Urban,80.11857,
2001,Lesotho,Africa,Rural,64.08018,
2001,Lesotho,Africa,Urban,80.91663,
2002,Lesotho,Africa,Rural,63.76923,
2002,Lesotho,Africa,Urban,81.7151,
2003,Lesotho,Africa,Rural,63.45903,
2003,Lesotho,Africa,Urban,82.51395,
2004,Lesotho,Africa,Rural,63.14956,
2004,Lesotho,Africa,Urban,83.31319,
2005,Lesotho,Africa,Rural,62.84084,
2005,Lesotho,Africa,Urban,84.11282,
2006,Lesotho,Africa,Rural,62.53285,
2006,Lesotho,Africa,Urban,84.91286,
2007,Lesotho,Africa,Rural,62.22562,
2007,Lesotho,Africa,Urban,85.71327,
2008,Lesotho,Africa,Rural,61.91912,
2008,Lesotho,Africa,Urban,86.51408,
2009,Lesotho,Africa,Rural,61.61337,
2009,Lesotho,Africa,Urban,87.31529,
2010,Lesotho,Africa,Rural,61.30836,
2010,Lesotho,Africa,Urban,88.11689,
2011,Lesotho,Africa,Rural,61.00409,
2011,Lesotho,Africa,Urban,88.91888,
2012,Lesotho,Africa,Rural,60.70056,
2012,Lesotho,Africa,Urban,89.72125,
2013,Lesotho,Africa,Rural,60.39778,
2013,Lesotho,Africa,Urban,90.52402,
2014,Lesotho,Africa,Rural,60.09574,
2014,Lesotho,Africa,Urban,91.32719,
2015,Lesotho,Africa,Rural,59.79445,
2015,Lesotho,Africa,Urban,92.13074,
2016,Lesotho,Africa,Rural,59.49389,
2016,Lesotho,Africa,Urban,92.93469,
2017,Lesotho,Africa,Rural,59.32293,
2017,Lesotho,Africa,Urban,92.95802,
2000,Liberia,Africa,Rural,49.52876,
2000,Liberia,Africa,Urban,78.05245,
2001,Liberia,Africa,Rural,50.50522,
2001,Liberia,Africa,Urban,78.56406,
2002,Liberia,Africa,Rural,51.48169,
2002,Liberia,Africa,Urban,79.07566,
2003,Liberia,Africa,Rural,52.45815,
2003,Liberia,Africa,Urban,79.58727,
2004,Liberia,Africa,Rural,53.43462,
2004,Liberia,Africa,Urban,80.09887,
2005,Liberia,Africa,Rural,54.41108,
2005,Liberia,Africa,Urban,80.61047,
2006,Liberia,Africa,Rural,55.09673,
2006,Liberia,Africa,Urban,80.87912,
2007,Liberia,Africa,Rural,55.77211,
2007,Liberia,Africa,Urban,81.1447,
2008,Liberia,Africa,Rural,56.43725,
2008,Liberia,Africa,Urban,81.40722,
2009,Liberia,Africa,Rural,57.09213,
2009,Liberia,Africa,Urban,81.66667,
2010,Liberia,Africa,Rural,57.73676,
2010,Liberia,Africa,Urban,81.92306,
2011,Liberia,Africa,Rural,58.37112,
2011,Liberia,Africa,Urban,82.17638,
2012,Liberia,Africa,Rural,58.99524,
2012,Liberia,Africa,Urban,82.42664,
2013,Liberia,Africa,Rural,59.60911,
2013,Liberia,Africa,Urban,82.67384,
2014,Liberia,Africa,Rural,60.21272,
2014,Liberia,Africa,Urban,82.91796,
2015,Liberia,Africa,Rural,60.80607,
2015,Liberia,Africa,Urban,83.15903,
2016,Liberia,Africa,Rural,61.38917,
2016,Liberia,Africa,Urban,83.39703,
2017,Liberia,Africa,Rural,61.96202,
2017,Liberia,Africa,Urban,83.63197,
2000,Libya,Eastern Mediterranean,Rural,,
2000,Libya,Eastern Mediterranean,Urban,,
2001,Libya,Eastern Mediterranean,Rural,,
2001,Libya,Eastern Mediterranean,Urban,,
2002,Libya,Eastern Mediterranean,Rural,,
2002,Libya,Eastern Mediterranean,Urban,,
2003,Libya,Eastern Mediterranean,Rural,,
2003,Libya,Eastern Mediterranean,Urban,,
2004,Libya,Eastern Mediterranean,Rural,,
2004,Libya,Eastern Mediterranean,Urban,,
2005,Libya,Eastern Mediterranean,Rural,,
2005,Libya,Eastern Mediterranean,Urban,,
2006,Libya,Eastern Mediterranean,Rural,,
2006,Libya,Eastern Mediterranean,Urban,,
2007,Libya,Eastern Mediterranean,Rural,,
2007,Libya,Eastern Mediterranean,Urban,,
2008,Libya,Eastern Mediterranean,Rural,,
2008,Libya,Eastern Mediterranean,Urban,,
2009,Libya,Eastern Mediterranean,Rural,,
2009,Libya,Eastern Mediterranean,Urban,,
2010,Libya,Eastern Mediterranean,Rural,,
2010,Libya,Eastern Mediterranean,Urban,,
2011,Libya,Eastern Mediterranean,Rural,,
2011,Libya,Eastern Mediterranean,Urban,,
2012,Libya,Eastern Mediterranean,Rural,,
2012,Libya,Eastern Mediterranean,Urban,,
2013,Libya,Eastern Mediterranean,Rural,,
2013,Libya,Eastern Mediterranean,Urban,,
2014,Libya,Eastern Mediterranean,Rural,,
2014,Libya,Eastern Mediterranean,Urban,,
2015,Libya,Eastern Mediterranean,Rural,,
2015,Libya,Eastern Mediterranean,Urban,,
2016,Libya,Eastern Mediterranean,Rural,,
2016,Libya,Eastern Mediterranean,Urban,,
2017,Libya,Eastern Mediterranean,Rural,,
2017,Libya,Eastern Mediterranean,Urban,,
2000,Lithuania,Europe,Rural,75.397,
2000,Lithuania,Europe,Urban,96.70378,
2001,Lithuania,Europe,Rural,76.41843,
2001,Lithuania,Europe,Urban,96.8884,
2002,Lithuania,Europe,Rural,77.43987,
2002,Lithuania,Europe,Urban,97.07301,
2003,Lithuania,Europe,Rural,78.4613,
2003,Lithuania,Europe,Urban,97.25762,
2004,Lithuania,Europe,Rural,79.48273,
2004,Lithuania,Europe,Urban,97.44224,
2005,Lithuania,Europe,Rural,80.50417,
2005,Lithuania,Europe,Urban,97.62685,
2006,Lithuania,Europe,Rural,81.5256,
2006,Lithuania,Europe,Urban,97.81147,
2007,Lithuania,Europe,Rural,82.54703,
2007,Lithuania,Europe,Urban,97.99608,
2008,Lithuania,Europe,Rural,83.56846,
2008,Lithuania,Europe,Urban,98.18069,
2009,Lithuania,Europe,Rural,84.58989,
2009,Lithuania,Europe,Urban,98.36531,
2010,Lithuania,Europe,Rural,85.61133,
2010,Lithuania,Europe,Urban,98.54992,
2011,Lithuania,Europe,Rural,86.63276,
2011,Lithuania,Europe,Urban,98.73454,
2012,Lithuania,Europe,Rural,87.65419,
2012,Lithuania,Europe,Urban,98.91915,
2013,Lithuania,Europe,Rural,88.67562,
2013,Lithuania,Europe,Urban,99.10376,
2014,Lithuania,Europe,Rural,89.69705,
2014,Lithuania,Europe,Urban,99.28838,
2015,Lithuania,Europe,Rural,90.71848,
2015,Lithuania,Europe,Urban,99.47299,
2016,Lithuania,Europe,Rural,91.73991,
2016,Lithuania,Europe,Urban,99.6576,
2017,Lithuania,Europe,Rural,92.76134,
2017,Lithuania,Europe,Urban,99.84222,
2000,Luxembourg,Europe,Rural,100.0,100.0
2000,Luxembourg,Europe,Urban,100.0,100.0
2001,Luxembourg,Europe,Rural,100.0,100.0
2001,Luxembourg,Europe,Urban,100.0,100.0
2002,Luxembourg,Europe,Rural,100.0,100.0
2002,Luxembourg,Europe,Urban,100.0,100.0
2003,Luxembourg,Europe,Rural,100.0,100.0
2003,Luxembourg,Europe,Urban,100.0,100.0
2004,Luxembourg,Europe,Rural,100.0,100.0
2004,Luxembourg,Europe,Urban,100.0,100.0
2005,Luxembourg,Europe,Rural,100.0,100.0
2005,Luxembourg,Europe,Urban,100.0,100.0
2006,Luxembourg,Europe,Rural,100.0,100.0
2006,Luxembourg,Europe,Urban,100.0,100.0
2007,Luxembourg,Europe,Rural,100.0,100.0
2007,Luxembourg,Europe,Urban,100.0,100.0
2008,Luxembourg,Europe,Rural,100.0,100.0
2008,Luxembourg,Europe,Urban,100.0,100.0
2009,Luxembourg,Europe,Rural,100.0,100.0
2009,Luxembourg,Europe,Urban,100.0,100.0
2010,Luxembourg,Europe,Rural,100.0,100.0
2010,Luxembourg,Europe,Urban,100.0,100.0
2011,Luxembourg,Europe,Rural,100.0,100.0
2011,Luxembourg,Europe,Urban,100.0,100.0
2012,Luxembourg,Europe,Rural,99.88095,99.58131
2012,Luxembourg,Europe,Urban,100.0,100.0
2013,Luxembourg,Europe,Rural,99.66666,99.06866
2013,Luxembourg,Europe,Urban,100.0,100.0
2014,Luxembourg,Europe,Rural,99.45238,98.55731
2014,Luxembourg,Europe,Urban,100.0,100.0
2015,Luxembourg,Europe,Rural,99.2381,98.04724
2015,Luxembourg,Europe,Urban,100.0,100.0
2016,Luxembourg,Europe,Rural,99.02381,97.53845
2016,Luxembourg,Europe,Urban,100.0,100.0
2017,Luxembourg,Europe,Rural,98.80952,97.03095
2017,Luxembourg,Europe,Urban,100.0,100.0
2000,Madagascar,Africa,Rural,23.79181,
2000,Madagascar,Africa,Urban,67.95206,
2001,Madagascar,Africa,Rural,24.48637,
2001,Madagascar,Africa,Urban,68.96873,
2002,Madagascar,Africa,Rural,25.18631,
2002,Madagascar,Africa,Urban,69.98968,
2003,Madagascar,Africa,Rural,25.89164,
2003,Madagascar,Africa,Urban,71.01488,
2004,Madagascar,Africa,Rural,26.60235,
2004,Madagascar,Africa,Urban,72.04436,
2005,Madagascar,Africa,Rural,27.31844,
2005,Madagascar,Africa,Urban,73.07809,
2006,Madagascar,Africa,Rural,28.03991,
2006,Madagascar,Africa,Urban,74.11609,
2007,Madagascar,Africa,Rural,28.76677,
2007,Madagascar,Africa,Urban,75.15836,
2008,Madagascar,Africa,Rural,29.499,
2008,Madagascar,Africa,Urban,76.20489,
2009,Madagascar,Africa,Rural,30.23662,
2009,Madagascar,Africa,Urban,77.25568,
2010,Madagascar,Africa,Rural,30.97962,
2010,Madagascar,Africa,Urban,78.31075,
2011,Madagascar,Africa,Rural,31.72801,
2011,Madagascar,Africa,Urban,79.37007,
2012,Madagascar,Africa,Rural,32.48177,
2012,Madagascar,Africa,Urban,80.43366,
2013,Madagascar,Africa,Rural,33.24092,
2013,Madagascar,Africa,Urban,81.50152,
2014,Madagascar,Africa,Rural,34.00546,
2014,Madagascar,Africa,Urban,82.57365,
2015,Madagascar,Africa,Rural,34.77537,
2015,Madagascar,Africa,Urban,83.65003,
2016,Madagascar,Africa,Rural,35.55066,
2016,Madagascar,Africa,Urban,84.73068,
2017,Madagascar,Africa,Rural,36.33134,
2017,Madagascar,Africa,Urban,85.8156,
2000,Malawi,Africa,Rural,47.28716,
2000,Malawi,Africa,Urban,85.99291,
2001,Malawi,Africa,Rural,48.36654,
2001,Malawi,Africa,Urban,85.98857,
2002,Malawi,Africa,Rural,49.44431,
2002,Malawi,Africa,Urban,85.98365,
2003,Malawi,Africa,Rural,50.52048,
2003,Malawi,Africa,Urban,85.97816,
2004,Malawi,Africa,Rural,51.59505,
2004,Malawi,Africa,Urban,85.97208,
2005,Malawi,Africa,Rural,52.66801,
2005,Malawi,Africa,Urban,85.96542,
2006,Malawi,Africa,Rural,53.73937,
2006,Malawi,Africa,Urban,85.95818,
2007,Malawi,Africa,Rural,54.80914,
2007,Malawi,Africa,Urban,85.95036,
2008,Malawi,Africa,Rural,55.87729,
2008,Malawi,Africa,Urban,85.94196,
2009,Malawi,Africa,Rural,56.94385,
2009,Malawi,Africa,Urban,85.93298,
2010,Malawi,Africa,Rural,58.0088,
2010,Malawi,Africa,Urban,85.92342,
2011,Malawi,Africa,Rural,59.07215,
2011,Malawi,Africa,Urban,85.91327,
2012,Malawi,Africa,Rural,60.1339,
2012,Malawi,Africa,Urban,85.90255,
2013,Malawi,Africa,Rural,61.19404,
2013,Malawi,Africa,Urban,85.89125,
2014,Malawi,Africa,Rural,62.25259,
2014,Malawi,Africa,Urban,85.87936,
2015,Malawi,Africa,Rural,63.30953,
2015,Malawi,Africa,Urban,85.86691,
2016,Malawi,Africa,Rural,64.36487,
2016,Malawi,Africa,Urban,85.85386,
2017,Malawi,Africa,Rural,65.4186,
2017,Malawi,Africa,Urban,85.84023,
2000,Malaysia,Western Pacific,Rural,94.1064,
2000,Malaysia,Western Pacific,Urban,99.36623,
2001,Malaysia,Western Pacific,Rural,94.1064,
2001,Malaysia,Western Pacific,Urban,99.36623,
2002,Malaysia,Western Pacific,Rural,93.80833,
2002,Malaysia,Western Pacific,Urban,99.34901,
2003,Malaysia,Western Pacific,Rural,93.51025,
2003,Malaysia,Western Pacific,Urban,99.33179,
2004,Malaysia,Western Pacific,Rural,93.21217,
2004,Malaysia,Western Pacific,Urban,99.31458,
2005,Malaysia,Western Pacific,Rural,92.91409,
2005,Malaysia,Western Pacific,Urban,99.29736,
2006,Malaysia,Western Pacific,Rural,92.61601,
2006,Malaysia,Western Pacific,Urban,99.28014,
2007,Malaysia,Western Pacific,Rural,92.31793,
2007,Malaysia,Western Pacific,Urban,99.26292,
2008,Malaysia,Western Pacific,Rural,92.01986,
2008,Malaysia,Western Pacific,Urban,99.2457,
2009,Malaysia,Western Pacific,Rural,91.72178,
2009,Malaysia,Western Pacific,Urban,99.22848,
2010,Malaysia,Western Pacific,Rural,91.42371,
2010,Malaysia,Western Pacific,Urban,99.21126,
2011,Malaysia,Western Pacific,Rural,91.12563,
2011,Malaysia,Western Pacific,Urban,99.19405,
2012,Malaysia,Western Pacific,Rural,90.82755,
2012,Malaysia,Western Pacific,Urban,99.17683,
2013,Malaysia,Western Pacific,Rural,90.52947,
2013,Malaysia,Western Pacific,Urban,99.15961,
2014,Malaysia,Western Pacific,Rural,90.23139,
2014,Malaysia,Western Pacific,Urban,99.14239,
2015,Malaysia,Western Pacific,Rural,89.93331,
2015,Malaysia,Western Pacific,Urban,99.12517,
2016,Malaysia,Western Pacific,Rural,89.63524,
2016,Malaysia,Western Pacific,Urban,99.10795,
2017,Malaysia,Western Pacific,Rural,89.33716,
2017,Malaysia,Western Pacific,Urban,99.09073,
2000,Maldives,South-East Asia,Rural,90.41175,
2000,Maldives,South-East Asia,Urban,97.93958,
2001,Maldives,South-East Asia,Rural,91.01949,
2001,Maldives,South-East Asia,Urban,97.95375,
2002,Maldives,South-East Asia,Rural,91.62723,
2002,Maldives,South-East Asia,Urban,97.96792,
2003,Maldives,South-East Asia,Rural,92.23497,
2003,Maldives,South-East Asia,Urban,97.98209,
2004,Maldives,South-East Asia,Rural,92.8427,
2004,Maldives,South-East Asia,Urban,97.99625,
2005,Maldives,South-East Asia,Rural,93.45045,
2005,Maldives,South-East Asia,Urban,98.01042,
2006,Maldives,South-East Asia,Rural,94.05819,
2006,Maldives,South-East Asia,Urban,98.02459,
2007,Maldives,South-East Asia,Rural,94.66592,
2007,Maldives,South-East Asia,Urban,98.03876,
2008,Maldives,South-East Asia,Rural,95.29461,
2008,Maldives,South-East Asia,Urban,98.0652,
2009,Maldives,South-East Asia,Rural,95.92355,
2009,Maldives,South-East Asia,Urban,98.09164,
2010,Maldives,South-East Asia,Rural,96.55276,
2010,Maldives,South-East Asia,Urban,98.11809,
2011,Maldives,South-East Asia,Rural,97.18224,
2011,Maldives,South-East Asia,Urban,98.14454,
2012,Maldives,South-East Asia,Rural,97.81199,
2012,Maldives,South-East Asia,Urban,98.171,
2013,Maldives,South-East Asia,Rural,98.442,
2013,Maldives,South-East Asia,Urban,98.19746,
2014,Maldives,South-East Asia,Rural,99.07228,
2014,Maldives,South-East Asia,Urban,98.22392,
2015,Maldives,South-East Asia,Rural,99.70283,
2015,Maldives,South-East Asia,Urban,98.25038,
2016,Maldives,South-East Asia,Rural,99.85331,
2016,Maldives,South-East Asia,Urban,98.27685,
2017,Maldives,South-East Asia,Rural,99.87521,
2017,Maldives,South-East Asia,Urban,98.30332,
2000,Mali,Africa,Rural,37.84997,
2000,Mali,Africa,Urban,76.27275,
2001,Mali,Africa,Rural,39.4395,
2001,Mali,Africa,Urban,77.31945,
2002,Mali,Africa,Rural,41.16647,
2002,Mali,Africa,Urban,78.26852,
2003,Mali,Africa,Rural,42.90409,
2003,Mali,Africa,Urban,79.21498,
2004,Mali,Africa,Rural,44.65236,
2004,Mali,Africa,Urban,80.15883,
2005,Mali,Africa,Rural,46.41127,
2005,Mali,Africa,Urban,81.10007,
2006,Mali,Africa,Rural,48.18084,
2006,Mali,Africa,Urban,82.03871,
2007,Mali,Africa,Rural,49.96106,
2007,Mali,Africa,Urban,82.97474,
2008,Mali,Africa,Rural,51.75193,
2008,Mali,Africa,Urban,83.90816,
2009,Mali,Africa,Rural,53.55345,
2009,Mali,Africa,Urban,84.83897,
2010,Mali,Africa,Rural,55.36562,
2010,Mali,Africa,Urban,85.76717,
2011,Mali,Africa,Rural,57.18843,
2011,Mali,Africa,Urban,86.69277,
2012,Mali,Africa,Rural,59.0219,
2012,Mali,Africa,Urban,87.61576,
2013,Mali,Africa,Rural,60.86602,
2013,Mali,Africa,Urban,88.53614,
2014,Mali,Africa,Rural,62.72079,
2014,Mali,Africa,Urban,89.45391,
2015,Mali,Africa,Rural,64.5862,
2015,Mali,Africa,Urban,90.36907,
2016,Mali,Africa,Rural,66.46227,
2016,Mali,Africa,Urban,91.28163,
2017,Mali,Africa,Rural,68.34898,
2017,Mali,Africa,Urban,92.19158,
2000,Malta,Europe,Rural,100.0,
2000,Malta,Europe,Urban,100.0,
2001,Malta,Europe,Rural,100.0,
2001,Malta,Europe,Urban,100.0,
2002,Malta,Europe,Rural,100.0,
2002,Malta,Europe,Urban,100.0,
2003,Malta,Europe,Rural,100.0,
2003,Malta,Europe,Urban,100.0,
2004,Malta,Europe,Rural,100.0,
2004,Malta,Europe,Urban,100.0,
2005,Malta,Europe,Rural,100.0,
2005,Malta,Europe,Urban,100.0,
2006,Malta,Europe,Rural,100.0,
2006,Malta,Europe,Urban,100.0,
2007,Malta,Europe,Rural,100.0,
2007,Malta,Europe,Urban,100.0,
2008,Malta,Europe,Rural,100.0,
2008,Malta,Europe,Urban,100.0,
2009,Malta,Europe,Rural,100.0,
2009,Malta,Europe,Urban,100.0,
2010,Malta,Europe,Rural,100.0,
2010,Malta,Europe,Urban,100.0,
2011,Malta,Europe,Rural,100.0,
2011,Malta,Europe,Urban,100.0,
2012,Malta,Europe,Rural,100.0,
2012,Malta,Europe,Urban,100.0,
2013,Malta,Europe,Rural,100.0,
2013,Malta,Europe,Urban,100.0,
2014,Malta,Europe,Rural,100.0,
2014,Malta,Europe,Urban,100.0,
2015,Malta,Europe,Rural,100.0,
2015,Malta,Europe,Urban,100.0,
2016,Malta,Europe,Rural,100.0,
2016,Malta,Europe,Urban,100.0,
2017,Malta,Europe,Rural,100.0,
2017,Malta,Europe,Urban,100.0,
2000,Marshall Islands,Western Pacific,Rural,,
2000,Marshall Islands,Western Pacific,Urban,,
2001,Marshall Islands,Western Pacific,Rural,99.26,
2001,Marshall Islands,Western Pacific,Urban,66.96743,
2002,Marshall Islands,Western Pacific,Rural,99.26,
2002,Marshall Islands,Western Pacific,Urban,66.96743,
2003,Marshall Islands,Western Pacific,Rural,99.26,
2003,Marshall Islands,Western Pacific,Urban,66.96743,
2004,Marshall Islands,Western Pacific,Rural,99.26,
2004,Marshall Islands,Western Pacific,Urban,66.96743,
2005,Marshall Islands,Western Pacific,Rural,99.26,
2005,Marshall Islands,Western Pacific,Urban,66.96743,
2006,Marshall Islands,Western Pacific,Rural,99.3,
2006,Marshall Islands,Western Pacific,Urban,68.58719,
2007,Marshall Islands,Western Pacific,Rural,99.04198,
2007,Marshall Islands,Western Pacific,Urban,70.21138,
2008,Marshall Islands,Western Pacific,Rural,98.57502,
2008,Marshall Islands,Western Pacific,Urban,71.84001,
2009,Marshall Islands,Western Pacific,Rural,98.10766,
2009,Marshall Islands,Western Pacific,Urban,73.47308,
2010,Marshall Islands,Western Pacific,Rural,97.63988,
2010,Marshall Islands,Western Pacific,Urban,75.11058,
2011,Marshall Islands,Western Pacific,Rural,97.1717,
2011,Marshall Islands,Western Pacific,Urban,76.75253,
2012,Marshall Islands,Western Pacific,Rural,96.70311,
2012,Marshall Islands,Western Pacific,Urban,78.39891,
2013,Marshall Islands,Western Pacific,Rural,96.23412,
2013,Marshall Islands,Western Pacific,Urban,80.04973,
2014,Marshall Islands,Western Pacific,Rural,95.76471,
2014,Marshall Islands,Western Pacific,Urban,81.70499,
2015,Marshall Islands,Western Pacific,Rural,95.29489,
2015,Marshall Islands,Western Pacific,Urban,83.36468,
2016,Marshall Islands,Western Pacific,Rural,94.82467,
2016,Marshall Islands,Western Pacific,Urban,85.02882,
2017,Marshall Islands,Western Pacific,Rural,94.35404,
2017,Marshall Islands,Western Pacific,Urban,86.69739,
2000,Mauritania,Africa,Rural,25.01969,
2000,Mauritania,Africa,Urban,66.96094,
2001,Mauritania,Africa,Rural,26.15722,
2001,Mauritania,Africa,Urban,67.22565,
2002,Mauritania,Africa,Rural,27.50834,
2002,Mauritania,Africa,Urban,68.54092,
2003,Mauritania,Africa,Rural,28.87725,
2003,Mauritania,Africa,Urban,69.86441,
2004,Mauritania,Africa,Rural,30.26398,
2004,Mauritania,Africa,Urban,71.19615,
2005,Mauritania,Africa,Rural,31.6685,
2005,Mauritania,Africa,Urban,72.53613,
2006,Mauritania,Africa,Rural,33.09082,
2006,Mauritania,Africa,Urban,73.88435,
2007,Mauritania,Africa,Rural,34.53095,
2007,Mauritania,Africa,Urban,75.24081,
2008,Mauritania,Africa,Rural,35.98888,
2008,Mauritania,Africa,Urban,76.60551,
2009,Mauritania,Africa,Rural,37.46461,
2009,Mauritania,Africa,Urban,77.97846,
2010,Mauritania,Africa,Rural,38.95814,
2010,Mauritania,Africa,Urban,79.35964,
2011,Mauritania,Africa,Rural,40.46947,
2011,Mauritania,Africa,Urban,80.74907,
2012,Mauritania,Africa,Rural,41.99862,
2012,Mauritania,Africa,Urban,82.14674,
2013,Mauritania,Africa,Rural,43.54556,
2013,Mauritania,Africa,Urban,83.55265,
2014,Mauritania,Africa,Rural,45.1103,
2014,Mauritania,Africa,Urban,84.9668,
2015,Mauritania,Africa,Rural,46.69284,
2015,Mauritania,Africa,Urban,86.38919,
2016,Mauritania,Africa,Rural,48.29319,
2016,Mauritania,Africa,Urban,87.81982,
2017,Mauritania,Africa,Rural,49.91134,
2017,Mauritania,Africa,Urban,89.2587,
2000,Mauritius,Africa,Rural,98.92841,
2000,Mauritius,Africa,Urban,99.75186,
2001,Mauritius,Africa,Rural,98.99759,
2001,Mauritius,Africa,Urban,99.76497,
2002,Mauritius,Africa,Rural,99.06676,
2002,Mauritius,Africa,Urban,99.77808,
2003,Mauritius,Africa,Rural,99.13593,
2003,Mauritius,Africa,Urban,99.79119,
2004,Mauritius,Africa,Rural,99.20511,
2004,Mauritius,Africa,Urban,99.80431,
2005,Mauritius,Africa,Rural,99.27428,
2005,Mauritius,Africa,Urban,99.81742,
2006,Mauritius,Africa,Rural,99.34346,
2006,Mauritius,Africa,Urban,99.83053,
2007,Mauritius,Africa,Rural,99.41264,
2007,Mauritius,Africa,Urban,99.84364,
2008,Mauritius,Africa,Rural,99.48181,
2008,Mauritius,Africa,Urban,99.85676,
2009,Mauritius,Africa,Rural,99.55098,
2009,Mauritius,Africa,Urban,99.86987,
2010,Mauritius,Africa,Rural,99.62016,
2010,Mauritius,Africa,Urban,99.88298,
2011,Mauritius,Africa,Rural,99.68933,
2011,Mauritius,Africa,Urban,99.89609,
2012,Mauritius,Africa,Rural,99.75851,
2012,Mauritius,Africa,Urban,99.9092,
2013,Mauritius,Africa,Rural,99.82768,
2013,Mauritius,Africa,Urban,99.92232,
2014,Mauritius,Africa,Rural,99.82768,
2014,Mauritius,Africa,Urban,99.92232,
2015,Mauritius,Africa,Rural,99.82768,
2015,Mauritius,Africa,Urban,99.92232,
2016,Mauritius,Africa,Rural,99.82768,
2016,Mauritius,Africa,Urban,99.92232,
2017,Mauritius,Africa,Rural,99.82768,
2017,Mauritius,Africa,Urban,99.92232,
2000,Mexico,Americas,Rural,73.13296,
2000,Mexico,Americas,Urban,94.4208,
2001,Mexico,Americas,Rural,74.7056,
2001,Mexico,Americas,Urban,94.77133,
2002,Mexico,Americas,Rural,76.29185,
2002,Mexico,Americas,Urban,95.1221,
2003,Mexico,Americas,Rural,77.89172,
2003,Mexico,Americas,Urban,95.47309,
2004,Mexico,Americas,Rural,79.50519,
2004,Mexico,Americas,Urban,95.82431,
2005,Mexico,Americas,Rural,81.13229,
2005,Mexico,Americas,Urban,96.17575,
2006,Mexico,Americas,Rural,82.77299,
2006,Mexico,Americas,Urban,96.52743,
2007,Mexico,Americas,Rural,84.42731,
2007,Mexico,Americas,Urban,96.87933,
2008,Mexico,Americas,Rural,86.0308,
2008,Mexico,Americas,Urban,97.22871,
2009,Mexico,Americas,Rural,87.20667,
2009,Mexico,Americas,Urban,97.54613,
2010,Mexico,Americas,Rural,88.38254,
2010,Mexico,Americas,Urban,97.86356,
2011,Mexico,Americas,Rural,89.5584,
2011,Mexico,Americas,Urban,98.18097,
2012,Mexico,Americas,Rural,90.73428,
2012,Mexico,Americas,Urban,98.49839,
2013,Mexico,Americas,Rural,91.91014,
2013,Mexico,Americas,Urban,98.8158,
2014,Mexico,Americas,Rural,93.08601,
2014,Mexico,Americas,Urban,99.13322,
2015,Mexico,Americas,Rural,94.26188,
2015,Mexico,Americas,Urban,99.45065,
2016,Mexico,Americas,Rural,95.43774,
2016,Mexico,Americas,Urban,99.76806,
2017,Mexico,Americas,Rural,96.61362,
2017,Mexico,Americas,Urban,100.0,
2000,Micronesia (Federated States of),Western Pacific,Rural,,
2000,Micronesia (Federated States of),Western Pacific,Urban,,
2001,Micronesia (Federated States of),Western Pacific,Rural,,
2001,Micronesia (Federated States of),Western Pacific,Urban,,
2002,Micronesia (Federated States of),Western Pacific,Rural,,
2002,Micronesia (Federated States of),Western Pacific,Urban,,
2003,Micronesia (Federated States of),Western Pacific,Rural,,
2003,Micronesia (Federated States of),Western Pacific,Urban,,
2004,Micronesia (Federated States of),Western Pacific,Rural,,
2004,Micronesia (Federated States of),Western Pacific,Urban,,
2005,Micronesia (Federated States of),Western Pacific,Rural,,
2005,Micronesia (Federated States of),Western Pacific,Urban,,
2006,Micronesia (Federated States of),Western Pacific,Rural,,
2006,Micronesia (Federated States of),Western Pacific,Urban,,
2007,Micronesia (Federated States of),Western Pacific,Rural,,
2007,Micronesia (Federated States of),Western Pacific,Urban,,
2008,Micronesia (Federated States of),Western Pacific,Rural,,
2008,Micronesia (Federated States of),Western Pacific,Urban,,
2009,Micronesia (Federated States of),Western Pacific,Rural,,
2009,Micronesia (Federated States of),Western Pacific,Urban,,
2010,Micronesia (Federated States of),Western Pacific,Rural,,
2010,Micronesia (Federated States of),Western Pacific,Urban,,
2011,Micronesia (Federated States of),Western Pacific,Rural,,
2011,Micronesia (Federated States of),Western Pacific,Urban,,
2012,Micronesia (Federated States of),Western Pacific,Rural,,
2012,Micronesia (Federated States of),Western Pacific,Urban,,
2013,Micronesia (Federated States of),Western Pacific,Rural,,
2013,Micronesia (Federated States of),Western Pacific,Urban,,
2014,Micronesia (Federated States of),Western Pacific,Rural,,
2014,Micronesia (Federated States of),Western Pacific,Urban,,
2015,Micronesia (Federated States of),Western Pacific,Rural,,
2015,Micronesia (Federated States of),Western Pacific,Urban,,
2016,Micronesia (Federated States of),Western Pacific,Rural,,
2016,Micronesia (Federated States of),Western Pacific,Urban,,
2017,Micronesia (Federated States of),Western Pacific,Rural,,
2017,Micronesia (Federated States of),Western Pacific,Urban,,
2000,Monaco,Europe,Rural,,
2000,Monaco,Europe,Urban,100.0,100.0
2001,Monaco,Europe,Rural,,
2001,Monaco,Europe,Urban,100.0,100.0
2002,Monaco,Europe,Rural,,
2002,Monaco,Europe,Urban,100.0,100.0
2003,Monaco,Europe,Rural,,
2003,Monaco,Europe,Urban,100.0,100.0
2004,Monaco,Europe,Rural,,
2004,Monaco,Europe,Urban,100.0,100.0
2005,Monaco,Europe,Rural,,
2005,Monaco,Europe,Urban,100.0,100.0
2006,Monaco,Europe,Rural,,
2006,Monaco,Europe,Urban,100.0,100.0
2007,Monaco,Europe,Rural,,
2007,Monaco,Europe,Urban,100.0,100.0
2008,Monaco,Europe,Rural,,
2008,Monaco,Europe,Urban,100.0,100.0
2009,Monaco,Europe,Rural,,
2009,Monaco,Europe,Urban,100.0,100.0
2010,Monaco,Europe,Rural,,
2010,Monaco,Europe,Urban,100.0,100.0
2011,Monaco,Europe,Rural,,
2011,Monaco,Europe,Urban,100.0,100.0
2012,Monaco,Europe,Rural,,
2012,Monaco,Europe,Urban,100.0,100.0
2013,Monaco,Europe,Rural,,
2013,Monaco,Europe,Urban,100.0,100.0
2014,Monaco,Europe,Rural,,
2014,Monaco,Europe,Urban,100.0,100.0
2015,Monaco,Europe,Rural,,
2015,Monaco,Europe,Urban,100.0,100.0
2016,Monaco,Europe,Rural,,
2016,Monaco,Europe,Urban,100.0,100.0
2017,Monaco,Europe,Rural,,
2017,Monaco,Europe,Urban,100.0,100.0
2000,Mongolia,Western Pacific,Rural,28.82148,
2000,Mongolia,Western Pacific,Urban,86.57327,
2001,Mongolia,Western Pacific,Rural,30.22339,
2001,Mongolia,Western Pacific,Urban,87.14214,
2002,Mongolia,Western Pacific,Rural,31.65395,
2002,Mongolia,Western Pacific,Urban,87.71247,
2003,Mongolia,Western Pacific,Rural,33.11315,
2003,Mongolia,Western Pacific,Urban,88.28425,
2004,Mongolia,Western Pacific,Rural,34.60101,
2004,Mongolia,Western Pacific,Urban,88.85748,
2005,Mongolia,Western Pacific,Rural,36.11752,
2005,Mongolia,Western Pacific,Urban,89.43216,
2006,Mongolia,Western Pacific,Rural,37.66267,
2006,Mongolia,Western Pacific,Urban,90.00829,
2007,Mongolia,Western Pacific,Rural,39.23648,
2007,Mongolia,Western Pacific,Urban,90.58587,
2008,Mongolia,Western Pacific,Rural,40.83894,
2008,Mongolia,Western Pacific,Urban,91.16489,
2009,Mongolia,Western Pacific,Rural,42.47005,
2009,Mongolia,Western Pacific,Urban,91.74538,
2010,Mongolia,Western Pacific,Rural,44.1298,
2010,Mongolia,Western Pacific,Urban,92.3273,
2011,Mongolia,Western Pacific,Rural,45.81821,
2011,Mongolia,Western Pacific,Urban,92.91068,
2012,Mongolia,Western Pacific,Rural,47.53527,
2012,Mongolia,Western Pacific,Urban,93.49551,
2013,Mongolia,Western Pacific,Rural,49.28097,
2013,Mongolia,Western Pacific,Urban,94.08179,
2014,Mongolia,Western Pacific,Rural,51.05533,
2014,Mongolia,Western Pacific,Urban,94.66952,
2015,Mongolia,Western Pacific,Rural,52.85834,
2015,Mongolia,Western Pacific,Urban,95.2587,
2016,Mongolia,Western Pacific,Rural,54.68999,
2016,Mongolia,Western Pacific,Urban,95.84933,
2017,Mongolia,Western Pacific,Rural,55.87467,
2017,Mongolia,Western Pacific,Urban,96.01107,
2000,Montenegro,Europe,Rural,,
2000,Montenegro,Europe,Urban,,
2001,Montenegro,Europe,Rural,,
2001,Montenegro,Europe,Urban,,
2002,Montenegro,Europe,Rural,,
2002,Montenegro,Europe,Urban,,
2003,Montenegro,Europe,Rural,,
2003,Montenegro,Europe,Urban,,
2004,Montenegro,Europe,Rural,,
2004,Montenegro,Europe,Urban,,
2005,Montenegro,Europe,Rural,,
2005,Montenegro,Europe,Urban,,
2006,Montenegro,Europe,Rural,94.24122,
2006,Montenegro,Europe,Urban,96.67732,94.98647
2007,Montenegro,Europe,Rural,94.44506,
2007,Montenegro,Europe,Urban,96.62636,94.89124
2008,Montenegro,Europe,Rural,94.64805,
2008,Montenegro,Europe,Urban,96.57513,94.79566
2009,Montenegro,Europe,Rural,94.85017,
2009,Montenegro,Europe,Urban,96.52363,94.69975
2010,Montenegro,Europe,Rural,95.05142,
2010,Montenegro,Europe,Urban,96.47186,94.60347
2011,Montenegro,Europe,Rural,95.25182,
2011,Montenegro,Europe,Urban,96.37257,94.46053
2012,Montenegro,Europe,Rural,95.45135,
2012,Montenegro,Europe,Urban,96.34286,94.38571
2013,Montenegro,Europe,Rural,95.65003,
2013,Montenegro,Europe,Urban,96.2,94.2
2014,Montenegro,Europe,Rural,96.78074,
2014,Montenegro,Europe,Urban,96.05714,94.01428
2015,Montenegro,Europe,Rural,99.27843,
2015,Montenegro,Europe,Urban,95.91428,93.82858
2016,Montenegro,Europe,Rural,99.27843,
2016,Montenegro,Europe,Urban,95.91428,93.82858
2017,Montenegro,Europe,Rural,99.27843,
2017,Montenegro,Europe,Urban,95.91428,93.82858
2000,Morocco,Eastern Mediterranean,Rural,28.33787,18.96111
2000,Morocco,Eastern Mediterranean,Urban,92.01187,86.11006
2001,Morocco,Eastern Mediterranean,Rural,30.2969,20.27191
2001,Morocco,Eastern Mediterranean,Urban,92.2002,86.28631
2002,Morocco,Eastern Mediterranean,Rural,32.65393,21.58271
2002,Morocco,Eastern Mediterranean,Urban,92.4941,86.46256
2003,Morocco,Eastern Mediterranean,Rural,35.05931,22.89352
2003,Morocco,Eastern Mediterranean,Urban,92.78844,86.63881
2004,Morocco,Eastern Mediterranean,Rural,37.51304,24.20432
2004,Morocco,Eastern Mediterranean,Urban,93.08321,86.81506
2005,Morocco,Eastern Mediterranean,Rural,40.01511,25.51512
2005,Morocco,Eastern Mediterranean,Urban,93.37841,86.9913
2006,Morocco,Eastern Mediterranean,Rural,42.56552,26.82593
2006,Morocco,Eastern Mediterranean,Urban,93.67404,87.16755
2007,Morocco,Eastern Mediterranean,Rural,45.16428,28.13673
2007,Morocco,Eastern Mediterranean,Urban,93.9701,87.3438
2008,Morocco,Eastern Mediterranean,Rural,47.81139,29.44753
2008,Morocco,Eastern Mediterranean,Urban,94.26659,87.52004
2009,Morocco,Eastern Mediterranean,Rural,50.50684,30.75833
2009,Morocco,Eastern Mediterranean,Urban,94.56351,87.69629
2010,Morocco,Eastern Mediterranean,Rural,53.25063,32.06914
2010,Morocco,Eastern Mediterranean,Urban,94.86086,87.87254
2011,Morocco,Eastern Mediterranean,Rural,56.04277,33.37994
2011,Morocco,Eastern Mediterranean,Urban,95.15864,88.04878
2012,Morocco,Eastern Mediterranean,Rural,58.88325,34.69074
2012,Morocco,Eastern Mediterranean,Urban,95.45686,88.22503
2013,Morocco,Eastern Mediterranean,Rural,61.77208,36.00154
2013,Morocco,Eastern Mediterranean,Urban,95.75549,88.40128
2014,Morocco,Eastern Mediterranean,Rural,64.70925,37.31235
2014,Morocco,Eastern Mediterranean,Urban,96.05457,88.57753
2015,Morocco,Eastern Mediterranean,Rural,67.69477,38.62315
2015,Morocco,Eastern Mediterranean,Urban,96.35407,88.75378
2016,Morocco,Eastern Mediterranean,Rural,70.72864,39.93395
2016,Morocco,Eastern Mediterranean,Urban,96.654,88.93002
2017,Morocco,Eastern Mediterranean,Rural,70.72864,39.93395
2017,Morocco,Eastern Mediterranean,Urban,96.654,88.93002
2000,Mozambique,Africa,Rural,4.08262,
2000,Mozambique,Africa,Urban,58.42983,
2001,Mozambique,Africa,Rural,6.07505,
2001,Mozambique,Africa,Urban,58.42983,
2002,Mozambique,Africa,Rural,8.09406,
2002,Mozambique,Africa,Urban,60.02827,
2003,Mozambique,Africa,Rural,10.12621,
2003,Mozambique,Africa,Urban,61.62956,
2004,Mozambique,Africa,Rural,12.17149,
2004,Mozambique,Africa,Urban,63.23369,
2005,Mozambique,Africa,Rural,14.22989,
2005,Mozambique,Africa,Urban,64.84067,
2006,Mozambique,Africa,Rural,16.30143,
2006,Mozambique,Africa,Urban,66.45049,
2007,Mozambique,Africa,Rural,18.3861,
2007,Mozambique,Africa,Urban,68.06316,
2008,Mozambique,Africa,Rural,20.4839,
2008,Mozambique,Africa,Urban,69.67867,
2009,Mozambique,Africa,Rural,22.59483,
2009,Mozambique,Africa,Urban,71.29704,
2010,Mozambique,Africa,Rural,24.71889,
2010,Mozambique,Africa,Urban,72.91825,
2011,Mozambique,Africa,Rural,26.85609,
2011,Mozambique,Africa,Urban,74.5423,
2012,Mozambique,Africa,Rural,29.00641,
2012,Mozambique,Africa,Urban,76.1692,
2013,Mozambique,Africa,Rural,31.16987,
2013,Mozambique,Africa,Urban,77.79895,
2014,Mozambique,Africa,Rural,33.34645,
2014,Mozambique,Africa,Urban,79.43155,
2015,Mozambique,Africa,Rural,35.53617,
2015,Mozambique,Africa,Urban,81.06699,
2016,Mozambique,Africa,Rural,37.73902,
2016,Mozambique,Africa,Urban,82.70528,
2017,Mozambique,Africa,Rural,39.955,
2017,Mozambique,Africa,Urban,84.34641,
2000,Myanmar,South-East Asia,Rural,38.05727,
2000,Myanmar,South-East Asia,Urban,68.43878,
2001,Myanmar,South-East Asia,Rural,40.21646,
2001,Myanmar,South-East Asia,Urban,69.95097,
2002,Myanmar,South-East Asia,Rural,42.42727,
2002,Myanmar,South-East Asia,Urban,71.47679,
2003,Myanmar,South-East Asia,Rural,44.6897,
2003,Myanmar,South-East Asia,Urban,73.01622,
2004,Myanmar,South-East Asia,Rural,47.00377,
2004,Myanmar,South-East Asia,Urban,74.56927,
2005,Myanmar,South-East Asia,Rural,49.36945,
2005,Myanmar,South-East Asia,Urban,76.13593,
2006,Myanmar,South-East Asia,Rural,51.78677,
2006,Myanmar,South-East Asia,Urban,77.71622,
2007,Myanmar,South-East Asia,Rural,54.25571,
2007,Myanmar,South-East Asia,Urban,79.31013,
2008,Myanmar,South-East Asia,Rural,56.77628,
2008,Myanmar,South-East Asia,Urban,80.91765,
2009,Myanmar,South-East Asia,Rural,59.34848,
2009,Myanmar,South-East Asia,Urban,82.53879,
2010,Myanmar,South-East Asia,Rural,61.9723,
2010,Myanmar,South-East Asia,Urban,84.17355,
2011,Myanmar,South-East Asia,Rural,64.64775,
2011,Myanmar,South-East Asia,Urban,85.82193,
2012,Myanmar,South-East Asia,Rural,67.37482,
2012,Myanmar,South-East Asia,Urban,87.48392,
2013,Myanmar,South-East Asia,Rural,70.15353,
2013,Myanmar,South-East Asia,Urban,89.15955,
2014,Myanmar,South-East Asia,Rural,72.98386,
2014,Myanmar,South-East Asia,Urban,90.84878,
2015,Myanmar,South-East Asia,Rural,74.81596,
2015,Myanmar,South-East Asia,Urban,91.8928,
2016,Myanmar,South-East Asia,Rural,75.86094,
2016,Myanmar,South-East Asia,Urban,92.42675,
2017,Myanmar,South-East Asia,Rural,76.90591,
2017,Myanmar,South-East Asia,Urban,92.9607,
2000,Namibia,Africa,Rural,66.46703,
2000,Namibia,Africa,Urban,97.98203,
2001,Namibia,Africa,Rural,66.62943,
2001,Namibia,Africa,Urban,97.88984,
2002,Namibia,Africa,Rural,66.79175,
2002,Namibia,Africa,Urban,97.79759,
2003,Namibia,Africa,Rural,66.95396,
2003,Namibia,Africa,Urban,97.70531,
2004,Namibia,Africa,Rural,67.11609,
2004,Namibia,Africa,Urban,97.61297,
2005,Namibia,Africa,Rural,67.27812,
2005,Namibia,Africa,Urban,97.52058,
2006,Namibia,Africa,Rural,67.44006,
2006,Namibia,Africa,Urban,97.42815,
2007,Namibia,Africa,Rural,67.60191,
2007,Namibia,Africa,Urban,97.33566,
2008,Namibia,Africa,Rural,67.76365,
2008,Namibia,Africa,Urban,97.24313,
2009,Namibia,Africa,Rural,67.9253,
2009,Namibia,Africa,Urban,97.15056,
2010,Namibia,Africa,Rural,68.08686,
2010,Namibia,Africa,Urban,97.05793,
2011,Namibia,Africa,Rural,68.24833,
2011,Namibia,Africa,Urban,96.96526,
2012,Namibia,Africa,Rural,68.4097,
2012,Namibia,Africa,Urban,96.87254,
2013,Namibia,Africa,Rural,68.57098,
2013,Namibia,Africa,Urban,96.77976,
2014,Namibia,Africa,Rural,68.73215,
2014,Namibia,Africa,Urban,96.68695,
2015,Namibia,Africa,Rural,68.89324,
2015,Namibia,Africa,Urban,96.59408,
2016,Namibia,Africa,Rural,69.05423,
2016,Namibia,Africa,Urban,96.50117,
2017,Namibia,Africa,Rural,69.21513,
2017,Namibia,Africa,Urban,96.40821,
2000,Nauru,Western Pacific,Rural,,
2000,Nauru,Western Pacific,Urban,95.76962,
2001,Nauru,Western Pacific,Rural,,
2001,Nauru,Western Pacific,Urban,96.01731,
2002,Nauru,Western Pacific,Rural,,
2002,Nauru,Western Pacific,Urban,96.265,
2003,Nauru,Western Pacific,Rural,,
2003,Nauru,Western Pacific,Urban,96.51269,
2004,Nauru,Western Pacific,Rural,,
2004,Nauru,Western Pacific,Urban,96.76038,
2005,Nauru,Western Pacific,Rural,,
2005,Nauru,Western Pacific,Urban,97.00806,
2006,Nauru,Western Pacific,Rural,,
2006,Nauru,Western Pacific,Urban,97.25574,
2007,Nauru,Western Pacific,Rural,,
2007,Nauru,Western Pacific,Urban,97.50343,
2008,Nauru,Western Pacific,Rural,,
2008,Nauru,Western Pacific,Urban,97.75112,
2009,Nauru,Western Pacific,Rural,,
2009,Nauru,Western Pacific,Urban,97.99881,
2010,Nauru,Western Pacific,Rural,,
2010,Nauru,Western Pacific,Urban,98.2465,
2011,Nauru,Western Pacific,Rural,,
2011,Nauru,Western Pacific,Urban,98.49419,
2012,Nauru,Western Pacific,Rural,,
2012,Nauru,Western Pacific,Urban,98.74187,
2013,Nauru,Western Pacific,Rural,,
2013,Nauru,Western Pacific,Urban,98.98956,
2014,Nauru,Western Pacific,Rural,,
2014,Nauru,Western Pacific,Urban,99.23724,
2015,Nauru,Western Pacific,Rural,,
2015,Nauru,Western Pacific,Urban,99.48493,
2016,Nauru,Western Pacific,Rural,,
2016,Nauru,Western Pacific,Urban,99.48493,
2017,Nauru,Western Pacific,Rural,,
2017,Nauru,Western Pacific,Urban,99.48493,
2000,Nepal,South-East Asia,Rural,77.97713,22.22516
2000,Nepal,South-East Asia,Urban,92.97999,34.93801
2001,Nepal,South-East Asia,Rural,78.61756,22.42336
2001,Nepal,South-East Asia,Urban,92.75226,34.88999
2002,Nepal,South-East Asia,Rural,79.25702,22.62156
2002,Nepal,South-East Asia,Urban,92.5248,34.84197
2003,Nepal,South-East Asia,Rural,79.8955,22.81976
2003,Nepal,South-East Asia,Urban,92.29763,34.79395
2004,Nepal,South-East Asia,Rural,80.53301,23.01796
2004,Nepal,South-East Asia,Urban,92.07072,34.74593
2005,Nepal,South-East Asia,Rural,81.16955,23.21616
2005,Nepal,South-East Asia,Urban,91.84409,34.69791
2006,Nepal,South-East Asia,Rural,81.80511,23.41435
2006,Nepal,South-East Asia,Urban,91.61774,34.64989
2007,Nepal,South-East Asia,Rural,82.43971,23.61255
2007,Nepal,South-East Asia,Urban,91.39166,34.60187
2008,Nepal,South-East Asia,Rural,83.07333,23.81075
2008,Nepal,South-East Asia,Urban,91.16586,34.55385
2009,Nepal,South-East Asia,Rural,83.70599,24.00895
2009,Nepal,South-East Asia,Urban,90.94033,34.50583
2010,Nepal,South-East Asia,Rural,84.33767,24.20715
2010,Nepal,South-East Asia,Urban,90.71508,34.45781
2011,Nepal,South-East Asia,Rural,84.96838,24.40535
2011,Nepal,South-East Asia,Urban,90.4901,34.40979
2012,Nepal,South-East Asia,Rural,85.59812,24.60355
2012,Nepal,South-East Asia,Urban,90.2654,34.36177
2013,Nepal,South-East Asia,Rural,86.22689,24.80175
2013,Nepal,South-East Asia,Urban,90.04097,34.31375
2014,Nepal,South-East Asia,Rural,86.85468,24.99995
2014,Nepal,South-East Asia,Urban,89.81682,34.26573
2015,Nepal,South-East Asia,Rural,87.48151,25.19815
2015,Nepal,South-East Asia,Urban,89.59294,34.21771
2016,Nepal,South-East Asia,Rural,88.10736,25.39635
2016,Nepal,South-East Asia,Urban,89.36934,34.16969
2017,Nepal,South-East Asia,Rural,88.73224,25.59455
2017,Nepal,South-East Asia,Urban,89.14601,34.12167
2000,Netherlands,Europe,Rural,100.0,
2000,Netherlands,Europe,Urban,100.0,
2001,Netherlands,Europe,Rural,100.0,
2001,Netherlands,Europe,Urban,100.0,
2002,Netherlands,Europe,Rural,100.0,
2002,Netherlands,Europe,Urban,100.0,
2003,Netherlands,Europe,Rural,100.0,
2003,Netherlands,Europe,Urban,100.0,
2004,Netherlands,Europe,Rural,100.0,
2004,Netherlands,Europe,Urban,100.0,
2005,Netherlands,Europe,Rural,100.0,
2005,Netherlands,Europe,Urban,100.0,
2006,Netherlands,Europe,Rural,100.0,
2006,Netherlands,Europe,Urban,100.0,
2007,Netherlands,Europe,Rural,100.0,
2007,Netherlands,Europe,Urban,100.0,
2008,Netherlands,Europe,Rural,100.0,
2008,Netherlands,Europe,Urban,100.0,
2009,Netherlands,Europe,Rural,100.0,
2009,Netherlands,Europe,Urban,100.0,
2010,Netherlands,Europe,Rural,100.0,
2010,Netherlands,Europe,Urban,100.0,
2011,Netherlands,Europe,Rural,100.0,
2011,Netherlands,Europe,Urban,100.0,
2012,Netherlands,Europe,Rural,100.0,
2012,Netherlands,Europe,Urban,100.0,
2013,Netherlands,Europe,Rural,100.0,
2013,Netherlands,Europe,Urban,100.0,
2014,Netherlands,Europe,Rural,100.0,
2014,Netherlands,Europe,Urban,100.0,
2015,Netherlands,Europe,Rural,100.0,
2015,Netherlands,Europe,Urban,100.0,
2016,Netherlands,Europe,Rural,100.0,
2016,Netherlands,Europe,Urban,100.0,
2017,Netherlands,Europe,Rural,100.0,
2017,Netherlands,Europe,Urban,100.0,
2000,New Zealand,Western Pacific,Rural,100.0,
2000,New Zealand,Western Pacific,Urban,100.0,
2001,New Zealand,Western Pacific,Rural,100.0,
2001,New Zealand,Western Pacific,Urban,100.0,
2002,New Zealand,Western Pacific,Rural,100.0,
2002,New Zealand,Western Pacific,Urban,100.0,
2003,New Zealand,Western Pacific,Rural,100.0,
2003,New Zealand,Western Pacific,Urban,100.0,
2004,New Zealand,Western Pacific,Rural,100.0,
2004,New Zealand,Western Pacific,Urban,100.0,
2005,New Zealand,Western Pacific,Rural,100.0,
2005,New Zealand,Western Pacific,Urban,100.0,
2006,New Zealand,Western Pacific,Rural,100.0,
2006,New Zealand,Western Pacific,Urban,100.0,
2007,New Zealand,Western Pacific,Rural,100.0,
2007,New Zealand,Western Pacific,Urban,100.0,
2008,New Zealand,Western Pacific,Rural,100.0,
2008,New Zealand,Western Pacific,Urban,100.0,
2009,New Zealand,Western Pacific,Rural,100.0,
2009,New Zealand,Western Pacific,Urban,100.0,
2010,New Zealand,Western Pacific,Rural,100.0,
2010,New Zealand,Western Pacific,Urban,100.0,
2011,New Zealand,Western Pacific,Rural,100.0,
2011,New Zealand,Western Pacific,Urban,100.0,
2012,New Zealand,Western Pacific,Rural,100.0,
2012,New Zealand,Western Pacific,Urban,100.0,
2013,New Zealand,Western Pacific,Rural,100.0,
2013,New Zealand,Western Pacific,Urban,100.0,
2014,New Zealand,Western Pacific,Rural,100.0,
2014,New Zealand,Western Pacific,Urban,100.0,
2015,New Zealand,Western Pacific,Rural,100.0,
2015,New Zealand,Western Pacific,Urban,100.0,
2016,New Zealand,Western Pacific,Rural,100.0,
2016,New Zealand,Western Pacific,Urban,100.0,
2017,New Zealand,Western Pacific,Rural,100.0,
2017,New Zealand,Western Pacific,Urban,100.0,
2000,Nicaragua,Americas,Rural,63.36669,26.16187
2000,Nicaragua,Americas,Urban,95.7132,66.20507
2001,Nicaragua,Americas,Rural,63.10551,27.84222
2001,Nicaragua,Americas,Urban,95.82941,66.2804
2002,Nicaragua,Americas,Rural,62.84487,29.51639
2002,Nicaragua,Americas,Urban,95.94564,66.35573
2003,Nicaragua,Americas,Rural,62.58475,30.20335
2003,Nicaragua,Americas,Urban,96.06189,66.43105
2004,Nicaragua,Americas,Rural,62.32516,30.14909
2004,Nicaragua,Americas,Urban,96.17815,66.50639
2005,Nicaragua,Americas,Rural,62.0661,30.09483
2005,Nicaragua,Americas,Urban,96.29444,66.58172
2006,Nicaragua,Americas,Rural,61.80758,30.04057
2006,Nicaragua,Americas,Urban,96.41074,66.65704
2007,Nicaragua,Americas,Rural,61.54958,29.98631
2007,Nicaragua,Americas,Urban,96.52705,66.73238
2008,Nicaragua,Americas,Rural,61.29211,29.93205
2008,Nicaragua,Americas,Urban,96.64338,66.80771
2009,Nicaragua,Americas,Rural,61.03517,29.8778
2009,Nicaragua,Americas,Urban,96.75973,66.88303
2010,Nicaragua,Americas,Rural,60.77876,29.82354
2010,Nicaragua,Americas,Urban,96.8761,66.95837
2011,Nicaragua,Americas,Rural,60.52288,29.76928
2011,Nicaragua,Americas,Urban,96.99248,67.03369
2012,Nicaragua,Americas,Rural,60.26753,29.71502
2012,Nicaragua,Americas,Urban,97.10888,67.10902
2013,Nicaragua,Americas,Rural,60.01271,29.66076
2013,Nicaragua,Americas,Urban,97.22529,67.18436
2014,Nicaragua,Americas,Rural,59.75842,29.6065
2014,Nicaragua,Americas,Urban,97.34172,67.25968
2015,Nicaragua,Americas,Rural,59.50466,29.55224
2015,Nicaragua,Americas,Urban,97.45074,67.33501
2016,Nicaragua,Americas,Rural,59.25143,29.49799
2016,Nicaragua,Americas,Urban,97.55976,67.41034
2017,Nicaragua,Americas,Rural,59.10744,29.49799
2017,Nicaragua,Americas,Urban,97.55976,67.41034
2000,Niger,Africa,Rural,24.4117,
2000,Niger,Africa,Urban,93.90975,
2001,Niger,Africa,Rural,25.66976,
2001,Niger,Africa,Urban,93.34193,
2002,Niger,Africa,Rural,26.91183,
2002,Niger,Africa,Urban,92.77438,
2003,Niger,Africa,Rural,28.13791,
2003,Niger,Africa,Urban,92.20708,
2004,Niger,Africa,Rural,29.348,
2004,Niger,Africa,Urban,91.64005,
2005,Niger,Africa,Rural,30.54209,
2005,Niger,Africa,Urban,91.07328,
2006,Niger,Africa,Rural,31.72019,
2006,Niger,Africa,Urban,90.50677,
2007,Niger,Africa,Rural,32.8823,
2007,Niger,Africa,Urban,89.94052,
2008,Niger,Africa,Rural,34.02841,
2008,Niger,Africa,Urban,89.37453,
2009,Niger,Africa,Rural,35.15853,
2009,Niger,Africa,Urban,88.80881,
2010,Niger,Africa,Rural,36.27266,
2010,Niger,Africa,Urban,88.24335,
2011,Niger,Africa,Rural,37.37079,
2011,Niger,Africa,Urban,87.67815,
2012,Niger,Africa,Rural,38.45293,
2012,Niger,Africa,Urban,87.1132,
2013,Niger,Africa,Rural,39.51908,
2013,Niger,Africa,Urban,86.54852,
2014,Niger,Africa,Rural,40.56923,
2014,Niger,Africa,Urban,85.98411,
2015,Niger,Africa,Rural,41.60339,
2015,Niger,Africa,Urban,85.41995,
2016,Niger,Africa,Rural,42.62156,
2016,Niger,Africa,Urban,84.85606,
2017,Niger,Africa,Rural,43.62373,
2017,Niger,Africa,Urban,84.29243,
2000,Nigeria,Africa,Rural,34.87521,11.0769
2000,Nigeria,Africa,Urban,72.98023,23.43227
2001,Nigeria,Africa,Rural,36.04023,11.44693
2001,Nigeria,Africa,Urban,73.20161,23.50335
2002,Nigeria,Africa,Rural,37.24405,11.7465
2002,Nigeria,Africa,Urban,74.06419,23.57443
2003,Nigeria,Africa,Rural,38.4503,12.04165
2003,Nigeria,Africa,Urban,74.93065,23.64551
2004,Nigeria,Africa,Rural,39.65898,12.33239
2004,Nigeria,Africa,Urban,75.80097,23.71659
2005,Nigeria,Africa,Rural,40.87009,12.61871
2005,Nigeria,Africa,Urban,76.67516,23.78767
2006,Nigeria,Africa,Rural,42.08363,12.90062
2006,Nigeria,Africa,Urban,77.55321,23.85875
2007,Nigeria,Africa,Rural,43.29959,13.17812
2007,Nigeria,Africa,Urban,78.43513,23.92983
2008,Nigeria,Africa,Rural,44.51799,13.45121
2008,Nigeria,Africa,Urban,79.32092,24.00091
2009,Nigeria,Africa,Rural,45.73882,13.71988
2009,Nigeria,Africa,Urban,80.21056,24.07199
2010,Nigeria,Africa,Rural,46.96207,13.98414
2010,Nigeria,Africa,Urban,81.10409,24.14307
2011,Nigeria,Africa,Rural,48.18776,14.24399
2011,Nigeria,Africa,Urban,82.00147,24.21415
2012,Nigeria,Africa,Rural,49.41588,14.49942
2012,Nigeria,Africa,Urban,82.90273,24.28523
2013,Nigeria,Africa,Rural,50.64642,14.75044
2013,Nigeria,Africa,Urban,83.80784,24.35631
2014,Nigeria,Africa,Rural,51.8794,14.99705
2014,Nigeria,Africa,Urban,84.71683,24.42739
2015,Nigeria,Africa,Rural,53.1148,15.23925
2015,Nigeria,Africa,Urban,85.62968,24.49847
2016,Nigeria,Africa,Rural,54.35264,15.47703
2016,Nigeria,Africa,Urban,86.5464,24.56955
2017,Nigeria,Africa,Rural,55.59291,15.7104
2017,Nigeria,Africa,Urban,87.46699,24.64063
2000,Niue,Western Pacific,Rural,,
2000,Niue,Western Pacific,Urban,,
2001,Niue,Western Pacific,Rural,,
2001,Niue,Western Pacific,Urban,,
2002,Niue,Western Pacific,Rural,,
2002,Niue,Western Pacific,Urban,,
2003,Niue,Western Pacific,Rural,,
2003,Niue,Western Pacific,Urban,,
2004,Niue,Western Pacific,Rural,,
2004,Niue,Western Pacific,Urban,,
2005,Niue,Western Pacific,Rural,,
2005,Niue,Western Pacific,Urban,,
2006,Niue,Western Pacific,Rural,,
2006,Niue,Western Pacific,Urban,,
2007,Niue,Western Pacific,Rural,,
2007,Niue,Western Pacific,Urban,,
2008,Niue,Western Pacific,Rural,,
2008,Niue,Western Pacific,Urban,,
2009,Niue,Western Pacific,Rural,,
2009,Niue,Western Pacific,Urban,,
2010,Niue,Western Pacific,Rural,,
2010,Niue,Western Pacific,Urban,,
2011,Niue,Western Pacific,Rural,,
2011,Niue,Western Pacific,Urban,,
2012,Niue,Western Pacific,Rural,,
2012,Niue,Western Pacific,Urban,,
2013,Niue,Western Pacific,Rural,,
2013,Niue,Western Pacific,Urban,,
2014,Niue,Western Pacific,Rural,,
2014,Niue,Western Pacific,Urban,,
2015,Niue,Western Pacific,Rural,,
2015,Niue,Western Pacific,Urban,,
2016,Niue,Western Pacific,Rural,,
2016,Niue,Western Pacific,Urban,,
2017,Niue,Western Pacific,Rural,,
2017,Niue,Western Pacific,Urban,,
2000,Norway,Europe,Rural,100.0,
2000,Norway,Europe,Urban,100.0,
2001,Norway,Europe,Rural,100.0,
2001,Norway,Europe,Urban,100.0,
2002,Norway,Europe,Rural,100.0,
2002,Norway,Europe,Urban,100.0,
2003,Norway,Europe,Rural,100.0,
2003,Norway,Europe,Urban,100.0,
2004,Norway,Europe,Rural,100.0,
2004,Norway,Europe,Urban,100.0,
2005,Norway,Europe,Rural,100.0,
2005,Norway,Europe,Urban,100.0,
2006,Norway,Europe,Rural,100.0,
2006,Norway,Europe,Urban,100.0,
2007,Norway,Europe,Rural,100.0,
2007,Norway,Europe,Urban,100.0,
2008,Norway,Europe,Rural,100.0,
2008,Norway,Europe,Urban,100.0,
2009,Norway,Europe,Rural,100.0,
2009,Norway,Europe,Urban,100.0,
2010,Norway,Europe,Rural,100.0,
2010,Norway,Europe,Urban,100.0,
2011,Norway,Europe,Rural,100.0,
2011,Norway,Europe,Urban,100.0,
2012,Norway,Europe,Rural,100.0,
2012,Norway,Europe,Urban,100.0,
2013,Norway,Europe,Rural,100.0,
2013,Norway,Europe,Urban,100.0,
2014,Norway,Europe,Rural,100.0,
2014,Norway,Europe,Urban,100.0,
2015,Norway,Europe,Rural,100.0,
2015,Norway,Europe,Urban,100.0,
2016,Norway,Europe,Rural,100.0,
2016,Norway,Europe,Urban,100.0,
2017,Norway,Europe,Rural,100.0,
2017,Norway,Europe,Urban,100.0,
2000,Oman,Eastern Mediterranean,Rural,,
2000,Oman,Eastern Mediterranean,Urban,,
2001,Oman,Eastern Mediterranean,Rural,56.17762,
2001,Oman,Eastern Mediterranean,Urban,84.35632,
2002,Oman,Eastern Mediterranean,Rural,56.17762,
2002,Oman,Eastern Mediterranean,Urban,84.35632,
2003,Oman,Eastern Mediterranean,Rural,56.17762,
2003,Oman,Eastern Mediterranean,Urban,84.35632,
2004,Oman,Eastern Mediterranean,Rural,56.17762,
2004,Oman,Eastern Mediterranean,Urban,84.35632,
2005,Oman,Eastern Mediterranean,Rural,56.17762,
2005,Oman,Eastern Mediterranean,Urban,84.35632,
2006,Oman,Eastern Mediterranean,Rural,58.42595,
2006,Oman,Eastern Mediterranean,Urban,85.43187,
2007,Oman,Eastern Mediterranean,Rural,60.67427,
2007,Oman,Eastern Mediterranean,Urban,86.50743,
2008,Oman,Eastern Mediterranean,Rural,62.92259,
2008,Oman,Eastern Mediterranean,Urban,87.58298,
2009,Oman,Eastern Mediterranean,Rural,65.17091,
2009,Oman,Eastern Mediterranean,Urban,88.65855,
2010,Oman,Eastern Mediterranean,Rural,67.41924,
2010,Oman,Eastern Mediterranean,Urban,89.7341,
2011,Oman,Eastern Mediterranean,Rural,69.66756,
2011,Oman,Eastern Mediterranean,Urban,90.80966,
2012,Oman,Eastern Mediterranean,Rural,71.91588,
2012,Oman,Eastern Mediterranean,Urban,91.88522,
2013,Oman,Eastern Mediterranean,Rural,74.1642,
2013,Oman,Eastern Mediterranean,Urban,92.96078,
2014,Oman,Eastern Mediterranean,Rural,76.41253,
2014,Oman,Eastern Mediterranean,Urban,94.03634,
2015,Oman,Eastern Mediterranean,Rural,77.9,
2015,Oman,Eastern Mediterranean,Urban,94.7,
2016,Oman,Eastern Mediterranean,Rural,77.9,
2016,Oman,Eastern Mediterranean,Urban,94.7,
2017,Oman,Eastern Mediterranean,Rural,77.9,
2017,Oman,Eastern Mediterranean,Urban,94.7,
2000,Pakistan,Eastern Mediterranean,Rural,81.49213,31.59423
2000,Pakistan,Eastern Mediterranean,Urban,95.14976,50.59792
2001,Pakistan,Eastern Mediterranean,Rural,81.64903,31.65506
2001,Pakistan,Eastern Mediterranean,Urban,94.92918,50.48063
2002,Pakistan,Eastern Mediterranean,Rural,82.1537,31.71589
2002,Pakistan,Eastern Mediterranean,Urban,94.89149,50.36333
2003,Pakistan,Eastern Mediterranean,Rural,82.6597,31.77673
2003,Pakistan,Eastern Mediterranean,Urban,94.85297,50.24603
2004,Pakistan,Eastern Mediterranean,Rural,83.16703,31.83756
2004,Pakistan,Eastern Mediterranean,Urban,94.81358,50.12873
2005,Pakistan,Eastern Mediterranean,Rural,83.6757,31.89839
2005,Pakistan,Eastern Mediterranean,Urban,94.77335,49.33035
2006,Pakistan,Eastern Mediterranean,Rural,84.1857,31.95922
2006,Pakistan,Eastern Mediterranean,Urban,94.73226,48.53516
2007,Pakistan,Eastern Mediterranean,Rural,84.69703,32.02005
2007,Pakistan,Eastern Mediterranean,Urban,94.69032,47.74316
2008,Pakistan,Eastern Mediterranean,Rural,85.2097,32.08089
2008,Pakistan,Eastern Mediterranean,Urban,94.64754,46.95436
2009,Pakistan,Eastern Mediterranean,Rural,85.7237,32.14172
2009,Pakistan,Eastern Mediterranean,Urban,94.6039,46.16875
2010,Pakistan,Eastern Mediterranean,Rural,86.23904,32.20255
2010,Pakistan,Eastern Mediterranean,Urban,94.5594,45.38634
2011,Pakistan,Eastern Mediterranean,Rural,86.75571,32.26338
2011,Pakistan,Eastern Mediterranean,Urban,94.51405,44.60712
2012,Pakistan,Eastern Mediterranean,Rural,87.27371,32.32421
2012,Pakistan,Eastern Mediterranean,Urban,94.46786,43.8311
2013,Pakistan,Eastern Mediterranean,Rural,87.79305,32.38505
2013,Pakistan,Eastern Mediterranean,Urban,94.42081,43.05827
2014,Pakistan,Eastern Mediterranean,Rural,88.31372,32.44588
2014,Pakistan,Eastern Mediterranean,Urban,94.3729,42.28864
2015,Pakistan,Eastern Mediterranean,Rural,88.83573,32.50671
2015,Pakistan,Eastern Mediterranean,Urban,94.32415,41.5222
2016,Pakistan,Eastern Mediterranean,Rural,89.35907,32.56754
2016,Pakistan,Eastern Mediterranean,Urban,94.27454,40.75896
2017,Pakistan,Eastern Mediterranean,Rural,89.88374,32.62838
2017,Pakistan,Eastern Mediterranean,Urban,94.22408,39.99891
2000,Palau,Western Pacific,Rural,78.04351,
2000,Palau,Western Pacific,Urban,96.00674,
2001,Palau,Western Pacific,Rural,78.04351,
2001,Palau,Western Pacific,Urban,96.00674,
2002,Palau,Western Pacific,Rural,78.04351,
2002,Palau,Western Pacific,Urban,96.00674,
2003,Palau,Western Pacific,Rural,78.04351,
2003,Palau,Western Pacific,Urban,96.00674,
2004,Palau,Western Pacific,Rural,79.76682,
2004,Palau,Western Pacific,Urban,96.36977,
2005,Palau,Western Pacific,Rural,81.49014,
2005,Palau,Western Pacific,Urban,96.73279,
2006,Palau,Western Pacific,Rural,83.21346,
2006,Palau,Western Pacific,Urban,97.09581,
2007,Palau,Western Pacific,Rural,84.93678,
2007,Palau,Western Pacific,Urban,97.45884,
2008,Palau,Western Pacific,Rural,86.6601,
2008,Palau,Western Pacific,Urban,97.82186,
2009,Palau,Western Pacific,Rural,88.38342,
2009,Palau,Western Pacific,Urban,98.18488,
2010,Palau,Western Pacific,Rural,90.10673,
2010,Palau,Western Pacific,Urban,98.5479,
2011,Palau,Western Pacific,Rural,91.83005,
2011,Palau,Western Pacific,Urban,98.91093,
2012,Palau,Western Pacific,Rural,93.55337,
2012,Palau,Western Pacific,Urban,99.27396,
2013,Palau,Western Pacific,Rural,95.27668,
2013,Palau,Western Pacific,Urban,99.63698,
2014,Palau,Western Pacific,Rural,97.0,
2014,Palau,Western Pacific,Urban,100.0,
2015,Palau,Western Pacific,Rural,98.72332,
2015,Palau,Western Pacific,Urban,100.0,
2016,Palau,Western Pacific,Rural,100.0,
2016,Palau,Western Pacific,Urban,100.0,
2017,Palau,Western Pacific,Rural,100.0,
2017,Palau,Western Pacific,Urban,100.0,
2000,Panama,Americas,Rural,74.51039,
2000,Panama,Americas,Urban,96.56627,
2001,Panama,Americas,Rural,75.70317,
2001,Panama,Americas,Urban,96.78757,
2002,Panama,Americas,Rural,76.84623,
2002,Panama,Americas,Urban,97.00887,
2003,Panama,Americas,Rural,77.91996,
2003,Panama,Americas,Urban,97.23016,
2004,Panama,Americas,Rural,78.99007,
2004,Panama,Americas,Urban,97.38926,
2005,Panama,Americas,Rural,80.05658,
2005,Panama,Americas,Urban,97.41083,
2006,Panama,Americas,Rural,81.11947,
2006,Panama,Americas,Urban,97.43149,
2007,Panama,Americas,Rural,82.17875,
2007,Panama,Americas,Urban,97.45125,
2008,Panama,Americas,Rural,83.23441,
2008,Panama,Americas,Urban,97.47011,
2009,Panama,Americas,Rural,84.28646,
2009,Panama,Americas,Urban,97.48806,
2010,Panama,Americas,Rural,85.3349,
2010,Panama,Americas,Urban,97.5051,
2011,Panama,Americas,Rural,86.37972,
2011,Panama,Americas,Urban,97.52125,
2012,Panama,Americas,Rural,87.42094,
2012,Panama,Americas,Urban,97.53648,
2013,Panama,Americas,Rural,88.45853,
2013,Panama,Americas,Urban,97.55082,
2014,Panama,Americas,Rural,89.49252,
2014,Panama,Americas,Urban,97.61304,
2015,Panama,Americas,Rural,90.52289,
2015,Panama,Americas,Urban,97.97679,
2016,Panama,Americas,Rural,91.69141,
2016,Panama,Americas,Urban,98.08889,
2017,Panama,Americas,Rural,92.85992,
2017,Panama,Americas,Urban,98.08889,
2000,Papua New Guinea,Western Pacific,Rural,26.53674,
2000,Papua New Guinea,Western Pacific,Urban,83.06234,
2001,Papua New Guinea,Western Pacific,Rural,26.53674,
2001,Papua New Guinea,Western Pacific,Urban,83.06234,
2002,Papua New Guinea,Western Pacific,Rural,26.53674,
2002,Papua New Guinea,Western Pacific,Urban,83.06234,
2003,Papua New Guinea,Western Pacific,Rural,26.53674,
2003,Papua New Guinea,Western Pacific,Urban,83.06234,
2004,Papua New Guinea,Western Pacific,Rural,26.53674,
2004,Papua New Guinea,Western Pacific,Urban,83.06234,
2005,Papua New Guinea,Western Pacific,Rural,27.15906,
2005,Papua New Guinea,Western Pacific,Urban,83.27026,
2006,Papua New Guinea,Western Pacific,Rural,27.78138,
2006,Papua New Guinea,Western Pacific,Urban,83.47819,
2007,Papua New Guinea,Western Pacific,Rural,28.4037,
2007,Papua New Guinea,Western Pacific,Urban,83.68611,
2008,Papua New Guinea,Western Pacific,Rural,29.02601,
2008,Papua New Guinea,Western Pacific,Urban,83.89404,
2009,Papua New Guinea,Western Pacific,Rural,29.64833,
2009,Papua New Guinea,Western Pacific,Urban,84.10197,
2010,Papua New Guinea,Western Pacific,Rural,30.27065,
2010,Papua New Guinea,Western Pacific,Urban,84.30989,
2011,Papua New Guinea,Western Pacific,Rural,30.89297,
2011,Papua New Guinea,Western Pacific,Urban,84.51781,
2012,Papua New Guinea,Western Pacific,Rural,31.51529,
2012,Papua New Guinea,Western Pacific,Urban,84.72574,
2013,Papua New Guinea,Western Pacific,Rural,32.13761,
2013,Papua New Guinea,Western Pacific,Urban,84.93366,
2014,Papua New Guinea,Western Pacific,Rural,32.75993,
2014,Papua New Guinea,Western Pacific,Urban,85.14159,
2015,Papua New Guinea,Western Pacific,Rural,33.38225,
2015,Papua New Guinea,Western Pacific,Urban,85.34951,
2016,Papua New Guinea,Western Pacific,Rural,34.00457,
2016,Papua New Guinea,Western Pacific,Urban,85.55743,
2017,Papua New Guinea,Western Pacific,Rural,34.62689,
2017,Papua New Guinea,Western Pacific,Urban,85.76537,
2000,Paraguay,Americas,Rural,52.68544,26.74168
2000,Paraguay,Americas,Urban,93.6578,67.627
2001,Paraguay,Americas,Rural,55.50098,28.17077
2001,Paraguay,Americas,Urban,94.03252,67.89758
2002,Paraguay,Americas,Rural,58.28795,29.59987
2002,Paraguay,Americas,Urban,94.40725,68.16815
2003,Paraguay,Americas,Rural,61.07216,31.02896
2003,Paraguay,Americas,Urban,94.78197,68.43873
2004,Paraguay,Americas,Rural,63.85361,32.45805
2004,Paraguay,Americas,Urban,95.14952,68.7093
2005,Paraguay,Americas,Rural,66.6323,33.88714
2005,Paraguay,Americas,Urban,95.51701,68.97988
2006,Paraguay,Americas,Rural,69.40823,35.31623
2006,Paraguay,Americas,Urban,95.88444,69.25046
2007,Paraguay,Americas,Rural,72.1814,36.74533
2007,Paraguay,Americas,Urban,96.25181,69.52103
2008,Paraguay,Americas,Rural,74.95182,38.17442
2008,Paraguay,Americas,Urban,96.61913,69.79161
2009,Paraguay,Americas,Rural,77.71947,39.60351
2009,Paraguay,Americas,Urban,96.98638,70.06219
2010,Paraguay,Americas,Rural,80.48437,41.0326
2010,Paraguay,Americas,Urban,97.35358,70.33276
2011,Paraguay,Americas,Rural,83.24651,42.46169
2011,Paraguay,Americas,Urban,97.72073,70.60334
2012,Paraguay,Americas,Rural,86.00588,43.89079
2012,Paraguay,Americas,Urban,98.08782,70.87392
2013,Paraguay,Americas,Rural,88.7625,45.31988
2013,Paraguay,Americas,Urban,98.45486,71.14449
2014,Paraguay,Americas,Rural,91.51637,46.74897
2014,Paraguay,Americas,Urban,98.82183,71.41507
2015,Paraguay,Americas,Rural,94.26746,48.17806
2015,Paraguay,Americas,Urban,99.18875,71.68565
2016,Paraguay,Americas,Rural,97.01581,49.60715
2016,Paraguay,Americas,Urban,99.55561,71.95623
2017,Paraguay,Americas,Rural,99.16019,50.72869
2017,Paraguay,Americas,Urban,99.8943,72.20647
2000,Peru,Americas,Rural,51.31621,14.04684
2000,Peru,Americas,Urban,91.50986,56.51913
2001,Peru,Americas,Rural,52.74749,14.44118
2001,Peru,Americas,Urban,91.74889,56.65542
2002,Peru,Americas,Rural,54.17826,14.83552
2002,Peru,Americas,Urban,91.98801,56.79171
2003,Peru,Americas,Rural,55.60852,15.22987
2003,Peru,Americas,Urban,92.22722,56.928
2004,Peru,Americas,Rural,57.03827,15.62421
2004,Peru,Americas,Urban,92.46651,57.06429
2005,Peru,Americas,Rural,58.46751,16.01855
2005,Peru,Americas,Urban,92.70589,57.20058
2006,Peru,Americas,Rural,59.89624,16.4129
2006,Peru,Americas,Urban,92.94537,57.33688
2007,Peru,Americas,Rural,61.32446,16.80724
2007,Peru,Americas,Urban,93.18493,57.47317
2008,Peru,Americas,Rural,62.75216,17.20158
2008,Peru,Americas,Urban,93.42458,57.60946
2009,Peru,Americas,Rural,64.17936,17.59592
2009,Peru,Americas,Urban,93.66431,57.74575
2010,Peru,Americas,Rural,65.60605,17.99026
2010,Peru,Americas,Urban,93.90414,57.88204
2011,Peru,Americas,Rural,67.03223,18.38461
2011,Peru,Americas,Urban,94.14405,58.01833
2012,Peru,Americas,Rural,68.45789,18.77895
2012,Peru,Americas,Urban,94.38405,58.15462
2013,Peru,Americas,Rural,69.88306,19.17329
2013,Peru,Americas,Urban,94.62414,58.29092
2014,Peru,Americas,Rural,71.3077,19.56763
2014,Peru,Americas,Urban,94.86432,58.42721
2015,Peru,Americas,Rural,72.73184,19.96198
2015,Peru,Americas,Urban,95.10458,58.5635
2016,Peru,Americas,Rural,74.15546,20.35632
2016,Peru,Americas,Urban,95.34494,58.69979
2017,Peru,Americas,Rural,75.57858,20.75066
2017,Peru,Americas,Urban,95.58538,58.83608
2000,Philippines,Western Pacific,Rural,79.31756,21.42172
2000,Philippines,Western Pacific,Urban,92.93853,53.05556
2001,Philippines,Western Pacific,Rural,79.84174,21.56328
2001,Philippines,Western Pacific,Urban,93.0931,53.1438
2002,Philippines,Western Pacific,Rural,80.46446,23.81116
2002,Philippines,Western Pacific,Urban,93.3772,55.15379
2003,Philippines,Western Pacific,Rural,81.08847,26.08651
2003,Philippines,Western Pacific,Urban,93.66173,57.17015
2004,Philippines,Western Pacific,Rural,81.71377,28.38934
2004,Philippines,Western Pacific,Urban,93.94668,59.19289
2005,Philippines,Western Pacific,Rural,82.34035,30.71965
2005,Philippines,Western Pacific,Urban,94.23206,60.27467
2006,Philippines,Western Pacific,Rural,82.96822,31.48269
2006,Philippines,Western Pacific,Urban,94.51788,60.3741
2007,Philippines,Western Pacific,Rural,83.59737,31.68281
2007,Philippines,Western Pacific,Urban,94.80412,60.47352
2008,Philippines,Western Pacific,Rural,84.22781,31.88293
2008,Philippines,Western Pacific,Urban,95.09079,60.57294
2009,Philippines,Western Pacific,Rural,84.85953,32.08305
2009,Philippines,Western Pacific,Urban,95.37789,60.67237
2010,Philippines,Western Pacific,Rural,85.49254,32.28317
2010,Philippines,Western Pacific,Urban,95.66542,60.77179
2011,Philippines,Western Pacific,Rural,86.12683,32.48329
2011,Philippines,Western Pacific,Urban,95.95338,60.87121
2012,Philippines,Western Pacific,Rural,86.76241,32.68341
2012,Philippines,Western Pacific,Urban,96.24177,60.97064
2013,Philippines,Western Pacific,Rural,87.39928,32.88353
2013,Philippines,Western Pacific,Urban,96.53059,61.07006
2014,Philippines,Western Pacific,Rural,88.03743,33.08365
2014,Philippines,Western Pacific,Urban,96.81983,61.16948
2015,Philippines,Western Pacific,Rural,88.67686,33.28377
2015,Philippines,Western Pacific,Urban,97.10951,61.26891
2016,Philippines,Western Pacific,Rural,89.31759,33.48389
2016,Philippines,Western Pacific,Urban,97.39962,61.36833
2017,Philippines,Western Pacific,Rural,89.95959,33.68401
2017,Philippines,Western Pacific,Urban,97.69016,61.46775
2000,Poland,Europe,Rural,,
2000,Poland,Europe,Urban,,
2001,Poland,Europe,Rural,,
2001,Poland,Europe,Urban,,
2002,Poland,Europe,Rural,,
2002,Poland,Europe,Urban,,
2003,Poland,Europe,Rural,,
2003,Poland,Europe,Urban,,
2004,Poland,Europe,Rural,,
2004,Poland,Europe,Urban,,
2005,Poland,Europe,Rural,94.00161,
2005,Poland,Europe,Urban,98.97823,
2006,Poland,Europe,Rural,94.00161,
2006,Poland,Europe,Urban,98.97823,
2007,Poland,Europe,Rural,94.00161,
2007,Poland,Europe,Urban,98.97823,
2008,Poland,Europe,Rural,94.00161,
2008,Poland,Europe,Urban,98.97823,
2009,Poland,Europe,Rural,94.00161,
2009,Poland,Europe,Urban,98.97823,
2010,Poland,Europe,Rural,94.69355,
2010,Poland,Europe,Urban,99.0871,
2011,Poland,Europe,Rural,95.38548,
2011,Poland,Europe,Urban,99.19597,
2012,Poland,Europe,Rural,96.07742,
2012,Poland,Europe,Urban,99.30484,
2013,Poland,Europe,Rural,96.76936,
2013,Poland,Europe,Urban,99.41371,
2014,Poland,Europe,Rural,97.46129,
2014,Poland,Europe,Urban,99.52258,
2015,Poland,Europe,Rural,98.15323,
2015,Poland,Europe,Urban,99.63145,
2016,Poland,Europe,Rural,98.84516,
2016,Poland,Europe,Urban,99.74033,
2017,Poland,Europe,Rural,99.53709,
2017,Poland,Europe,Urban,99.84919,
2000,Portugal,Europe,Rural,98.49647,
2000,Portugal,Europe,Urban,98.58208,
2001,Portugal,Europe,Rural,98.58521,
2001,Portugal,Europe,Urban,98.69446,
2002,Portugal,Europe,Rural,98.67393,
2002,Portugal,Europe,Urban,98.80684,
2003,Portugal,Europe,Rural,98.76267,
2003,Portugal,Europe,Urban,98.91922,
2004,Portugal,Europe,Rural,98.85141,
2004,Portugal,Europe,Urban,99.03161,
2005,Portugal,Europe,Rural,98.94015,
2005,Portugal,Europe,Urban,99.14399,
2006,Portugal,Europe,Rural,99.02888,
2006,Portugal,Europe,Urban,99.25637,
2007,Portugal,Europe,Rural,99.11762,
2007,Portugal,Europe,Urban,99.36875,
2008,Portugal,Europe,Rural,99.20636,
2008,Portugal,Europe,Urban,99.48113,
2009,Portugal,Europe,Rural,99.2951,
2009,Portugal,Europe,Urban,99.59351,
2010,Portugal,Europe,Rural,99.38383,
2010,Portugal,Europe,Urban,99.70589,
2011,Portugal,Europe,Rural,99.47256,
2011,Portugal,Europe,Urban,99.81828,
2012,Portugal,Europe,Rural,99.5613,
2012,Portugal,Europe,Urban,99.93066,
2013,Portugal,Europe,Rural,99.65004,
2013,Portugal,Europe,Urban,100.0,
2014,Portugal,Europe,Rural,99.73878,
2014,Portugal,Europe,Urban,100.0,
2015,Portugal,Europe,Rural,99.73878,
2015,Portugal,Europe,Urban,100.0,
2016,Portugal,Europe,Rural,99.73878,
2016,Portugal,Europe,Urban,100.0,
2017,Portugal,Europe,Rural,99.73878,
2017,Portugal,Europe,Urban,100.0,
2000,Qatar,Eastern Mediterranean,Rural,,
2000,Qatar,Eastern Mediterranean,Urban,,
2001,Qatar,Eastern Mediterranean,Rural,,
2001,Qatar,Eastern Mediterranean,Urban,,
2002,Qatar,Eastern Mediterranean,Rural,,
2002,Qatar,Eastern Mediterranean,Urban,,
2003,Qatar,Eastern Mediterranean,Rural,,
2003,Qatar,Eastern Mediterranean,Urban,,
2004,Qatar,Eastern Mediterranean,Rural,,
2004,Qatar,Eastern Mediterranean,Urban,,
2005,Qatar,Eastern Mediterranean,Rural,,
2005,Qatar,Eastern Mediterranean,Urban,,
2006,Qatar,Eastern Mediterranean,Rural,,
2006,Qatar,Eastern Mediterranean,Urban,,
2007,Qatar,Eastern Mediterranean,Rural,,
2007,Qatar,Eastern Mediterranean,Urban,,
2008,Qatar,Eastern Mediterranean,Rural,,
2008,Qatar,Eastern Mediterranean,Urban,,
2009,Qatar,Eastern Mediterranean,Rural,,
2009,Qatar,Eastern Mediterranean,Urban,,
2010,Qatar,Eastern Mediterranean,Rural,,
2010,Qatar,Eastern Mediterranean,Urban,,
2011,Qatar,Eastern Mediterranean,Rural,,
2011,Qatar,Eastern Mediterranean,Urban,,
2012,Qatar,Eastern Mediterranean,Rural,,
2012,Qatar,Eastern Mediterranean,Urban,,
2013,Qatar,Eastern Mediterranean,Rural,,
2013,Qatar,Eastern Mediterranean,Urban,,
2014,Qatar,Eastern Mediterranean,Rural,,
2014,Qatar,Eastern Mediterranean,Urban,,
2015,Qatar,Eastern Mediterranean,Rural,,
2015,Qatar,Eastern Mediterranean,Urban,,
2016,Qatar,Eastern Mediterranean,Rural,,
2016,Qatar,Eastern Mediterranean,Urban,,
2017,Qatar,Eastern Mediterranean,Rural,,
2017,Qatar,Eastern Mediterranean,Urban,,
2000,Republic of Korea,Western Pacific,Rural,,
2000,Republic of Korea,Western Pacific,Urban,,
2001,Republic of Korea,Western Pacific,Rural,,
2001,Republic of Korea,Western Pacific,Urban,,
2002,Republic of Korea,Western Pacific,Rural,,
2002,Republic of Korea,Western Pacific,Urban,,
2003,Republic of Korea,Western Pacific,Rural,,
2003,Republic of Korea,Western Pacific,Urban,,
2004,Republic of Korea,Western Pacific,Rural,,
2004,Republic of Korea,Western Pacific,Urban,,
2005,Republic of Korea,Western Pacific,Rural,,
2005,Republic of Korea,Western Pacific,Urban,,
2006,Republic of Korea,Western Pacific,Rural,,
2006,Republic of Korea,Western Pacific,Urban,,
2007,Republic of Korea,Western Pacific,Rural,,
2007,Republic of Korea,Western Pacific,Urban,,
2008,Republic of Korea,Western Pacific,Rural,,
2008,Republic of Korea,Western Pacific,Urban,,
2009,Republic of Korea,Western Pacific,Rural,,
2009,Republic of Korea,Western Pacific,Urban,,
2010,Republic of Korea,Western Pacific,Rural,,
2010,Republic of Korea,Western Pacific,Urban,,
2011,Republic of Korea,Western Pacific,Rural,,
2011,Republic of Korea,Western Pacific,Urban,,
2012,Republic of Korea,Western Pacific,Rural,,
2012,Republic of Korea,Western Pacific,Urban,,
2013,Republic of Korea,Western Pacific,Rural,,
2013,Republic of Korea,Western Pacific,Urban,,
2014,Republic of Korea,Western Pacific,Rural,,
2014,Republic of Korea,Western Pacific,Urban,,
2015,Republic of Korea,Western Pacific,Rural,,
2015,Republic of Korea,Western Pacific,Urban,,
2016,Republic of Korea,Western Pacific,Rural,,
2016,Republic of Korea,Western Pacific,Urban,,
2017,Republic of Korea,Western Pacific,Rural,,
2017,Republic of Korea,Western Pacific,Urban,,
2000,Republic of Moldova,Europe,Rural,73.70327,
2000,Republic of Moldova,Europe,Urban,95.10569,
2001,Republic of Moldova,Europe,Rural,74.26108,
2001,Republic of Moldova,Europe,Urban,95.21536,
2002,Republic of Moldova,Europe,Rural,74.81917,
2002,Republic of Moldova,Europe,Urban,95.32499,
2003,Republic of Moldova,Europe,Rural,75.37753,
2003,Republic of Moldova,Europe,Urban,95.43458,
2004,Republic of Moldova,Europe,Rural,75.93616,
2004,Republic of Moldova,Europe,Urban,95.54412,
2005,Republic of Moldova,Europe,Rural,76.49506,
2005,Republic of Moldova,Europe,Urban,95.65363,
2006,Republic of Moldova,Europe,Rural,77.05425,
2006,Republic of Moldova,Europe,Urban,95.76308,
2007,Republic of Moldova,Europe,Rural,77.61371,
2007,Republic of Moldova,Europe,Urban,95.8725,
2008,Republic of Moldova,Europe,Rural,78.17345,
2008,Republic of Moldova,Europe,Urban,95.98187,
2009,Republic of Moldova,Europe,Rural,78.73346,
2009,Republic of Moldova,Europe,Urban,96.09121,
2010,Republic of Moldova,Europe,Rural,79.29374,
2010,Republic of Moldova,Europe,Urban,96.20049,
2011,Republic of Moldova,Europe,Rural,79.8543,
2011,Republic of Moldova,Europe,Urban,96.30975,
2012,Republic of Moldova,Europe,Rural,80.41514,
2012,Republic of Moldova,Europe,Urban,96.41895,
2013,Republic of Moldova,Europe,Rural,80.97625,
2013,Republic of Moldova,Europe,Urban,96.52811,
2014,Republic of Moldova,Europe,Rural,81.53764,
2014,Republic of Moldova,Europe,Urban,96.63723,
2015,Republic of Moldova,Europe,Rural,82.07841,
2015,Republic of Moldova,Europe,Urban,96.76268,
2016,Republic of Moldova,Europe,Rural,82.61919,
2016,Republic of Moldova,Europe,Urban,96.88814,
2017,Republic of Moldova,Europe,Rural,83.15997,
2017,Republic of Moldova,Europe,Urban,97.0136,
2000,Republic of North Macedonia,Europe,Rural,98.54657,95.25511
2000,Republic of North Macedonia,Europe,Urban,99.85851,98.81998
2001,Republic of North Macedonia,Europe,Rural,98.54657,95.25511
2001,Republic of North Macedonia,Europe,Urban,99.85851,98.81998
2002,Republic of North Macedonia,Europe,Rural,98.54657,95.25511
2002,Republic of North Macedonia,Europe,Urban,99.85851,98.81998
2003,Republic of North Macedonia,Europe,Rural,98.54657,95.25511
2003,Republic of North Macedonia,Europe,Urban,99.85851,98.81998
2004,Republic of North Macedonia,Europe,Rural,98.54657,95.25511
2004,Republic of North Macedonia,Europe,Urban,99.85851,98.81998
2005,Republic of North Macedonia,Europe,Rural,98.56306,95.11266
2005,Republic of North Macedonia,Europe,Urban,99.85015,97.83318
2006,Republic of North Macedonia,Europe,Rural,98.32312,94.97008
2006,Republic of North Macedonia,Europe,Urban,98.74353,96.84654
2007,Republic of North Macedonia,Europe,Rural,98.08298,94.82736
2007,Republic of North Macedonia,Europe,Urban,97.5772,95.86006
2008,Republic of North Macedonia,Europe,Rural,97.84264,94.68452
2008,Republic of North Macedonia,Europe,Urban,96.41106,94.87375
2009,Republic of North Macedonia,Europe,Rural,97.6021,92.0092
2009,Republic of North Macedonia,Europe,Urban,95.24511,93.8876
2010,Republic of North Macedonia,Europe,Rural,97.36135,89.12734
2010,Republic of North Macedonia,Europe,Urban,94.07936,92.90162
2011,Republic of North Macedonia,Europe,Rural,97.1204,86.24335
2011,Republic of North Macedonia,Europe,Urban,92.9138,91.9158
2012,Republic of North Macedonia,Europe,Rural,96.87925,83.35722
2012,Republic of North Macedonia,Europe,Urban,91.74844,90.93015
2013,Republic of North Macedonia,Europe,Rural,96.63789,80.46894
2013,Republic of North Macedonia,Europe,Urban,90.58327,89.94465
2014,Republic of North Macedonia,Europe,Rural,96.63789,77.55013
2014,Republic of North Macedonia,Europe,Urban,90.58327,89.94465
2015,Republic of North Macedonia,Europe,Rural,96.63789,74.63132
2015,Republic of North Macedonia,Europe,Urban,90.58327,89.94465
2016,Republic of North Macedonia,Europe,Rural,96.63789,71.71252
2016,Republic of North Macedonia,Europe,Urban,90.58327,89.94465
2017,Republic of North Macedonia,Europe,Rural,96.63789,68.79372
2017,Republic of North Macedonia,Europe,Urban,90.58327,89.94465
2000,Romania,Europe,Rural,100.0,
2000,Romania,Europe,Urban,100.0,
2001,Romania,Europe,Rural,100.0,
2001,Romania,Europe,Urban,100.0,
2002,Romania,Europe,Rural,100.0,
2002,Romania,Europe,Urban,100.0,
2003,Romania,Europe,Rural,100.0,
2003,Romania,Europe,Urban,100.0,
2004,Romania,Europe,Rural,100.0,
2004,Romania,Europe,Urban,100.0,
2005,Romania,Europe,Rural,100.0,
2005,Romania,Europe,Urban,100.0,
2006,Romania,Europe,Rural,100.0,
2006,Romania,Europe,Urban,100.0,
2007,Romania,Europe,Rural,100.0,
2007,Romania,Europe,Urban,100.0,
2008,Romania,Europe,Rural,100.0,
2008,Romania,Europe,Urban,100.0,
2009,Romania,Europe,Rural,100.0,
2009,Romania,Europe,Urban,100.0,
2010,Romania,Europe,Rural,100.0,
2010,Romania,Europe,Urban,100.0,
2011,Romania,Europe,Rural,100.0,
2011,Romania,Europe,Urban,100.0,
2012,Romania,Europe,Rural,100.0,
2012,Romania,Europe,Urban,100.0,
2013,Romania,Europe,Rural,100.0,
2013,Romania,Europe,Urban,100.0,
2014,Romania,Europe,Rural,100.0,
2014,Romania,Europe,Urban,100.0,
2015,Romania,Europe,Rural,100.0,
2015,Romania,Europe,Urban,100.0,
2016,Romania,Europe,Rural,100.0,
2016,Romania,Europe,Urban,100.0,
2017,Romania,Europe,Rural,100.0,
2017,Romania,Europe,Urban,100.0,
2000,Russian Federation,Europe,Rural,84.87902,
2000,Russian Federation,Europe,Urban,98.71741,
2001,Russian Federation,Europe,Rural,84.87902,
2001,Russian Federation,Europe,Urban,98.71741,
2002,Russian Federation,Europe,Rural,85.36278,
2002,Russian Federation,Europe,Urban,98.71239,
2003,Russian Federation,Europe,Rural,85.84653,
2003,Russian Federation,Europe,Urban,98.70736,
2004,Russian Federation,Europe,Rural,86.33028,
2004,Russian Federation,Europe,Urban,98.70233,
2005,Russian Federation,Europe,Rural,86.81403,
2005,Russian Federation,Europe,Urban,98.6973,
2006,Russian Federation,Europe,Rural,87.29779,
2006,Russian Federation,Europe,Urban,98.69228,
2007,Russian Federation,Europe,Rural,87.78154,
2007,Russian Federation,Europe,Urban,98.68726,
2008,Russian Federation,Europe,Rural,88.2653,
2008,Russian Federation,Europe,Urban,98.68223,
2009,Russian Federation,Europe,Rural,88.74905,
2009,Russian Federation,Europe,Urban,98.6772,
2010,Russian Federation,Europe,Rural,89.2328,
2010,Russian Federation,Europe,Urban,98.67218,
2011,Russian Federation,Europe,Rural,89.71655,
2011,Russian Federation,Europe,Urban,98.66715,
2012,Russian Federation,Europe,Rural,90.20031,
2012,Russian Federation,Europe,Urban,98.66212,
2013,Russian Federation,Europe,Rural,90.68406,
2013,Russian Federation,Europe,Urban,98.6571,
2014,Russian Federation,Europe,Rural,91.16782,
2014,Russian Federation,Europe,Urban,98.65208,
2015,Russian Federation,Europe,Rural,91.65157,
2015,Russian Federation,Europe,Urban,98.64705,
2016,Russian Federation,Europe,Rural,92.13532,
2016,Russian Federation,Europe,Urban,98.64202,
2017,Russian Federation,Europe,Rural,92.61908,
2017,Russian Federation,Europe,Urban,98.63699,
2000,Rwanda,Africa,Rural,40.99945,
2000,Rwanda,Africa,Urban,70.74022,24.37536
2001,Rwanda,Africa,Rural,41.65583,
2001,Rwanda,Africa,Urban,71.39392,25.41623
2002,Rwanda,Africa,Rural,42.31579,
2002,Rwanda,Africa,Urban,72.05047,26.46725
2003,Rwanda,Africa,Rural,42.97932,
2003,Rwanda,Africa,Urban,72.70988,27.5284
2004,Rwanda,Africa,Rural,43.64644,
2004,Rwanda,Africa,Urban,73.37215,28.59969
2005,Rwanda,Africa,Rural,44.31714,
2005,Rwanda,Africa,Urban,74.03727,29.68111
2006,Rwanda,Africa,Rural,44.99142,
2006,Rwanda,Africa,Urban,74.70525,30.77268
2007,Rwanda,Africa,Rural,45.66928,
2007,Rwanda,Africa,Urban,75.37608,31.87439
2008,Rwanda,Africa,Rural,46.35073,
2008,Rwanda,Africa,Urban,76.04977,32.98623
2009,Rwanda,Africa,Rural,47.03575,
2009,Rwanda,Africa,Urban,76.72631,34.10821
2010,Rwanda,Africa,Rural,47.72435,
2010,Rwanda,Africa,Urban,77.40572,35.24033
2011,Rwanda,Africa,Rural,48.41654,
2011,Rwanda,Africa,Urban,78.08797,36.38259
2012,Rwanda,Africa,Rural,49.1123,
2012,Rwanda,Africa,Urban,78.77309,37.53498
2013,Rwanda,Africa,Rural,49.81165,
2013,Rwanda,Africa,Urban,79.46106,38.69752
2014,Rwanda,Africa,Rural,50.51458,
2014,Rwanda,Africa,Urban,80.15189,39.87019
2015,Rwanda,Africa,Rural,51.22109,
2015,Rwanda,Africa,Urban,80.84557,41.05301
2016,Rwanda,Africa,Rural,51.93118,
2016,Rwanda,Africa,Urban,81.54211,42.24595
2017,Rwanda,Africa,Rural,52.64485,
2017,Rwanda,Africa,Urban,82.24151,43.44904
2000,Saint Kitts and Nevis,Americas,Rural,,
2000,Saint Kitts and Nevis,Americas,Urban,,
2001,Saint Kitts and Nevis,Americas,Rural,,
2001,Saint Kitts and Nevis,Americas,Urban,,
2002,Saint Kitts and Nevis,Americas,Rural,,
2002,Saint Kitts and Nevis,Americas,Urban,,
2003,Saint Kitts and Nevis,Americas,Rural,,
2003,Saint Kitts and Nevis,Americas,Urban,,
2004,Saint Kitts and Nevis,Americas,Rural,,
2004,Saint Kitts and Nevis,Americas,Urban,,
2005,Saint Kitts and Nevis,Americas,Rural,,
2005,Saint Kitts and Nevis,Americas,Urban,,
2006,Saint Kitts and Nevis,Americas,Rural,,
2006,Saint Kitts and Nevis,Americas,Urban,,
2007,Saint Kitts and Nevis,Americas,Rural,,
2007,Saint Kitts and Nevis,Americas,Urban,,
2008,Saint Kitts and Nevis,Americas,Rural,,
2008,Saint Kitts and Nevis,Americas,Urban,,
2009,Saint Kitts and Nevis,Americas,Rural,,
2009,Saint Kitts and Nevis,Americas,Urban,,
2010,Saint Kitts and Nevis,Americas,Rural,,
2010,Saint Kitts and Nevis,Americas,Urban,,
2011,Saint Kitts and Nevis,Americas,Rural,,
2011,Saint Kitts and Nevis,Americas,Urban,,
2012,Saint Kitts and Nevis,Americas,Rural,,
2012,Saint Kitts and Nevis,Americas,Urban,,
2013,Saint Kitts and Nevis,Americas,Rural,,
2013,Saint Kitts and Nevis,Americas,Urban,,
2014,Saint Kitts and Nevis,Americas,Rural,,
2014,Saint Kitts and Nevis,Americas,Urban,,
2015,Saint Kitts and Nevis,Americas,Rural,,
2015,Saint Kitts and Nevis,Americas,Urban,,
2016,Saint Kitts and Nevis,Americas,Rural,,
2016,Saint Kitts and Nevis,Americas,Urban,,
2017,Saint Kitts and Nevis,Americas,Rural,,
2017,Saint Kitts and Nevis,Americas,Urban,,
2000,Saint Lucia,Americas,Rural,86.79198,
2000,Saint Lucia,Americas,Urban,92.87268,
2001,Saint Lucia,Americas,Rural,86.79198,
2001,Saint Lucia,Americas,Urban,92.87268,
2002,Saint Lucia,Americas,Rural,86.79198,
2002,Saint Lucia,Americas,Urban,92.87268,
2003,Saint Lucia,Americas,Rural,87.75063,
2003,Saint Lucia,Americas,Urban,93.40823,
2004,Saint Lucia,Americas,Rural,88.70926,
2004,Saint Lucia,Americas,Urban,93.94379,
2005,Saint Lucia,Americas,Rural,89.66789,
2005,Saint Lucia,Americas,Urban,94.47934,
2006,Saint Lucia,Americas,Rural,90.62653,
2006,Saint Lucia,Americas,Urban,95.01489,
2007,Saint Lucia,Americas,Rural,91.58517,
2007,Saint Lucia,Americas,Urban,95.55045,
2008,Saint Lucia,Americas,Rural,92.5438,
2008,Saint Lucia,Americas,Urban,96.08601,
2009,Saint Lucia,Americas,Rural,93.50243,
2009,Saint Lucia,Americas,Urban,96.62156,
2010,Saint Lucia,Americas,Rural,94.46107,
2010,Saint Lucia,Americas,Urban,97.15711,
2011,Saint Lucia,Americas,Rural,95.41971,
2011,Saint Lucia,Americas,Urban,97.69267,
2012,Saint Lucia,Americas,Rural,96.37834,
2012,Saint Lucia,Americas,Urban,97.8196,
2013,Saint Lucia,Americas,Rural,97.33698,
2013,Saint Lucia,Americas,Urban,97.8196,
2014,Saint Lucia,Americas,Rural,98.2403,
2014,Saint Lucia,Americas,Urban,97.8196,
2015,Saint Lucia,Americas,Rural,98.2403,
2015,Saint Lucia,Americas,Urban,97.8196,
2016,Saint Lucia,Americas,Rural,98.2403,
2016,Saint Lucia,Americas,Urban,97.8196,
2017,Saint Lucia,Americas,Rural,98.2403,
2017,Saint Lucia,Americas,Urban,97.8196,
2000,Saint Vincent and the Grenadines,Americas,Rural,,
2000,Saint Vincent and the Grenadines,Americas,Urban,,
2001,Saint Vincent and the Grenadines,Americas,Rural,,
2001,Saint Vincent and the Grenadines,Americas,Urban,,
2002,Saint Vincent and the Grenadines,Americas,Rural,,
2002,Saint Vincent and the Grenadines,Americas,Urban,,
2003,Saint Vincent and the Grenadines,Americas,Rural,,
2003,Saint Vincent and the Grenadines,Americas,Urban,,
2004,Saint Vincent and the Grenadines,Americas,Rural,,
2004,Saint Vincent and the Grenadines,Americas,Urban,,
2005,Saint Vincent and the Grenadines,Americas,Rural,,
2005,Saint Vincent and the Grenadines,Americas,Urban,,
2006,Saint Vincent and the Grenadines,Americas,Rural,,
2006,Saint Vincent and the Grenadines,Americas,Urban,,
2007,Saint Vincent and the Grenadines,Americas,Rural,,
2007,Saint Vincent and the Grenadines,Americas,Urban,,
2008,Saint Vincent and the Grenadines,Americas,Rural,,
2008,Saint Vincent and the Grenadines,Americas,Urban,,
2009,Saint Vincent and the Grenadines,Americas,Rural,,
2009,Saint Vincent and the Grenadines,Americas,Urban,,
2010,Saint Vincent and the Grenadines,Americas,Rural,,
2010,Saint Vincent and the Grenadines,Americas,Urban,,
2011,Saint Vincent and the Grenadines,Americas,Rural,,
2011,Saint Vincent and the Grenadines,Americas,Urban,,
2012,Saint Vincent and the Grenadines,Americas,Rural,,
2012,Saint Vincent and the Grenadines,Americas,Urban,,
2013,Saint Vincent and the Grenadines,Americas,Rural,,
2013,Saint Vincent and the Grenadines,Americas,Urban,,
2014,Saint Vincent and the Grenadines,Americas,Rural,,
2014,Saint Vincent and the Grenadines,Americas,Urban,,
2015,Saint Vincent and the Grenadines,Americas,Rural,,
2015,Saint Vincent and the Grenadines,Americas,Urban,,
2016,Saint Vincent and the Grenadines,Americas,Rural,,
2016,Saint Vincent and the Grenadines,Americas,Urban,,
2017,Saint Vincent and the Grenadines,Americas,Rural,,
2017,Saint Vincent and the Grenadines,Americas,Urban,,
2000,Samoa,Western Pacific,Rural,92.46691,
2000,Samoa,Western Pacific,Urban,89.93303,
2001,Samoa,Western Pacific,Rural,92.46691,
2001,Samoa,Western Pacific,Urban,89.93303,
2002,Samoa,Western Pacific,Rural,92.46691,
2002,Samoa,Western Pacific,Urban,89.93303,
2003,Samoa,Western Pacific,Rural,92.46691,
2003,Samoa,Western Pacific,Urban,89.93303,
2004,Samoa,Western Pacific,Rural,92.46691,
2004,Samoa,Western Pacific,Urban,89.93303,
2005,Samoa,Western Pacific,Rural,92.56977,
2005,Samoa,Western Pacific,Urban,90.68965,
2006,Samoa,Western Pacific,Rural,92.67263,
2006,Samoa,Western Pacific,Urban,91.44627,
2007,Samoa,Western Pacific,Rural,92.77549,
2007,Samoa,Western Pacific,Urban,92.2029,
2008,Samoa,Western Pacific,Rural,93.20688,
2008,Samoa,Western Pacific,Urban,93.0727,
2009,Samoa,Western Pacific,Rural,93.639,
2009,Samoa,Western Pacific,Urban,94.03943,
2010,Samoa,Western Pacific,Rural,94.07185,
2010,Samoa,Western Pacific,Urban,95.00954,
2011,Samoa,Western Pacific,Rural,94.50542,
2011,Samoa,Western Pacific,Urban,95.98302,
2012,Samoa,Western Pacific,Rural,94.93973,
2012,Samoa,Western Pacific,Urban,96.95989,
2013,Samoa,Western Pacific,Rural,95.37476,
2013,Samoa,Western Pacific,Urban,97.94013,
2014,Samoa,Western Pacific,Rural,95.81052,
2014,Samoa,Western Pacific,Urban,98.92375,
2015,Samoa,Western Pacific,Rural,96.24701,
2015,Samoa,Western Pacific,Urban,99.69143,
2016,Samoa,Western Pacific,Rural,96.68422,
2016,Samoa,Western Pacific,Urban,100.0,
2017,Samoa,Western Pacific,Rural,96.79035,
2017,Samoa,Western Pacific,Urban,100.0,
2000,San Marino,Europe,Rural,,
2000,San Marino,Europe,Urban,,
2001,San Marino,Europe,Rural,,
2001,San Marino,Europe,Urban,,
2002,San Marino,Europe,Rural,,
2002,San Marino,Europe,Urban,,
2003,San Marino,Europe,Rural,,
2003,San Marino,Europe,Urban,,
2004,San Marino,Europe,Rural,,
2004,San Marino,Europe,Urban,,
2005,San Marino,Europe,Rural,,
2005,San Marino,Europe,Urban,,
2006,San Marino,Europe,Rural,,
2006,San Marino,Europe,Urban,,
2007,San Marino,Europe,Rural,,
2007,San Marino,Europe,Urban,,
2008,San Marino,Europe,Rural,,
2008,San Marino,Europe,Urban,,
2009,San Marino,Europe,Rural,,
2009,San Marino,Europe,Urban,,
2010,San Marino,Europe,Rural,,
2010,San Marino,Europe,Urban,,
2011,San Marino,Europe,Rural,,
2011,San Marino,Europe,Urban,,
2012,San Marino,Europe,Rural,,
2012,San Marino,Europe,Urban,,
2013,San Marino,Europe,Rural,,
2013,San Marino,Europe,Urban,,
2014,San Marino,Europe,Rural,,
2014,San Marino,Europe,Urban,,
2015,San Marino,Europe,Rural,,
2015,San Marino,Europe,Urban,,
2016,San Marino,Europe,Rural,,
2016,San Marino,Europe,Urban,,
2017,San Marino,Europe,Rural,,
2017,San Marino,Europe,Urban,,
2000,Sao Tome and Principe,Africa,Rural,58.18951,
2000,Sao Tome and Principe,Africa,Urban,70.74074,
2001,Sao Tome and Principe,Africa,Rural,59.30348,
2001,Sao Tome and Principe,Africa,Urban,71.76435,
2002,Sao Tome and Principe,Africa,Rural,60.42527,
2002,Sao Tome and Principe,Africa,Urban,72.79424,
2003,Sao Tome and Principe,Africa,Rural,61.5549,
2003,Sao Tome and Principe,Africa,Urban,73.83041,
2004,Sao Tome and Principe,Africa,Rural,62.69236,
2004,Sao Tome and Principe,Africa,Urban,74.87286,
2005,Sao Tome and Principe,Africa,Rural,63.83765,
2005,Sao Tome and Principe,Africa,Urban,75.92159,
2006,Sao Tome and Principe,Africa,Rural,64.99078,
2006,Sao Tome and Principe,Africa,Urban,76.97659,
2007,Sao Tome and Principe,Africa,Rural,66.15173,
2007,Sao Tome and Principe,Africa,Urban,78.03786,
2008,Sao Tome and Principe,Africa,Rural,67.32051,
2008,Sao Tome and Principe,Africa,Urban,79.10543,
2009,Sao Tome and Principe,Africa,Rural,68.49712,
2009,Sao Tome and Principe,Africa,Urban,80.17927,
2010,Sao Tome and Principe,Africa,Rural,69.68157,
2010,Sao Tome and Principe,Africa,Urban,81.25938,
2011,Sao Tome and Principe,Africa,Rural,70.87385,
2011,Sao Tome and Principe,Africa,Urban,82.34578,
2012,Sao Tome and Principe,Africa,Rural,72.07395,
2012,Sao Tome and Principe,Africa,Urban,83.43846,
2013,Sao Tome and Principe,Africa,Rural,73.28189,
2013,Sao Tome and Principe,Africa,Urban,84.53741,
2014,Sao Tome and Principe,Africa,Rural,74.49766,
2014,Sao Tome and Principe,Africa,Urban,85.64264,
2015,Sao Tome and Principe,Africa,Rural,75.72126,
2015,Sao Tome and Principe,Africa,Urban,86.75415,
2016,Sao Tome and Principe,Africa,Rural,76.95269,
2016,Sao Tome and Principe,Africa,Urban,87.14815,
2017,Sao Tome and Principe,Africa,Rural,76.95269,
2017,Sao Tome and Principe,Africa,Urban,87.14815,
2000,Saudi Arabia,Eastern Mediterranean,Rural,,
2000,Saudi Arabia,Eastern Mediterranean,Urban,,
2001,Saudi Arabia,Eastern Mediterranean,Rural,,
2001,Saudi Arabia,Eastern Mediterranean,Urban,,
2002,Saudi Arabia,Eastern Mediterranean,Rural,,
2002,Saudi Arabia,Eastern Mediterranean,Urban,,
2003,Saudi Arabia,Eastern Mediterranean,Rural,,
2003,Saudi Arabia,Eastern Mediterranean,Urban,,
2004,Saudi Arabia,Eastern Mediterranean,Rural,,
2004,Saudi Arabia,Eastern Mediterranean,Urban,,
2005,Saudi Arabia,Eastern Mediterranean,Rural,,
2005,Saudi Arabia,Eastern Mediterranean,Urban,,
2006,Saudi Arabia,Eastern Mediterranean,Rural,,
2006,Saudi Arabia,Eastern Mediterranean,Urban,,
2007,Saudi Arabia,Eastern Mediterranean,Rural,,
2007,Saudi Arabia,Eastern Mediterranean,Urban,,
2008,Saudi Arabia,Eastern Mediterranean,Rural,,
2008,Saudi Arabia,Eastern Mediterranean,Urban,,
2009,Saudi Arabia,Eastern Mediterranean,Rural,,
2009,Saudi Arabia,Eastern Mediterranean,Urban,,
2010,Saudi Arabia,Eastern Mediterranean,Rural,,
2010,Saudi Arabia,Eastern Mediterranean,Urban,,
2011,Saudi Arabia,Eastern Mediterranean,Rural,,
2011,Saudi Arabia,Eastern Mediterranean,Urban,,
2012,Saudi Arabia,Eastern Mediterranean,Rural,,
2012,Saudi Arabia,Eastern Mediterranean,Urban,,
2013,Saudi Arabia,Eastern Mediterranean,Rural,,
2013,Saudi Arabia,Eastern Mediterranean,Urban,,
2014,Saudi Arabia,Eastern Mediterranean,Rural,,
2014,Saudi Arabia,Eastern Mediterranean,Urban,,
2015,Saudi Arabia,Eastern Mediterranean,Rural,,
2015,Saudi Arabia,Eastern Mediterranean,Urban,,
2016,Saudi Arabia,Eastern Mediterranean,Rural,,
2016,Saudi Arabia,Eastern Mediterranean,Urban,,
2017,Saudi Arabia,Eastern Mediterranean,Rural,,
2017,Saudi Arabia,Eastern Mediterranean,Urban,,
2000,Senegal,Africa,Rural,39.96664,
2000,Senegal,Africa,Urban,89.45341,
2001,Senegal,Africa,Rural,41.61777,
2001,Senegal,Africa,Urban,89.62103,
2002,Senegal,Africa,Rural,43.28672,
2002,Senegal,Africa,Urban,89.78876,
2003,Senegal,Africa,Rural,44.9735,
2003,Senegal,Africa,Urban,89.95665,
2004,Senegal,Africa,Rural,46.67811,
2004,Senegal,Africa,Urban,90.12466,
2005,Senegal,Africa,Rural,48.40054,
2005,Senegal,Africa,Urban,90.29281,
2006,Senegal,Africa,Rural,50.14079,
2006,Senegal,Africa,Urban,90.4611,
2007,Senegal,Africa,Rural,51.89886,
2007,Senegal,Africa,Urban,90.62952,
2008,Senegal,Africa,Rural,53.67476,
2008,Senegal,Africa,Urban,90.79807,
2009,Senegal,Africa,Rural,55.46848,
2009,Senegal,Africa,Urban,90.96676,
2010,Senegal,Africa,Rural,57.28003,
2010,Senegal,Africa,Urban,91.13559,
2011,Senegal,Africa,Rural,59.1094,
2011,Senegal,Africa,Urban,91.30455,
2012,Senegal,Africa,Rural,60.95659,
2012,Senegal,Africa,Urban,91.47364,
2013,Senegal,Africa,Rural,62.82161,
2013,Senegal,Africa,Urban,91.64288,
2014,Senegal,Africa,Rural,64.70444,
2014,Senegal,Africa,Urban,91.81224,
2015,Senegal,Africa,Rural,66.60511,
2015,Senegal,Africa,Urban,91.98174,
2016,Senegal,Africa,Rural,68.5236,
2016,Senegal,Africa,Urban,92.15137,
2017,Senegal,Africa,Rural,70.45991,
2017,Senegal,Africa,Urban,92.32115,
2000,Serbia,Europe,Rural,96.56506,66.58347
2000,Serbia,Europe,Urban,93.10851,81.57383
2001,Serbia,Europe,Rural,96.5451,66.5697
2001,Serbia,Europe,Urban,93.09031,81.55788
2002,Serbia,Europe,Rural,96.52512,66.55593
2002,Serbia,Europe,Urban,93.0721,81.54192
2003,Serbia,Europe,Rural,96.50516,66.54216
2003,Serbia,Europe,Urban,93.05389,81.52598
2004,Serbia,Europe,Rural,96.48519,66.5284
2004,Serbia,Europe,Urban,93.03569,81.51003
2005,Serbia,Europe,Rural,95.80801,66.51463
2005,Serbia,Europe,Urban,92.22047,81.49407
2006,Serbia,Europe,Rural,95.1311,66.50085
2006,Serbia,Europe,Urban,91.40557,81.47813
2007,Serbia,Europe,Rural,94.45447,66.48708
2007,Serbia,Europe,Urban,90.59098,81.46217
2008,Serbia,Europe,Rural,93.7781,66.47331
2008,Serbia,Europe,Urban,89.7767,81.44622
2009,Serbia,Europe,Rural,93.10201,66.45955
2009,Serbia,Europe,Urban,88.96274,81.43027
2010,Serbia,Europe,Rural,92.42619,66.44578
2010,Serbia,Europe,Urban,88.14909,81.41432
2011,Serbia,Europe,Rural,91.75065,66.43201
2011,Serbia,Europe,Urban,87.33575,81.39838
2012,Serbia,Europe,Rural,91.07537,66.41824
2012,Serbia,Europe,Urban,86.52271,81.38242
2013,Serbia,Europe,Rural,90.40037,66.40447
2013,Serbia,Europe,Urban,85.71,81.36647
2014,Serbia,Europe,Rural,89.72564,66.3907
2014,Serbia,Europe,Urban,84.89759,81.35052
2015,Serbia,Europe,Rural,89.05118,66.37693
2015,Serbia,Europe,Urban,84.0855,81.33457
2016,Serbia,Europe,Rural,88.37699,66.36316
2016,Serbia,Europe,Urban,83.27371,81.31862
2017,Serbia,Europe,Rural,88.37699,66.36316
2017,Serbia,Europe,Urban,83.27371,81.31862
2000,Seychelles,Africa,Rural,,
2000,Seychelles,Africa,Urban,,
2001,Seychelles,Africa,Rural,,
2001,Seychelles,Africa,Urban,,
2002,Seychelles,Africa,Rural,,
2002,Seychelles,Africa,Urban,,
2003,Seychelles,Africa,Rural,,
2003,Seychelles,Africa,Urban,,
2004,Seychelles,Africa,Rural,,
2004,Seychelles,Africa,Urban,,
2005,Seychelles,Africa,Rural,,
2005,Seychelles,Africa,Urban,,
2006,Seychelles,Africa,Rural,,
2006,Seychelles,Africa,Urban,,
2007,Seychelles,Africa,Rural,,
2007,Seychelles,Africa,Urban,,
2008,Seychelles,Africa,Rural,,
2008,Seychelles,Africa,Urban,,
2009,Seychelles,Africa,Rural,,
2009,Seychelles,Africa,Urban,,
2010,Seychelles,Africa,Rural,,
2010,Seychelles,Africa,Urban,,
2011,Seychelles,Africa,Rural,,
2011,Seychelles,Africa,Urban,,
2012,Seychelles,Africa,Rural,,
2012,Seychelles,Africa,Urban,,
2013,Seychelles,Africa,Rural,,
2013,Seychelles,Africa,Urban,,
2014,Seychelles,Africa,Rural,,
2014,Seychelles,Africa,Urban,,
2015,Seychelles,Africa,Rural,,
2015,Seychelles,Africa,Urban,,
2016,Seychelles,Africa,Rural,,
2016,Seychelles,Africa,Urban,,
2017,Seychelles,Africa,Rural,,
2017,Seychelles,Africa,Urban,,
2000,Sierra Leone,Africa,Rural,24.41055,1.5196
2000,Sierra Leone,Africa,Urban,67.84296,10.55597
2001,Sierra Leone,Africa,Rural,24.42673,1.67194
2001,Sierra Leone,Africa,Urban,68.32384,10.64813
2002,Sierra Leone,Africa,Rural,26.01834,1.94186
2002,Sierra Leone,Africa,Urban,68.8028,10.74029
2003,Sierra Leone,Africa,Rural,27.61204,2.23141
2003,Sierra Leone,Africa,Urban,69.27984,10.83244
2004,Sierra Leone,Africa,Rural,29.20782,2.54061
2004,Sierra Leone,Africa,Urban,69.75494,10.9246
2005,Sierra Leone,Africa,Rural,30.80569,2.86944
2005,Sierra Leone,Africa,Urban,70.22812,11.01676
2006,Sierra Leone,Africa,Rural,32.40564,3.21791
2006,Sierra Leone,Africa,Urban,70.69936,11.10891
2007,Sierra Leone,Africa,Rural,34.00767,3.58602
2007,Sierra Leone,Africa,Urban,71.16869,11.20107
2008,Sierra Leone,Africa,Rural,35.61179,3.97377
2008,Sierra Leone,Africa,Urban,71.63608,11.29323
2009,Sierra Leone,Africa,Rural,37.218,4.38115
2009,Sierra Leone,Africa,Urban,72.10154,11.38539
2010,Sierra Leone,Africa,Rural,38.82629,4.80817
2010,Sierra Leone,Africa,Urban,72.56507,11.47754
2011,Sierra Leone,Africa,Rural,40.43667,5.25483
2011,Sierra Leone,Africa,Urban,73.02668,11.5697
2012,Sierra Leone,Africa,Rural,42.04913,5.72113
2012,Sierra Leone,Africa,Urban,73.48636,11.66186
2013,Sierra Leone,Africa,Rural,43.66368,6.20706
2013,Sierra Leone,Africa,Urban,73.94411,11.75401
2014,Sierra Leone,Africa,Rural,45.28031,6.71263
2014,Sierra Leone,Africa,Urban,74.39993,11.84617
2015,Sierra Leone,Africa,Rural,46.89902,7.23784
2015,Sierra Leone,Africa,Urban,74.85382,11.93833
2016,Sierra Leone,Africa,Rural,48.51982,7.78269
2016,Sierra Leone,Africa,Urban,75.30579,12.03048
2017,Sierra Leone,Africa,Rural,50.14271,8.34717
2017,Sierra Leone,Africa,Urban,75.75583,12.12264
2000,Singapore,Western Pacific,Rural,,
2000,Singapore,Western Pacific,Urban,100.0,100.0
2001,Singapore,Western Pacific,Rural,,
2001,Singapore,Western Pacific,Urban,100.0,100.0
2002,Singapore,Western Pacific,Rural,,
2002,Singapore,Western Pacific,Urban,100.0,100.0
2003,Singapore,Western Pacific,Rural,,
2003,Singapore,Western Pacific,Urban,100.0,100.0
2004,Singapore,Western Pacific,Rural,,
2004,Singapore,Western Pacific,Urban,100.0,100.0
2005,Singapore,Western Pacific,Rural,,
2005,Singapore,Western Pacific,Urban,100.0,100.0
2006,Singapore,Western Pacific,Rural,,
2006,Singapore,Western Pacific,Urban,100.0,100.0
2007,Singapore,Western Pacific,Rural,,
2007,Singapore,Western Pacific,Urban,100.0,100.0
2008,Singapore,Western Pacific,Rural,,
2008,Singapore,Western Pacific,Urban,100.0,100.0
2009,Singapore,Western Pacific,Rural,,
2009,Singapore,Western Pacific,Urban,100.0,100.0
2010,Singapore,Western Pacific,Rural,,
2010,Singapore,Western Pacific,Urban,100.0,100.0
2011,Singapore,Western Pacific,Rural,,
2011,Singapore,Western Pacific,Urban,100.0,100.0
2012,Singapore,Western Pacific,Rural,,
2012,Singapore,Western Pacific,Urban,100.0,100.0
2013,Singapore,Western Pacific,Rural,,
2013,Singapore,Western Pacific,Urban,100.0,100.0
2014,Singapore,Western Pacific,Rural,,
2014,Singapore,Western Pacific,Urban,100.0,100.0
2015,Singapore,Western Pacific,Rural,,
2015,Singapore,Western Pacific,Urban,100.0,100.0
2016,Singapore,Western Pacific,Rural,,
2016,Singapore,Western Pacific,Urban,100.0,100.0
2017,Singapore,Western Pacific,Rural,,
2017,Singapore,Western Pacific,Urban,100.0,100.0
2000,Slovakia,Europe,Rural,96.8,
2000,Slovakia,Europe,Urban,98.9,
2001,Slovakia,Europe,Rural,96.8,
2001,Slovakia,Europe,Urban,98.9,
2002,Slovakia,Europe,Rural,96.8,
2002,Slovakia,Europe,Urban,98.9,
2003,Slovakia,Europe,Rural,96.8,
2003,Slovakia,Europe,Urban,98.9,
2004,Slovakia,Europe,Rural,96.8,
2004,Slovakia,Europe,Urban,98.9,
2005,Slovakia,Europe,Rural,96.8,
2005,Slovakia,Europe,Urban,98.9,
2006,Slovakia,Europe,Rural,96.8,
2006,Slovakia,Europe,Urban,98.9,
2007,Slovakia,Europe,Rural,96.8,
2007,Slovakia,Europe,Urban,98.9,
2008,Slovakia,Europe,Rural,96.8,
2008,Slovakia,Europe,Urban,98.9,
2009,Slovakia,Europe,Rural,97.4605,
2009,Slovakia,Europe,Urban,98.9,
2010,Slovakia,Europe,Rural,98.28725,
2010,Slovakia,Europe,Urban,98.9,
2011,Slovakia,Europe,Rural,99.11401,
2011,Slovakia,Europe,Urban,98.9,
2012,Slovakia,Europe,Rural,99.94076,
2012,Slovakia,Europe,Urban,98.9,
2013,Slovakia,Europe,Rural,100.0,
2013,Slovakia,Europe,Urban,99.11372,
2014,Slovakia,Europe,Rural,100.0,
2014,Slovakia,Europe,Urban,99.60509,
2015,Slovakia,Europe,Rural,100.0,
2015,Slovakia,Europe,Urban,99.60509,
2016,Slovakia,Europe,Rural,100.0,
2016,Slovakia,Europe,Urban,99.60509,
2017,Slovakia,Europe,Rural,100.0,
2017,Slovakia,Europe,Urban,99.60509,
2000,Slovenia,Europe,Rural,99.40048,
2000,Slovenia,Europe,Urban,99.8248,
2001,Slovenia,Europe,Rural,99.40024,
2001,Slovenia,Europe,Urban,99.8124,
2002,Slovenia,Europe,Rural,99.4,
2002,Slovenia,Europe,Urban,99.8,
2003,Slovenia,Europe,Rural,99.39976,
2003,Slovenia,Europe,Urban,99.78761,
2004,Slovenia,Europe,Rural,99.39952,
2004,Slovenia,Europe,Urban,99.77521,
2005,Slovenia,Europe,Rural,99.39928,
2005,Slovenia,Europe,Urban,99.76281,
2006,Slovenia,Europe,Rural,99.39903,
2006,Slovenia,Europe,Urban,99.75041,
2007,Slovenia,Europe,Rural,99.3988,
2007,Slovenia,Europe,Urban,99.73801,
2008,Slovenia,Europe,Rural,99.39855,
2008,Slovenia,Europe,Urban,99.72562,
2009,Slovenia,Europe,Rural,99.39832,
2009,Slovenia,Europe,Urban,99.71322,
2010,Slovenia,Europe,Rural,99.39807,
2010,Slovenia,Europe,Urban,99.70082,
2011,Slovenia,Europe,Rural,99.39783,
2011,Slovenia,Europe,Urban,99.68842,
2012,Slovenia,Europe,Rural,99.39759,
2012,Slovenia,Europe,Urban,99.67603,
2013,Slovenia,Europe,Rural,99.39735,
2013,Slovenia,Europe,Urban,99.66363,
2014,Slovenia,Europe,Rural,99.39711,
2014,Slovenia,Europe,Urban,99.65123,
2015,Slovenia,Europe,Rural,99.39711,
2015,Slovenia,Europe,Urban,99.65123,
2016,Slovenia,Europe,Rural,99.39711,
2016,Slovenia,Europe,Urban,99.65123,
2017,Slovenia,Europe,Rural,99.39711,
2017,Slovenia,Europe,Urban,99.65123,
2000,Solomon Islands,Western Pacific,Rural,76.47483,
2000,Solomon Islands,Western Pacific,Urban,90.45152,
2001,Solomon Islands,Western Pacific,Rural,76.47483,
2001,Solomon Islands,Western Pacific,Urban,90.45152,
2002,Solomon Islands,Western Pacific,Rural,76.47483,
2002,Solomon Islands,Western Pacific,Urban,90.45152,
2003,Solomon Islands,Western Pacific,Rural,76.47483,
2003,Solomon Islands,Western Pacific,Urban,90.45152,
2004,Solomon Islands,Western Pacific,Rural,76.47483,
2004,Solomon Islands,Western Pacific,Urban,90.45152,
2005,Solomon Islands,Western Pacific,Rural,75.41106,
2005,Solomon Islands,Western Pacific,Urban,90.54529,
2006,Solomon Islands,Western Pacific,Rural,74.14514,
2006,Solomon Islands,Western Pacific,Urban,90.61766,
2007,Solomon Islands,Western Pacific,Rural,72.885,
2007,Solomon Islands,Western Pacific,Urban,90.68998,
2008,Solomon Islands,Western Pacific,Rural,71.63065,
2008,Solomon Islands,Western Pacific,Urban,90.76226,
2009,Solomon Islands,Western Pacific,Rural,70.38207,
2009,Solomon Islands,Western Pacific,Urban,90.8345,
2010,Solomon Islands,Western Pacific,Rural,69.13929,
2010,Solomon Islands,Western Pacific,Urban,90.90668,
2011,Solomon Islands,Western Pacific,Rural,67.90229,
2011,Solomon Islands,Western Pacific,Urban,90.97883,
2012,Solomon Islands,Western Pacific,Rural,66.67107,
2012,Solomon Islands,Western Pacific,Urban,91.05093,
2013,Solomon Islands,Western Pacific,Rural,65.44564,
2013,Solomon Islands,Western Pacific,Urban,91.12299,
2014,Solomon Islands,Western Pacific,Rural,64.226,
2014,Solomon Islands,Western Pacific,Urban,91.195,
2015,Solomon Islands,Western Pacific,Rural,63.01214,
2015,Solomon Islands,Western Pacific,Urban,91.26698,
2016,Solomon Islands,Western Pacific,Rural,61.80406,
2016,Solomon Islands,Western Pacific,Urban,91.3389,
2017,Solomon Islands,Western Pacific,Rural,60.60177,
2017,Solomon Islands,Western Pacific,Urban,91.41077,
2000,Somalia,Eastern Mediterranean,Rural,4.24901,
2000,Somalia,Eastern Mediterranean,Urban,50.43063,
2001,Somalia,Eastern Mediterranean,Rural,6.23249,
2001,Somalia,Eastern Mediterranean,Urban,52.1739,
2002,Somalia,Eastern Mediterranean,Rural,8.21598,
2002,Somalia,Eastern Mediterranean,Urban,53.91717,
2003,Somalia,Eastern Mediterranean,Rural,10.19946,
2003,Somalia,Eastern Mediterranean,Urban,55.66044,
2004,Somalia,Eastern Mediterranean,Rural,12.18294,
2004,Somalia,Eastern Mediterranean,Urban,57.40371,
2005,Somalia,Eastern Mediterranean,Rural,13.88359,
2005,Somalia,Eastern Mediterranean,Urban,59.30829,
2006,Somalia,Eastern Mediterranean,Rural,15.50504,
2006,Somalia,Eastern Mediterranean,Urban,61.22239,
2007,Somalia,Eastern Mediterranean,Rural,17.0473,
2007,Somalia,Eastern Mediterranean,Urban,63.14599,
2008,Somalia,Eastern Mediterranean,Rural,18.51035,
2008,Somalia,Eastern Mediterranean,Urban,65.0791,
2009,Somalia,Eastern Mediterranean,Rural,19.89421,
2009,Somalia,Eastern Mediterranean,Urban,67.02172,
2010,Somalia,Eastern Mediterranean,Rural,21.19886,
2010,Somalia,Eastern Mediterranean,Urban,68.97385,
2011,Somalia,Eastern Mediterranean,Rural,22.42431,
2011,Somalia,Eastern Mediterranean,Urban,70.93549,
2012,Somalia,Eastern Mediterranean,Rural,23.57057,
2012,Somalia,Eastern Mediterranean,Urban,72.90663,
2013,Somalia,Eastern Mediterranean,Rural,24.63762,
2013,Somalia,Eastern Mediterranean,Urban,74.88729,
2014,Somalia,Eastern Mediterranean,Rural,25.62548,
2014,Somalia,Eastern Mediterranean,Urban,76.87746,
2015,Somalia,Eastern Mediterranean,Rural,26.53413,
2015,Somalia,Eastern Mediterranean,Urban,78.87713,
2016,Somalia,Eastern Mediterranean,Rural,27.36359,
2016,Somalia,Eastern Mediterranean,Urban,80.88631,
2017,Somalia,Eastern Mediterranean,Rural,28.11385,
2017,Somalia,Eastern Mediterranean,Urban,82.90501,
2000,South Africa,Africa,Rural,66.19306,
2000,South Africa,Africa,Urban,98.37426,90.14125
2001,South Africa,Africa,Rural,67.04498,
2001,South Africa,Africa,Urban,98.40539,90.16978
2002,South Africa,Africa,Rural,67.89691,
2002,South Africa,Africa,Urban,98.43652,90.22399
2003,South Africa,Africa,Rural,68.74883,
2003,South Africa,Africa,Urban,98.46765,90.27823
2004,South Africa,Africa,Rural,69.60075,
2004,South Africa,Africa,Urban,98.49878,90.33247
2005,South Africa,Africa,Rural,70.45268,
2005,South Africa,Africa,Urban,98.52991,90.38674
2006,South Africa,Africa,Rural,71.3046,
2006,South Africa,Africa,Urban,98.56104,90.3083
2007,South Africa,Africa,Rural,72.15652,
2007,South Africa,Africa,Urban,98.59216,89.5445
2008,South Africa,Africa,Rural,73.00845,
2008,South Africa,Africa,Urban,98.6233,88.7802
2009,South Africa,Africa,Rural,73.86037,
2009,South Africa,Africa,Urban,98.65443,88.01541
2010,South Africa,Africa,Rural,74.7123,
2010,South Africa,Africa,Urban,98.68555,87.25011
2011,South Africa,Africa,Rural,75.56422,
2011,South Africa,Africa,Urban,98.71668,86.48431
2012,South Africa,Africa,Rural,76.41615,
2012,South Africa,Africa,Urban,98.74782,85.71801
2013,South Africa,Africa,Rural,77.26807,
2013,South Africa,Africa,Urban,98.77895,84.95122
2014,South Africa,Africa,Rural,78.11999,
2014,South Africa,Africa,Urban,98.81007,84.18391
2015,South Africa,Africa,Rural,78.97192,
2015,South Africa,Africa,Urban,98.8412,83.41611
2016,South Africa,Africa,Rural,79.82384,
2016,South Africa,Africa,Urban,98.87233,82.64781
2017,South Africa,Africa,Rural,80.67576,
2017,South Africa,Africa,Urban,98.90347,81.87901
2000,South Sudan,Africa,Rural,,
2000,South Sudan,Africa,Urban,,
2001,South Sudan,Africa,Rural,,
2001,South Sudan,Africa,Urban,,
2002,South Sudan,Africa,Rural,,
2002,South Sudan,Africa,Urban,,
2003,South Sudan,Africa,Rural,,
2003,South Sudan,Africa,Urban,,
2004,South Sudan,Africa,Rural,,
2004,South Sudan,Africa,Urban,,
2005,South Sudan,Africa,Rural,,
2005,South Sudan,Africa,Urban,,
2006,South Sudan,Africa,Rural,,
2006,South Sudan,Africa,Urban,,
2007,South Sudan,Africa,Rural,,
2007,South Sudan,Africa,Urban,,
2008,South Sudan,Africa,Rural,,
2008,South Sudan,Africa,Urban,,
2009,South Sudan,Africa,Rural,,
2009,South Sudan,Africa,Urban,,
2010,South Sudan,Africa,Rural,,
2010,South Sudan,Africa,Urban,,
2011,South Sudan,Africa,Rural,38.68334,
2011,South Sudan,Africa,Urban,52.01019,
2012,South Sudan,Africa,Rural,38.20805,
2012,South Sudan,Africa,Urban,54.049,
2013,South Sudan,Africa,Rural,37.66953,
2013,South Sudan,Africa,Urban,56.1267,
2014,South Sudan,Africa,Rural,37.06778,
2014,South Sudan,Africa,Urban,58.24329,
2015,South Sudan,Africa,Rural,36.40282,
2015,South Sudan,Africa,Urban,60.39875,
2016,South Sudan,Africa,Rural,35.67463,
2016,South Sudan,Africa,Urban,62.59309,
2017,South Sudan,Africa,Rural,34.88322,
2017,South Sudan,Africa,Urban,64.82632,
2000,Spain,Europe,Rural,100.0,
2000,Spain,Europe,Urban,100.0,
2001,Spain,Europe,Rural,100.0,
2001,Spain,Europe,Urban,100.0,
2002,Spain,Europe,Rural,100.0,
2002,Spain,Europe,Urban,100.0,
2003,Spain,Europe,Rural,100.0,
2003,Spain,Europe,Urban,100.0,
2004,Spain,Europe,Rural,100.0,
2004,Spain,Europe,Urban,100.0,
2005,Spain,Europe,Rural,100.0,
2005,Spain,Europe,Urban,100.0,
2006,Spain,Europe,Rural,100.0,
2006,Spain,Europe,Urban,100.0,
2007,Spain,Europe,Rural,100.0,
2007,Spain,Europe,Urban,100.0,
2008,Spain,Europe,Rural,100.0,
2008,Spain,Europe,Urban,100.0,
2009,Spain,Europe,Rural,100.0,
2009,Spain,Europe,Urban,100.0,
2010,Spain,Europe,Rural,100.0,
2010,Spain,Europe,Urban,100.0,
2011,Spain,Europe,Rural,100.0,
2011,Spain,Europe,Urban,100.0,
2012,Spain,Europe,Rural,100.0,
2012,Spain,Europe,Urban,99.98247,
2013,Spain,Europe,Rural,100.0,
2013,Spain,Europe,Urban,99.94521,
2014,Spain,Europe,Rural,100.0,
2014,Spain,Europe,Urban,99.90794,
2015,Spain,Europe,Rural,100.0,
2015,Spain,Europe,Urban,99.90794,
2016,Spain,Europe,Rural,100.0,
2016,Spain,Europe,Urban,99.90794,
2017,Spain,Europe,Rural,100.0,
2017,Spain,Europe,Urban,99.90794,
2000,Sri Lanka,South-East Asia,Rural,75.98656,
2000,Sri Lanka,South-East Asia,Urban,95.36412,86.09052
2001,Sri Lanka,South-East Asia,Rural,76.72732,
2001,Sri Lanka,South-East Asia,Urban,95.39275,86.11636
2002,Sri Lanka,South-East Asia,Rural,77.42108,
2002,Sri Lanka,South-East Asia,Urban,95.48969,86.1422
2003,Sri Lanka,South-East Asia,Rural,78.11394,
2003,Sri Lanka,South-East Asia,Urban,95.58669,86.16805
2004,Sri Lanka,South-East Asia,Rural,78.8059,
2004,Sri Lanka,South-East Asia,Urban,95.68371,86.19389
2005,Sri Lanka,South-East Asia,Rural,79.49696,
2005,Sri Lanka,South-East Asia,Urban,95.78078,86.21973
2006,Sri Lanka,South-East Asia,Rural,80.18713,
2006,Sri Lanka,South-East Asia,Urban,95.87789,86.60426
2007,Sri Lanka,South-East Asia,Rural,80.87639,
2007,Sri Lanka,South-East Asia,Urban,95.97504,86.98899
2008,Sri Lanka,South-East Asia,Rural,81.56476,
2008,Sri Lanka,South-East Asia,Urban,96.07224,87.37395
2009,Sri Lanka,South-East Asia,Rural,82.25223,
2009,Sri Lanka,South-East Asia,Urban,96.16947,87.75911
2010,Sri Lanka,South-East Asia,Rural,82.93879,
2010,Sri Lanka,South-East Asia,Urban,96.26675,88.14449
2011,Sri Lanka,South-East Asia,Rural,83.62446,
2011,Sri Lanka,South-East Asia,Urban,96.36406,88.53009
2012,Sri Lanka,South-East Asia,Rural,84.30923,
2012,Sri Lanka,South-East Asia,Urban,96.46142,88.9159
2013,Sri Lanka,South-East Asia,Rural,84.9931,
2013,Sri Lanka,South-East Asia,Urban,96.55882,89.30193
2014,Sri Lanka,South-East Asia,Rural,85.67607,
2014,Sri Lanka,South-East Asia,Urban,96.65625,89.68816
2015,Sri Lanka,South-East Asia,Rural,86.35815,
2015,Sri Lanka,South-East Asia,Urban,96.75373,90.07462
2016,Sri Lanka,South-East Asia,Rural,87.03932,
2016,Sri Lanka,South-East Asia,Urban,96.85126,90.46129
2017,Sri Lanka,South-East Asia,Rural,87.7196,
2017,Sri Lanka,South-East Asia,Urban,96.94881,90.84818
2000,Sudan,Eastern Mediterranean,Rural,35.29995,
2000,Sudan,Eastern Mediterranean,Urban,60.31864,
2001,Sudan,Eastern Mediterranean,Rural,35.29995,
2001,Sudan,Eastern Mediterranean,Urban,60.31864,
2002,Sudan,Eastern Mediterranean,Rural,35.29995,
2002,Sudan,Eastern Mediterranean,Urban,60.31864,
2003,Sudan,Eastern Mediterranean,Rural,35.29995,
2003,Sudan,Eastern Mediterranean,Urban,60.31864,
2004,Sudan,Eastern Mediterranean,Rural,35.29995,
2004,Sudan,Eastern Mediterranean,Urban,60.31864,
2005,Sudan,Eastern Mediterranean,Rural,36.79155,
2005,Sudan,Eastern Mediterranean,Urban,61.47844,
2006,Sudan,Eastern Mediterranean,Rural,38.28313,
2006,Sudan,Eastern Mediterranean,Urban,62.63824,
2007,Sudan,Eastern Mediterranean,Rural,39.77472,
2007,Sudan,Eastern Mediterranean,Urban,63.79804,
2008,Sudan,Eastern Mediterranean,Rural,41.26631,
2008,Sudan,Eastern Mediterranean,Urban,64.95785,
2009,Sudan,Eastern Mediterranean,Rural,42.7579,
2009,Sudan,Eastern Mediterranean,Urban,66.11765,
2010,Sudan,Eastern Mediterranean,Rural,44.24949,
2010,Sudan,Eastern Mediterranean,Urban,67.27745,
2011,Sudan,Eastern Mediterranean,Rural,45.74108,
2011,Sudan,Eastern Mediterranean,Urban,68.43725,
2012,Sudan,Eastern Mediterranean,Rural,47.23267,
2012,Sudan,Eastern Mediterranean,Urban,69.59705,
2013,Sudan,Eastern Mediterranean,Rural,48.72426,
2013,Sudan,Eastern Mediterranean,Urban,70.75685,
2014,Sudan,Eastern Mediterranean,Rural,50.21585,
2014,Sudan,Eastern Mediterranean,Urban,71.91666,
2015,Sudan,Eastern Mediterranean,Rural,51.70744,
2015,Sudan,Eastern Mediterranean,Urban,73.07645,
2016,Sudan,Eastern Mediterranean,Rural,53.19903,
2016,Sudan,Eastern Mediterranean,Urban,73.76366,
2017,Sudan,Eastern Mediterranean,Rural,53.19903,
2017,Sudan,Eastern Mediterranean,Urban,73.76366,
2000,Suriname,Americas,Rural,73.56894,
2000,Suriname,Americas,Urban,97.64301,
2001,Suriname,Americas,Rural,74.5196,
2001,Suriname,Americas,Urban,97.66306,
2002,Suriname,Americas,Rural,75.46687,
2002,Suriname,Americas,Urban,97.68304,
2003,Suriname,Americas,Rural,76.41077,
2003,Suriname,Americas,Urban,97.70296,
2004,Suriname,Americas,Rural,77.35128,
2004,Suriname,Americas,Urban,97.7228,
2005,Suriname,Americas,Rural,78.28841,
2005,Suriname,Americas,Urban,97.74258,
2006,Suriname,Americas,Rural,79.22215,
2006,Suriname,Americas,Urban,97.76231,
2007,Suriname,Americas,Rural,80.15252,
2007,Suriname,Americas,Urban,97.78196,
2008,Suriname,Americas,Rural,81.0795,
2008,Suriname,Americas,Urban,97.80154,
2009,Suriname,Americas,Rural,82.0031,
2009,Suriname,Americas,Urban,97.82106,
2010,Suriname,Americas,Rural,82.92332,
2010,Suriname,Americas,Urban,97.84052,
2011,Suriname,Americas,Rural,83.84015,
2011,Suriname,Americas,Urban,97.8599,
2012,Suriname,Americas,Rural,84.7536,
2012,Suriname,Americas,Urban,97.87922,
2013,Suriname,Americas,Rural,85.80207,
2013,Suriname,Americas,Urban,97.94663,
2014,Suriname,Americas,Rural,86.85054,
2014,Suriname,Americas,Urban,98.01405,
2015,Suriname,Americas,Rural,87.35076,
2015,Suriname,Americas,Urban,98.08147,
2016,Suriname,Americas,Rural,87.46136,
2016,Suriname,Americas,Urban,98.14888,
2017,Suriname,Americas,Rural,89.99594,
2017,Suriname,Americas,Urban,98.2163,
2000,Sweden,Europe,Rural,100.0,
2000,Sweden,Europe,Urban,100.0,
2001,Sweden,Europe,Rural,100.0,
2001,Sweden,Europe,Urban,100.0,
2002,Sweden,Europe,Rural,100.0,
2002,Sweden,Europe,Urban,100.0,
2003,Sweden,Europe,Rural,100.0,
2003,Sweden,Europe,Urban,100.0,
2004,Sweden,Europe,Rural,100.0,
2004,Sweden,Europe,Urban,100.0,
2005,Sweden,Europe,Rural,100.0,
2005,Sweden,Europe,Urban,100.0,
2006,Sweden,Europe,Rural,100.0,
2006,Sweden,Europe,Urban,100.0,
2007,Sweden,Europe,Rural,100.0,
2007,Sweden,Europe,Urban,100.0,
2008,Sweden,Europe,Rural,100.0,
2008,Sweden,Europe,Urban,100.0,
2009,Sweden,Europe,Rural,100.0,
2009,Sweden,Europe,Urban,100.0,
2010,Sweden,Europe,Rural,100.0,
2010,Sweden,Europe,Urban,100.0,
2011,Sweden,Europe,Rural,100.0,
2011,Sweden,Europe,Urban,100.0,
2012,Sweden,Europe,Rural,100.0,
2012,Sweden,Europe,Urban,100.0,
2013,Sweden,Europe,Rural,100.0,
2013,Sweden,Europe,Urban,100.0,
2014,Sweden,Europe,Rural,100.0,
2014,Sweden,Europe,Urban,100.0,
2015,Sweden,Europe,Rural,100.0,
2015,Sweden,Europe,Urban,100.0,
2016,Sweden,Europe,Rural,100.0,
2016,Sweden,Europe,Urban,100.0,
2017,Sweden,Europe,Rural,100.0,
2017,Sweden,Europe,Urban,100.0,
2000,Switzerland,Europe,Rural,100.0,
2000,Switzerland,Europe,Urban,100.0,
2001,Switzerland,Europe,Rural,100.0,
2001,Switzerland,Europe,Urban,100.0,
2002,Switzerland,Europe,Rural,100.0,
2002,Switzerland,Europe,Urban,100.0,
2003,Switzerland,Europe,Rural,100.0,
2003,Switzerland,Europe,Urban,100.0,
2004,Switzerland,Europe,Rural,100.0,
2004,Switzerland,Europe,Urban,100.0,
2005,Switzerland,Europe,Rural,100.0,
2005,Switzerland,Europe,Urban,100.0,
2006,Switzerland,Europe,Rural,100.0,
2006,Switzerland,Europe,Urban,100.0,
2007,Switzerland,Europe,Rural,100.0,
2007,Switzerland,Europe,Urban,100.0,
2008,Switzerland,Europe,Rural,100.0,
2008,Switzerland,Europe,Urban,100.0,
2009,Switzerland,Europe,Rural,100.0,
2009,Switzerland,Europe,Urban,100.0,
2010,Switzerland,Europe,Rural,100.0,
2010,Switzerland,Europe,Urban,100.0,
2011,Switzerland,Europe,Rural,100.0,
2011,Switzerland,Europe,Urban,100.0,
2012,Switzerland,Europe,Rural,100.0,
2012,Switzerland,Europe,Urban,100.0,
2013,Switzerland,Europe,Rural,100.0,
2013,Switzerland,Europe,Urban,100.0,
2014,Switzerland,Europe,Rural,100.0,
2014,Switzerland,Europe,Urban,100.0,
2015,Switzerland,Europe,Rural,100.0,
2015,Switzerland,Europe,Urban,100.0,
2016,Switzerland,Europe,Rural,100.0,
2016,Switzerland,Europe,Urban,100.0,
2017,Switzerland,Europe,Rural,100.0,
2017,Switzerland,Europe,Urban,100.0,
2000,Syrian Arab Republic,Eastern Mediterranean,Rural,90.10829,
2000,Syrian Arab Republic,Eastern Mediterranean,Urban,99.26787,
2001,Syrian Arab Republic,Eastern Mediterranean,Rural,90.40588,
2001,Syrian Arab Republic,Eastern Mediterranean,Urban,99.25198,
2002,Syrian Arab Republic,Eastern Mediterranean,Rural,90.70345,
2002,Syrian Arab Republic,Eastern Mediterranean,Urban,99.23609,
2003,Syrian Arab Republic,Eastern Mediterranean,Rural,91.00103,
2003,Syrian Arab Republic,Eastern Mediterranean,Urban,99.2202,
2004,Syrian Arab Republic,Eastern Mediterranean,Rural,91.29861,
2004,Syrian Arab Republic,Eastern Mediterranean,Urban,99.20431,
2005,Syrian Arab Republic,Eastern Mediterranean,Rural,91.59618,
2005,Syrian Arab Republic,Eastern Mediterranean,Urban,99.18842,
2006,Syrian Arab Republic,Eastern Mediterranean,Rural,91.89376,
2006,Syrian Arab Republic,Eastern Mediterranean,Urban,99.17253,
2007,Syrian Arab Republic,Eastern Mediterranean,Rural,92.19135,
2007,Syrian Arab Republic,Eastern Mediterranean,Urban,99.15664,
2008,Syrian Arab Republic,Eastern Mediterranean,Rural,92.48892,
2008,Syrian Arab Republic,Eastern Mediterranean,Urban,99.14075,
2009,Syrian Arab Republic,Eastern Mediterranean,Rural,92.7865,
2009,Syrian Arab Republic,Eastern Mediterranean,Urban,99.12486,
2010,Syrian Arab Republic,Eastern Mediterranean,Rural,93.08408,
2010,Syrian Arab Republic,Eastern Mediterranean,Urban,99.10897,
2011,Syrian Arab Republic,Eastern Mediterranean,Rural,93.38165,
2011,Syrian Arab Republic,Eastern Mediterranean,Urban,99.09309,
2012,Syrian Arab Republic,Eastern Mediterranean,Rural,93.67923,
2012,Syrian Arab Republic,Eastern Mediterranean,Urban,99.07719,
2013,Syrian Arab Republic,Eastern Mediterranean,Rural,93.97681,
2013,Syrian Arab Republic,Eastern Mediterranean,Urban,99.0613,
2014,Syrian Arab Republic,Eastern Mediterranean,Rural,94.27439,
2014,Syrian Arab Republic,Eastern Mediterranean,Urban,99.04542,
2015,Syrian Arab Republic,Eastern Mediterranean,Rural,94.57197,
2015,Syrian Arab Republic,Eastern Mediterranean,Urban,99.02953,
2016,Syrian Arab Republic,Eastern Mediterranean,Rural,94.86954,
2016,Syrian Arab Republic,Eastern Mediterranean,Urban,99.01363,
2017,Syrian Arab Republic,Eastern Mediterranean,Rural,95.16712,
2017,Syrian Arab Republic,Eastern Mediterranean,Urban,98.99774,
2000,Tajikistan,Europe,Rural,43.46983,
2000,Tajikistan,Europe,Urban,90.39703,
2001,Tajikistan,Europe,Rural,45.27232,
2001,Tajikistan,Europe,Urban,90.73552,
2002,Tajikistan,Europe,Rural,47.08603,
2002,Tajikistan,Europe,Urban,91.07464,
2003,Tajikistan,Europe,Rural,48.91096,
2003,Tajikistan,Europe,Urban,91.41439,
2004,Tajikistan,Europe,Rural,50.74711,
2004,Tajikistan,Europe,Urban,91.75477,
2005,Tajikistan,Europe,Rural,52.59449,
2005,Tajikistan,Europe,Urban,92.09578,
2006,Tajikistan,Europe,Rural,54.45309,
2006,Tajikistan,Europe,Urban,92.43741,
2007,Tajikistan,Europe,Rural,56.32291,
2007,Tajikistan,Europe,Urban,92.77968,
2008,Tajikistan,Europe,Rural,58.20396,
2008,Tajikistan,Europe,Urban,93.12257,
2009,Tajikistan,Europe,Rural,60.09622,
2009,Tajikistan,Europe,Urban,93.46609,
2010,Tajikistan,Europe,Rural,61.99971,
2010,Tajikistan,Europe,Urban,93.81024,
2011,Tajikistan,Europe,Rural,63.91442,
2011,Tajikistan,Europe,Urban,94.15502,
2012,Tajikistan,Europe,Rural,65.84036,
2012,Tajikistan,Europe,Urban,94.50043,
2013,Tajikistan,Europe,Rural,67.77752,
2013,Tajikistan,Europe,Urban,94.84647,
2014,Tajikistan,Europe,Rural,69.7259,
2014,Tajikistan,Europe,Urban,95.19314,
2015,Tajikistan,Europe,Rural,71.6855,
2015,Tajikistan,Europe,Urban,95.54044,
2016,Tajikistan,Europe,Rural,73.65633,
2016,Tajikistan,Europe,Urban,95.88836,
2017,Tajikistan,Europe,Rural,75.63838,
2017,Tajikistan,Europe,Urban,96.23692,
2000,Thailand,South-East Asia,Rural,91.6601,
2000,Thailand,South-East Asia,Urban,97.92845,
2001,Thailand,South-East Asia,Rural,92.14872,
2001,Thailand,South-East Asia,Urban,98.06474,
2002,Thailand,South-East Asia,Rural,92.63734,
2002,Thailand,South-East Asia,Urban,98.20104,
2003,Thailand,South-East Asia,Rural,93.12596,
2003,Thailand,South-East Asia,Urban,98.33733,
2004,Thailand,South-East Asia,Rural,93.61458,
2004,Thailand,South-East Asia,Urban,98.47363,
2005,Thailand,South-East Asia,Rural,94.11828,
2005,Thailand,South-East Asia,Urban,98.60992,
2006,Thailand,South-East Asia,Rural,94.62213,
2006,Thailand,South-East Asia,Urban,98.74622,
2007,Thailand,South-East Asia,Rural,95.12614,
2007,Thailand,South-East Asia,Urban,98.86267,
2008,Thailand,South-East Asia,Rural,95.63031,
2008,Thailand,South-East Asia,Urban,98.97228,
2009,Thailand,South-East Asia,Rural,96.13463,
2009,Thailand,South-East Asia,Urban,99.08182,
2010,Thailand,South-East Asia,Rural,96.63911,
2010,Thailand,South-East Asia,Urban,99.19128,
2011,Thailand,South-East Asia,Rural,97.14375,
2011,Thailand,South-East Asia,Urban,99.30066,
2012,Thailand,South-East Asia,Rural,97.64854,
2012,Thailand,South-East Asia,Urban,99.40997,
2013,Thailand,South-East Asia,Rural,98.15349,
2013,Thailand,South-East Asia,Urban,99.51921,
2014,Thailand,South-East Asia,Rural,98.65859,
2014,Thailand,South-East Asia,Urban,99.62282,
2015,Thailand,South-East Asia,Rural,99.01855,
2015,Thailand,South-East Asia,Urban,99.58817,
2016,Thailand,South-East Asia,Rural,99.03191,
2016,Thailand,South-East Asia,Urban,99.7376,
2017,Thailand,South-East Asia,Rural,100.0,
2017,Thailand,South-East Asia,Urban,99.85917,
2000,Timor-Leste,South-East Asia,Rural,,
2000,Timor-Leste,South-East Asia,Urban,,
2001,Timor-Leste,South-East Asia,Rural,,
2001,Timor-Leste,South-East Asia,Urban,,
2002,Timor-Leste,South-East Asia,Rural,43.31006,
2002,Timor-Leste,South-East Asia,Urban,72.55939,
2003,Timor-Leste,South-East Asia,Rural,44.59648,
2003,Timor-Leste,South-East Asia,Urban,74.3429,
2004,Timor-Leste,South-East Asia,Rural,45.8829,
2004,Timor-Leste,South-East Asia,Urban,76.1264,
2005,Timor-Leste,South-East Asia,Rural,47.16933,
2005,Timor-Leste,South-East Asia,Urban,77.9099,
2006,Timor-Leste,South-East Asia,Rural,48.45575,
2006,Timor-Leste,South-East Asia,Urban,79.69341,
2007,Timor-Leste,South-East Asia,Rural,49.74217,
2007,Timor-Leste,South-East Asia,Urban,81.47691,
2008,Timor-Leste,South-East Asia,Rural,51.02859,
2008,Timor-Leste,South-East Asia,Urban,83.26041,
2009,Timor-Leste,South-East Asia,Rural,52.9731,
2009,Timor-Leste,South-East Asia,Urban,85.14681,
2010,Timor-Leste,South-East Asia,Rural,54.94997,
2010,Timor-Leste,South-East Asia,Urban,87.03754,
2011,Timor-Leste,South-East Asia,Rural,56.95921,
2011,Timor-Leste,South-East Asia,Urban,88.93258,
2012,Timor-Leste,South-East Asia,Rural,59.00082,
2012,Timor-Leste,South-East Asia,Urban,90.83194,
2013,Timor-Leste,South-East Asia,Rural,61.07478,
2013,Timor-Leste,South-East Asia,Urban,92.73562,
2014,Timor-Leste,South-East Asia,Rural,63.18112,
2014,Timor-Leste,South-East Asia,Urban,94.64361,
2015,Timor-Leste,South-East Asia,Rural,65.31982,
2015,Timor-Leste,South-East Asia,Urban,96.55592,
2016,Timor-Leste,South-East Asia,Rural,67.49088,
2016,Timor-Leste,South-East Asia,Urban,98.20617,
2017,Timor-Leste,South-East Asia,Rural,69.69431,
2017,Timor-Leste,South-East Asia,Urban,98.32387,
2000,Togo,Africa,Rural,29.60045,
2000,Togo,Africa,Urban,79.08694,
2001,Togo,Africa,Rural,30.71327,
2001,Togo,Africa,Urban,79.67269,
2002,Togo,Africa,Rural,31.82515,
2002,Togo,Africa,Urban,80.25852,
2003,Togo,Africa,Rural,32.93608,
2003,Togo,Africa,Urban,80.84444,
2004,Togo,Africa,Rural,34.04606,
2004,Togo,Africa,Urban,81.43044,
2005,Togo,Africa,Rural,35.15509,
2005,Togo,Africa,Urban,82.01652,
2006,Togo,Africa,Rural,36.26318,
2006,Togo,Africa,Urban,82.60269,
2007,Togo,Africa,Rural,37.37032,
2007,Togo,Africa,Urban,83.18895,
2008,Togo,Africa,Rural,38.47652,
2008,Togo,Africa,Urban,83.77529,
2009,Togo,Africa,Rural,39.58177,
2009,Togo,Africa,Urban,84.36172,
2010,Togo,Africa,Rural,40.68607,
2010,Togo,Africa,Urban,84.94823,
2011,Togo,Africa,Rural,41.78942,
2011,Togo,Africa,Urban,85.53484,
2012,Togo,Africa,Rural,42.89183,
2012,Togo,Africa,Urban,86.12152,
2013,Togo,Africa,Rural,43.99329,
2013,Togo,Africa,Urban,86.70829,
2014,Togo,Africa,Rural,45.09381,
2014,Togo,Africa,Urban,87.29515,
2015,Togo,Africa,Rural,46.19337,
2015,Togo,Africa,Urban,87.88209,
2016,Togo,Africa,Rural,47.292,
2016,Togo,Africa,Urban,88.46912,
2017,Togo,Africa,Rural,48.38967,
2017,Togo,Africa,Urban,89.05623,
2000,Tonga,Western Pacific,Rural,98.82884,
2000,Tonga,Western Pacific,Urban,97.3651,
2001,Tonga,Western Pacific,Rural,98.82884,
2001,Tonga,Western Pacific,Urban,97.3651,
2002,Tonga,Western Pacific,Rural,98.82884,
2002,Tonga,Western Pacific,Urban,97.3651,
2003,Tonga,Western Pacific,Rural,98.82884,
2003,Tonga,Western Pacific,Urban,97.3651,
2004,Tonga,Western Pacific,Rural,98.82884,
2004,Tonga,Western Pacific,Urban,97.3651,
2005,Tonga,Western Pacific,Rural,98.94068,
2005,Tonga,Western Pacific,Urban,97.60587,
2006,Tonga,Western Pacific,Rural,99.05252,
2006,Tonga,Western Pacific,Urban,97.84664,
2007,Tonga,Western Pacific,Rural,99.16436,
2007,Tonga,Western Pacific,Urban,98.08741,
2008,Tonga,Western Pacific,Rural,99.2762,
2008,Tonga,Western Pacific,Urban,98.32818,
2009,Tonga,Western Pacific,Rural,99.38804,
2009,Tonga,Western Pacific,Urban,98.56895,
2010,Tonga,Western Pacific,Rural,99.49989,
2010,Tonga,Western Pacific,Urban,98.80972,
2011,Tonga,Western Pacific,Rural,99.61172,
2011,Tonga,Western Pacific,Urban,99.05049,
2012,Tonga,Western Pacific,Rural,99.72356,
2012,Tonga,Western Pacific,Urban,99.29126,
2013,Tonga,Western Pacific,Rural,99.8354,
2013,Tonga,Western Pacific,Urban,99.53203,
2014,Tonga,Western Pacific,Rural,99.94724,
2014,Tonga,Western Pacific,Urban,99.7728,
2015,Tonga,Western Pacific,Rural,99.94724,
2015,Tonga,Western Pacific,Urban,99.7728,
2016,Tonga,Western Pacific,Rural,99.94724,
2016,Tonga,Western Pacific,Urban,99.7728,
2017,Tonga,Western Pacific,Rural,99.94724,
2017,Tonga,Western Pacific,Urban,99.7728,
2000,Trinidad and Tobago,Americas,Rural,,
2000,Trinidad and Tobago,Americas,Urban,,
2001,Trinidad and Tobago,Americas,Rural,,
2001,Trinidad and Tobago,Americas,Urban,,
2002,Trinidad and Tobago,Americas,Rural,,
2002,Trinidad and Tobago,Americas,Urban,,
2003,Trinidad and Tobago,Americas,Rural,,
2003,Trinidad and Tobago,Americas,Urban,,
2004,Trinidad and Tobago,Americas,Rural,,
2004,Trinidad and Tobago,Americas,Urban,,
2005,Trinidad and Tobago,Americas,Rural,,
2005,Trinidad and Tobago,Americas,Urban,,
2006,Trinidad and Tobago,Americas,Rural,,
2006,Trinidad and Tobago,Americas,Urban,,
2007,Trinidad and Tobago,Americas,Rural,,
2007,Trinidad and Tobago,Americas,Urban,,
2008,Trinidad and Tobago,Americas,Rural,,
2008,Trinidad and Tobago,Americas,Urban,,
2009,Trinidad and Tobago,Americas,Rural,,
2009,Trinidad and Tobago,Americas,Urban,,
2010,Trinidad and Tobago,Americas,Rural,,
2010,Trinidad and Tobago,Americas,Urban,,
2011,Trinidad and Tobago,Americas,Rural,,
2011,Trinidad and Tobago,Americas,Urban,,
2012,Trinidad and Tobago,Americas,Rural,,
2012,Trinidad and Tobago,Americas,Urban,,
2013,Trinidad and Tobago,Americas,Rural,,
2013,Trinidad and Tobago,Americas,Urban,,
2014,Trinidad and Tobago,Americas,Rural,,
2014,Trinidad and Tobago,Americas,Urban,,
2015,Trinidad and Tobago,Americas,Rural,,
2015,Trinidad and Tobago,Americas,Urban,,
2016,Trinidad and Tobago,Americas,Rural,,
2016,Trinidad and Tobago,Americas,Urban,,
2017,Trinidad and Tobago,Americas,Rural,,
2017,Trinidad and Tobago,Americas,Urban,,
2000,Tunisia,Eastern Mediterranean,Rural,70.64274,
2000,Tunisia,Eastern Mediterranean,Urban,97.84862,
2001,Tunisia,Eastern Mediterranean,Rural,71.31419,
2001,Tunisia,Eastern Mediterranean,Urban,97.98795,
2002,Tunisia,Eastern Mediterranean,Rural,71.98565,
2002,Tunisia,Eastern Mediterranean,Urban,98.1271,
2003,Tunisia,Eastern Mediterranean,Rural,72.6571,
2003,Tunisia,Eastern Mediterranean,Urban,98.26626,
2004,Tunisia,Eastern Mediterranean,Rural,73.32855,
2004,Tunisia,Eastern Mediterranean,Urban,98.40542,
2005,Tunisia,Eastern Mediterranean,Rural,74.00001,
2005,Tunisia,Eastern Mediterranean,Urban,98.54458,
2006,Tunisia,Eastern Mediterranean,Rural,74.67146,
2006,Tunisia,Eastern Mediterranean,Urban,98.68374,
2007,Tunisia,Eastern Mediterranean,Rural,75.34291,
2007,Tunisia,Eastern Mediterranean,Urban,98.82289,
2008,Tunisia,Eastern Mediterranean,Rural,76.01437,
2008,Tunisia,Eastern Mediterranean,Urban,98.96205,
2009,Tunisia,Eastern Mediterranean,Rural,77.05086,
2009,Tunisia,Eastern Mediterranean,Urban,99.1012,
2010,Tunisia,Eastern Mediterranean,Rural,78.90688,
2010,Tunisia,Eastern Mediterranean,Urban,99.24036,
2011,Tunisia,Eastern Mediterranean,Rural,80.78339,
2011,Tunisia,Eastern Mediterranean,Urban,99.37952,
2012,Tunisia,Eastern Mediterranean,Rural,82.68042,
2012,Tunisia,Eastern Mediterranean,Urban,99.51867,
2013,Tunisia,Eastern Mediterranean,Rural,84.59795,
2013,Tunisia,Eastern Mediterranean,Urban,99.65783,
2014,Tunisia,Eastern Mediterranean,Rural,86.536,
2014,Tunisia,Eastern Mediterranean,Urban,99.69966,
2015,Tunisia,Eastern Mediterranean,Rural,87.26192,
2015,Tunisia,Eastern Mediterranean,Urban,99.69966,
2016,Tunisia,Eastern Mediterranean,Rural,87.98785,
2016,Tunisia,Eastern Mediterranean,Urban,99.69966,
2017,Tunisia,Eastern Mediterranean,Rural,88.71376,
2017,Tunisia,Eastern Mediterranean,Urban,99.69966,
2000,Turkey,Europe,Rural,89.30463,
2000,Turkey,Europe,Urban,98.85983,
2001,Turkey,Europe,Rural,89.30463,
2001,Turkey,Europe,Urban,98.84481,
2002,Turkey,Europe,Rural,90.04758,
2002,Turkey,Europe,Urban,98.82978,
2003,Turkey,Europe,Rural,90.79053,
2003,Turkey,Europe,Urban,98.81475,
2004,Turkey,Europe,Rural,91.53348,
2004,Turkey,Europe,Urban,98.79973,
2005,Turkey,Europe,Rural,92.27643,
2005,Turkey,Europe,Urban,98.7847,
2006,Turkey,Europe,Rural,93.01939,
2006,Turkey,Europe,Urban,98.76967,
2007,Turkey,Europe,Rural,93.76234,
2007,Turkey,Europe,Urban,98.75465,
2008,Turkey,Europe,Rural,94.50529,
2008,Turkey,Europe,Urban,98.73962,
2009,Turkey,Europe,Rural,95.24824,
2009,Turkey,Europe,Urban,98.72459,
2010,Turkey,Europe,Rural,95.99119,
2010,Turkey,Europe,Urban,98.70956,
2011,Turkey,Europe,Rural,96.73414,
2011,Turkey,Europe,Urban,98.69453,
2012,Turkey,Europe,Rural,97.47709,
2012,Turkey,Europe,Urban,98.6795,
2013,Turkey,Europe,Rural,98.22005,
2013,Turkey,Europe,Urban,98.66448,
2014,Turkey,Europe,Rural,98.963,
2014,Turkey,Europe,Urban,98.64945,
2015,Turkey,Europe,Rural,99.63028,
2015,Turkey,Europe,Urban,98.63443,
2016,Turkey,Europe,Rural,99.63028,
2016,Turkey,Europe,Urban,98.6194,
2017,Turkey,Europe,Rural,99.63028,
2017,Turkey,Europe,Urban,98.6194,
2000,Turkmenistan,Europe,Rural,79.15154,50.24136
2000,Turkmenistan,Europe,Urban,96.20581,84.44909
2001,Turkmenistan,Europe,Rural,80.4494,52.37652
2001,Turkmenistan,Europe,Urban,96.25768,84.49462
2002,Turkmenistan,Europe,Rural,81.74727,54.554
2002,Turkmenistan,Europe,Urban,96.30956,84.54015
2003,Turkmenistan,Europe,Rural,83.04513,56.77379
2003,Turkmenistan,Europe,Urban,96.36143,84.58569
2004,Turkmenistan,Europe,Rural,84.34299,59.0359
2004,Turkmenistan,Europe,Urban,96.4133,84.63122
2005,Turkmenistan,Europe,Rural,85.51352,61.34031
2005,Turkmenistan,Europe,Urban,96.70015,85.89014
2006,Turkmenistan,Europe,Rural,86.68019,63.68703
2006,Turkmenistan,Europe,Urban,96.98725,87.15037
2007,Turkmenistan,Europe,Rural,87.843,66.07607
2007,Turkmenistan,Europe,Urban,97.2746,88.4119
2008,Turkmenistan,Europe,Rural,89.00195,68.50742
2008,Turkmenistan,Europe,Urban,97.56221,89.67474
2009,Turkmenistan,Europe,Rural,90.15704,70.98107
2009,Turkmenistan,Europe,Urban,97.85007,90.93888
2010,Turkmenistan,Europe,Rural,91.30827,73.49704
2010,Turkmenistan,Europe,Urban,98.13518,92.20152
2011,Turkmenistan,Europe,Rural,92.45564,76.05532
2011,Turkmenistan,Europe,Urban,98.40395,93.44963
2012,Turkmenistan,Europe,Rural,93.59914,78.65591
2012,Turkmenistan,Europe,Urban,98.67287,94.69856
2013,Turkmenistan,Europe,Rural,94.7388,81.29882
2013,Turkmenistan,Europe,Urban,98.95103,95.95711
2014,Turkmenistan,Europe,Rural,95.87459,83.98403
2014,Turkmenistan,Europe,Urban,99.18689,96.50794
2015,Turkmenistan,Europe,Rural,97.00652,86.71156
2015,Turkmenistan,Europe,Urban,99.42275,96.65162
2016,Turkmenistan,Europe,Rural,97.72062,89.10392
2016,Turkmenistan,Europe,Urban,99.65861,96.7953
2017,Turkmenistan,Europe,Rural,97.57269,90.72574
2017,Turkmenistan,Europe,Urban,100.0,96.93897
2000,Tuvalu,Western Pacific,Rural,,
2000,Tuvalu,Western Pacific,Urban,,
2001,Tuvalu,Western Pacific,Rural,97.52,
2001,Tuvalu,Western Pacific,Urban,98.32,49.16
2002,Tuvalu,Western Pacific,Rural,97.52,
2002,Tuvalu,Western Pacific,Urban,98.32,49.16
2003,Tuvalu,Western Pacific,Rural,97.52,
2003,Tuvalu,Western Pacific,Urban,98.32,49.16
2004,Tuvalu,Western Pacific,Rural,97.52,
2004,Tuvalu,Western Pacific,Urban,98.32,49.16
2005,Tuvalu,Western Pacific,Rural,97.52,
2005,Tuvalu,Western Pacific,Urban,98.32,49.16
2006,Tuvalu,Western Pacific,Rural,97.66,
2006,Tuvalu,Western Pacific,Urban,98.46,49.23
2007,Tuvalu,Western Pacific,Rural,97.8,
2007,Tuvalu,Western Pacific,Urban,98.6,49.3
2008,Tuvalu,Western Pacific,Rural,97.94,
2008,Tuvalu,Western Pacific,Urban,98.74,49.37
2009,Tuvalu,Western Pacific,Rural,98.08,
2009,Tuvalu,Western Pacific,Urban,98.88,49.44
2010,Tuvalu,Western Pacific,Rural,98.22,
2010,Tuvalu,Western Pacific,Urban,99.02,49.51
2011,Tuvalu,Western Pacific,Rural,98.36,
2011,Tuvalu,Western Pacific,Urban,99.16,49.58
2012,Tuvalu,Western Pacific,Rural,98.5,
2012,Tuvalu,Western Pacific,Urban,99.3,49.65
2013,Tuvalu,Western Pacific,Rural,98.64,
2013,Tuvalu,Western Pacific,Urban,99.44,49.72
2014,Tuvalu,Western Pacific,Rural,98.78,
2014,Tuvalu,Western Pacific,Urban,99.58,49.79
2015,Tuvalu,Western Pacific,Rural,98.78,
2015,Tuvalu,Western Pacific,Urban,99.58,49.79
2016,Tuvalu,Western Pacific,Rural,98.78,
2016,Tuvalu,Western Pacific,Urban,99.58,49.79
2017,Tuvalu,Western Pacific,Rural,98.78,
2017,Tuvalu,Western Pacific,Urban,99.58,49.79
2000,Uganda,Africa,Rural,19.18054,1.13331
2000,Uganda,Africa,Urban,70.38492,25.75991
2001,Uganda,Africa,Rural,20.25067,1.28316
2001,Uganda,Africa,Urban,70.65884,25.18094
2002,Uganda,Africa,Rural,21.34931,1.43872
2002,Uganda,Africa,Urban,70.93324,24.6004
2003,Uganda,Africa,Rural,22.47648,1.59999
2003,Uganda,Africa,Urban,71.2081,24.01829
2004,Uganda,Africa,Rural,23.63216,1.76696
2004,Uganda,Africa,Urban,71.48343,23.43463
2005,Uganda,Africa,Rural,24.81636,1.93963
2005,Uganda,Africa,Urban,71.75923,22.84939
2006,Uganda,Africa,Rural,26.02908,2.11802
2006,Uganda,Africa,Urban,72.03551,22.26259
2007,Uganda,Africa,Rural,27.27032,2.3021
2007,Uganda,Africa,Urban,72.31226,21.67423
2008,Uganda,Africa,Rural,28.54007,2.4919
2008,Uganda,Africa,Urban,72.58947,21.0843
2009,Uganda,Africa,Rural,29.83834,2.68739
2009,Uganda,Africa,Urban,72.86715,20.4928
2010,Uganda,Africa,Rural,31.16513,2.8886
2010,Uganda,Africa,Urban,73.1453,19.89974
2011,Uganda,Africa,Rural,32.52044,3.09551
2011,Uganda,Africa,Urban,73.42393,19.30511
2012,Uganda,Africa,Rural,33.90427,3.30812
2012,Uganda,Africa,Urban,73.70303,18.70892
2013,Uganda,Africa,Rural,35.31661,3.52644
2013,Uganda,Africa,Urban,73.98259,18.11117
2014,Uganda,Africa,Rural,36.75748,3.75047
2014,Uganda,Africa,Urban,74.26263,17.51185
2015,Uganda,Africa,Rural,38.22686,3.9802
2015,Uganda,Africa,Urban,74.54313,16.91096
2016,Uganda,Africa,Rural,39.72475,4.21564
2016,Uganda,Africa,Urban,74.8241,16.30851
2017,Uganda,Africa,Rural,41.25117,4.45678
2017,Uganda,Africa,Urban,75.10555,15.70449
2000,Ukraine,Europe,Rural,94.6108,
2000,Ukraine,Europe,Urban,99.67076,
2001,Ukraine,Europe,Rural,94.87574,
2001,Ukraine,Europe,Urban,99.65851,
2002,Ukraine,Europe,Rural,95.07804,
2002,Ukraine,Europe,Urban,99.64626,
2003,Ukraine,Europe,Rural,95.27999,
2003,Ukraine,Europe,Urban,99.58196,
2004,Ukraine,Europe,Rural,95.48159,
2004,Ukraine,Europe,Urban,98.83221,
2005,Ukraine,Europe,Rural,95.68285,
2005,Ukraine,Europe,Urban,98.08266,
2006,Ukraine,Europe,Rural,95.88374,
2006,Ukraine,Europe,Urban,97.33327,
2007,Ukraine,Europe,Rural,96.0843,
2007,Ukraine,Europe,Urban,96.58408,
2008,Ukraine,Europe,Rural,96.28451,
2008,Ukraine,Europe,Urban,95.83505,
2009,Ukraine,Europe,Rural,96.48436,
2009,Ukraine,Europe,Urban,95.08622,
2010,Ukraine,Europe,Rural,96.68387,
2010,Ukraine,Europe,Urban,94.33756,
2011,Ukraine,Europe,Rural,96.88303,
2011,Ukraine,Europe,Urban,93.58909,
2012,Ukraine,Europe,Rural,97.08184,
2012,Ukraine,Europe,Urban,92.8408,
2013,Ukraine,Europe,Rural,98.31184,
2013,Ukraine,Europe,Urban,92.09269,
2014,Ukraine,Europe,Rural,98.57748,
2014,Ukraine,Europe,Urban,91.34476,
2015,Ukraine,Europe,Rural,98.84311,
2015,Ukraine,Europe,Urban,91.33351,
2016,Ukraine,Europe,Rural,99.10875,
2016,Ukraine,Europe,Urban,91.32226,
2017,Ukraine,Europe,Rural,99.37438,
2017,Ukraine,Europe,Urban,91.31101,
2000,United Arab Emirates,Eastern Mediterranean,Rural,,
2000,United Arab Emirates,Eastern Mediterranean,Urban,,
2001,United Arab Emirates,Eastern Mediterranean,Rural,,
2001,United Arab Emirates,Eastern Mediterranean,Urban,,
2002,United Arab Emirates,Eastern Mediterranean,Rural,,
2002,United Arab Emirates,Eastern Mediterranean,Urban,,
2003,United Arab Emirates,Eastern Mediterranean,Rural,,
2003,United Arab Emirates,Eastern Mediterranean,Urban,,
2004,United Arab Emirates,Eastern Mediterranean,Rural,,
2004,United Arab Emirates,Eastern Mediterranean,Urban,,
2005,United Arab Emirates,Eastern Mediterranean,Rural,,
2005,United Arab Emirates,Eastern Mediterranean,Urban,,
2006,United Arab Emirates,Eastern Mediterranean,Rural,,
2006,United Arab Emirates,Eastern Mediterranean,Urban,,
2007,United Arab Emirates,Eastern Mediterranean,Rural,,
2007,United Arab Emirates,Eastern Mediterranean,Urban,,
2008,United Arab Emirates,Eastern Mediterranean,Rural,,
2008,United Arab Emirates,Eastern Mediterranean,Urban,,
2009,United Arab Emirates,Eastern Mediterranean,Rural,,
2009,United Arab Emirates,Eastern Mediterranean,Urban,,
2010,United Arab Emirates,Eastern Mediterranean,Rural,,
2010,United Arab Emirates,Eastern Mediterranean,Urban,,
2011,United Arab Emirates,Eastern Mediterranean,Rural,,
2011,United Arab Emirates,Eastern Mediterranean,Urban,,
2012,United Arab Emirates,Eastern Mediterranean,Rural,,
2012,United Arab Emirates,Eastern Mediterranean,Urban,,
2013,United Arab Emirates,Eastern Mediterranean,Rural,,
2013,United Arab Emirates,Eastern Mediterranean,Urban,,
2014,United Arab Emirates,Eastern Mediterranean,Rural,,
2014,United Arab Emirates,Eastern Mediterranean,Urban,,
2015,United Arab Emirates,Eastern Mediterranean,Rural,,
2015,United Arab Emirates,Eastern Mediterranean,Urban,,
2016,United Arab Emirates,Eastern Mediterranean,Rural,,
2016,United Arab Emirates,Eastern Mediterranean,Urban,,
2017,United Arab Emirates,Eastern Mediterranean,Rural,,
2017,United Arab Emirates,Eastern Mediterranean,Urban,,
2000,United Kingdom of Great Britain and Northern Ireland,Europe,Rural,100.0,
2000,United Kingdom of Great Britain and Northern Ireland,Europe,Urban,100.0,
2001,United Kingdom of Great Britain and Northern Ireland,Europe,Rural,100.0,
2001,United Kingdom of Great Britain and Northern Ireland,Europe,Urban,100.0,
2002,United Kingdom of Great Britain and Northern Ireland,Europe,Rural,100.0,
2002,United Kingdom of Great Britain and Northern Ireland,Europe,Urban,100.0,
2003,United Kingdom of Great Britain and Northern Ireland,Europe,Rural,100.0,
2003,United Kingdom of Great Britain and Northern Ireland,Europe,Urban,100.0,
2004,United Kingdom of Great Britain and Northern Ireland,Europe,Rural,100.0,
2004,United Kingdom of Great Britain and Northern Ireland,Europe,Urban,100.0,
2005,United Kingdom of Great Britain and Northern Ireland,Europe,Rural,100.0,
2005,United Kingdom of Great Britain and Northern Ireland,Europe,Urban,100.0,
2006,United Kingdom of Great Britain and Northern Ireland,Europe,Rural,100.0,
2006,United Kingdom of Great Britain and Northern Ireland,Europe,Urban,100.0,
2007,United Kingdom of Great Britain and Northern Ireland,Europe,Rural,100.0,
2007,United Kingdom of Great Britain and Northern Ireland,Europe,Urban,100.0,
2008,United Kingdom of Great Britain and Northern Ireland,Europe,Rural,100.0,
2008,United Kingdom of Great Britain and Northern Ireland,Europe,Urban,100.0,
2009,United Kingdom of Great Britain and Northern Ireland,Europe,Rural,100.0,
2009,United Kingdom of Great Britain and Northern Ireland,Europe,Urban,100.0,
2010,United Kingdom of Great Britain and Northern Ireland,Europe,Rural,100.0,
2010,United Kingdom of Great Britain and Northern Ireland,Europe,Urban,100.0,
2011,United Kingdom of Great Britain and Northern Ireland,Europe,Rural,100.0,
2011,United Kingdom of Great Britain and Northern Ireland,Europe,Urban,100.0,
2012,United Kingdom of Great Britain and Northern Ireland,Europe,Rural,100.0,
2012,United Kingdom of Great Britain and Northern Ireland,Europe,Urban,100.0,
2013,United Kingdom of Great Britain and Northern Ireland,Europe,Rural,100.0,
2013,United Kingdom of Great Britain and Northern Ireland,Europe,Urban,100.0,
2014,United Kingdom of Great Britain and Northern Ireland,Europe,Rural,100.0,
2014,United Kingdom of Great Britain and Northern Ireland,Europe,Urban,100.0,
2015,United Kingdom of Great Britain and Northern Ireland,Europe,Rural,100.0,
2015,United Kingdom of Great Britain and Northern Ireland,Europe,Urban,100.0,
2016,United Kingdom of Great Britain and Northern Ireland,Europe,Rural,100.0,
2016,United Kingdom of Great Britain and Northern Ireland,Europe,Urban,100.0,
2017,United Kingdom of Great Britain and Northern Ireland,Europe,Rural,100.0,
2017,United Kingdom of Great Britain and Northern Ireland,Europe,Urban,100.0,
2000,United Republic of Tanzania,Africa,Rural,16.44015,
2000,United Republic of Tanzania,Africa,Urban,64.89894,3.71065
2001,United Republic of Tanzania,Africa,Rural,17.7631,
2001,United Republic of Tanzania,Africa,Urban,65.86317,3.76578
2002,United Republic of Tanzania,Africa,Rural,19.08605,
2002,United Republic of Tanzania,Africa,Urban,66.82742,3.82091
2003,United Republic of Tanzania,Africa,Rural,20.409,
2003,United Republic of Tanzania,Africa,Urban,67.79166,3.87604
2004,United Republic of Tanzania,Africa,Rural,21.87435,
2004,United Republic of Tanzania,Africa,Urban,69.01248,7.06441
2005,United Republic of Tanzania,Africa,Rural,23.35703,
2005,United Republic of Tanzania,Africa,Urban,70.24052,10.34067
2006,United Republic of Tanzania,Africa,Rural,24.85705,
2006,United Republic of Tanzania,Africa,Urban,71.47574,13.7048
2007,United Republic of Tanzania,Africa,Rural,26.37441,
2007,United Republic of Tanzania,Africa,Urban,72.71816,17.15682
2008,United Republic of Tanzania,Africa,Rural,27.90911,
2008,United Republic of Tanzania,Africa,Urban,73.96778,20.69672
2009,United Republic of Tanzania,Africa,Rural,29.46114,
2009,United Republic of Tanzania,Africa,Urban,75.2246,24.3245
2010,United Republic of Tanzania,Africa,Rural,31.03051,
2010,United Republic of Tanzania,Africa,Urban,76.48862,28.04016
2011,United Republic of Tanzania,Africa,Rural,32.61721,
2011,United Republic of Tanzania,Africa,Urban,77.75983,31.84371
2012,United Republic of Tanzania,Africa,Rural,34.22126,
2012,United Republic of Tanzania,Africa,Urban,79.03823,32.88961
2013,United Republic of Tanzania,Africa,Rural,35.84264,
2013,United Republic of Tanzania,Africa,Urban,80.32384,33.30433
2014,United Republic of Tanzania,Africa,Rural,37.48135,
2014,United Republic of Tanzania,Africa,Urban,81.61664,33.71905
2015,United Republic of Tanzania,Africa,Rural,39.13741,
2015,United Republic of Tanzania,Africa,Urban,82.91663,34.13377
2016,United Republic of Tanzania,Africa,Rural,40.8108,
2016,United Republic of Tanzania,Africa,Urban,84.22383,34.54848
2017,United Republic of Tanzania,Africa,Rural,42.50153,
2017,United Republic of Tanzania,Africa,Urban,85.53822,34.9632
2000,United States of America,Americas,Rural,,
2000,United States of America,Americas,Urban,99.77131,99.66609
2001,United States of America,Americas,Rural,,
2001,United States of America,Americas,Urban,99.77131,99.66609
2002,United States of America,Americas,Rural,,
2002,United States of America,Americas,Urban,99.77131,99.66609
2003,United States of America,Americas,Rural,,
2003,United States of America,Americas,Urban,99.77131,99.66609
2004,United States of America,Americas,Rural,,
2004,United States of America,Americas,Urban,99.77131,99.66609
2005,United States of America,Americas,Rural,96.97277,
2005,United States of America,Americas,Urban,99.77131,99.66609
2006,United States of America,Americas,Rural,96.97277,
2006,United States of America,Americas,Urban,99.77131,99.66609
2007,United States of America,Americas,Rural,96.97277,
2007,United States of America,Americas,Urban,99.77131,99.66609
2008,United States of America,Americas,Rural,96.97277,
2008,United States of America,Americas,Urban,99.77131,99.66609
2009,United States of America,Americas,Rural,96.97277,
2009,United States of America,Americas,Urban,99.77131,99.66609
2010,United States of America,Americas,Rural,96.97277,
2010,United States of America,Americas,Urban,99.77131,99.66609
2011,United States of America,Americas,Rural,96.97277,
2011,United States of America,Americas,Urban,99.77131,99.66609
2012,United States of America,Americas,Rural,96.97277,
2012,United States of America,Americas,Urban,99.77131,99.66609
2013,United States of America,Americas,Rural,96.97277,
2013,United States of America,Americas,Urban,99.77131,99.66609
2014,United States of America,Americas,Rural,96.97277,
2014,United States of America,Americas,Urban,99.77131,99.66609
2015,United States of America,Americas,Rural,96.97277,
2015,United States of America,Americas,Urban,99.77131,99.66609
2016,United States of America,Americas,Rural,96.97277,
2016,United States of America,Americas,Urban,99.77131,99.66609
2017,United States of America,Americas,Rural,96.97277,
2017,United States of America,Americas,Urban,99.77131,99.66609
2000,Uruguay,Americas,Rural,74.60713,
2000,Uruguay,Americas,Urban,98.92632,93.87447
2001,Uruguay,Americas,Rural,74.60713,
2001,Uruguay,Americas,Urban,98.92632,93.87447
2002,Uruguay,Americas,Rural,74.26374,
2002,Uruguay,Americas,Urban,98.92188,93.87447
2003,Uruguay,Americas,Rural,73.92036,
2003,Uruguay,Americas,Urban,98.91743,93.87447
2004,Uruguay,Americas,Rural,73.57697,
2004,Uruguay,Americas,Urban,98.91299,93.87447
2005,Uruguay,Americas,Rural,75.16456,
2005,Uruguay,Americas,Urban,98.96815,93.93106
2006,Uruguay,Americas,Rural,76.91224,
2006,Uruguay,Americas,Urban,99.02332,93.98765
2007,Uruguay,Americas,Rural,78.65993,
2007,Uruguay,Americas,Urban,99.07848,94.04423
2008,Uruguay,Americas,Rural,80.40761,
2008,Uruguay,Americas,Urban,99.13364,94.10081
2009,Uruguay,Americas,Rural,82.1553,
2009,Uruguay,Americas,Urban,99.1888,94.1574
2010,Uruguay,Americas,Rural,83.90298,
2010,Uruguay,Americas,Urban,99.24394,94.21398
2011,Uruguay,Americas,Rural,85.65067,
2011,Uruguay,Americas,Urban,99.29908,94.27057
2012,Uruguay,Americas,Rural,87.39835,
2012,Uruguay,Americas,Urban,99.35422,94.32715
2013,Uruguay,Americas,Rural,89.14603,
2013,Uruguay,Americas,Urban,99.40935,94.38374
2014,Uruguay,Americas,Rural,90.89371,
2014,Uruguay,Americas,Urban,99.46447,94.44032
2015,Uruguay,Americas,Rural,92.6414,
2015,Uruguay,Americas,Urban,99.51959,94.4969
2016,Uruguay,Americas,Rural,94.38908,
2016,Uruguay,Americas,Urban,99.57471,94.55349
2017,Uruguay,Americas,Rural,95.30083,
2017,Uruguay,Americas,Urban,99.60735,94.58875
2000,Uzbekistan,Europe,Rural,75.86189,32.46013
2000,Uzbekistan,Europe,Urban,95.23711,84.23322
2001,Uzbekistan,Europe,Rural,77.86362,32.159
2001,Uzbekistan,Europe,Urban,95.68616,84.35009
2002,Uzbekistan,Europe,Rural,79.88406,31.85178
2002,Uzbekistan,Europe,Urban,96.13609,84.46696
2003,Uzbekistan,Europe,Rural,81.92321,31.53848
2003,Uzbekistan,Europe,Urban,96.58691,84.58382
2004,Uzbekistan,Europe,Rural,83.98106,31.2191
2004,Uzbekistan,Europe,Urban,97.0386,84.70069
2005,Uzbekistan,Europe,Rural,86.05762,30.89364
2005,Uzbekistan,Europe,Urban,97.49117,84.81756
2006,Uzbekistan,Europe,Rural,88.15289,30.5621
2006,Uzbekistan,Europe,Urban,97.94462,84.93443
2007,Uzbekistan,Europe,Rural,90.26686,30.22448
2007,Uzbekistan,Europe,Urban,98.3252,85.05129
2008,Uzbekistan,Europe,Rural,92.34676,29.88077
2008,Uzbekistan,Europe,Urban,98.4603,85.16816
2009,Uzbekistan,Europe,Rural,92.88561,30.05513
2009,Uzbekistan,Europe,Urban,98.59541,85.28503
2010,Uzbekistan,Europe,Rural,93.42445,30.22948
2010,Uzbekistan,Europe,Urban,98.73051,85.40189
2011,Uzbekistan,Europe,Rural,93.96329,30.40384
2011,Uzbekistan,Europe,Urban,98.86562,85.51876
2012,Uzbekistan,Europe,Rural,94.50214,30.57819
2012,Uzbekistan,Europe,Urban,99.00072,85.63563
2013,Uzbekistan,Europe,Rural,95.04099,30.75255
2013,Uzbekistan,Europe,Urban,99.13583,85.75249
2014,Uzbekistan,Europe,Rural,95.42513,30.87685
2014,Uzbekistan,Europe,Urban,99.26041,85.86026
2015,Uzbekistan,Europe,Rural,95.6424,30.94715
2015,Uzbekistan,Europe,Urban,99.35902,85.94555
2016,Uzbekistan,Europe,Rural,95.8582,31.01698
2016,Uzbekistan,Europe,Urban,99.45755,86.03078
2017,Uzbekistan,Europe,Rural,96.07259,31.08634
2017,Uzbekistan,Europe,Urban,99.55601,86.11594
2000,Vanuatu,Western Pacific,Rural,77.99229,
2000,Vanuatu,Western Pacific,Urban,95.8316,
2001,Vanuatu,Western Pacific,Rural,77.99229,
2001,Vanuatu,Western Pacific,Urban,95.8316,
2002,Vanuatu,Western Pacific,Rural,77.99229,
2002,Vanuatu,Western Pacific,Urban,95.8316,
2003,Vanuatu,Western Pacific,Rural,77.99229,
2003,Vanuatu,Western Pacific,Urban,95.8316,
2004,Vanuatu,Western Pacific,Rural,77.99229,
2004,Vanuatu,Western Pacific,Urban,95.8316,
2005,Vanuatu,Western Pacific,Rural,78.80918,
2005,Vanuatu,Western Pacific,Urban,96.12304,
2006,Vanuatu,Western Pacific,Rural,79.62607,
2006,Vanuatu,Western Pacific,Urban,96.41447,
2007,Vanuatu,Western Pacific,Rural,80.44296,
2007,Vanuatu,Western Pacific,Urban,96.7059,
2008,Vanuatu,Western Pacific,Rural,81.25984,
2008,Vanuatu,Western Pacific,Urban,96.99733,
2009,Vanuatu,Western Pacific,Rural,82.07673,
2009,Vanuatu,Western Pacific,Urban,97.28876,
2010,Vanuatu,Western Pacific,Rural,82.89362,
2010,Vanuatu,Western Pacific,Urban,97.58019,
2011,Vanuatu,Western Pacific,Rural,83.7105,
2011,Vanuatu,Western Pacific,Urban,97.87163,
2012,Vanuatu,Western Pacific,Rural,84.52739,
2012,Vanuatu,Western Pacific,Urban,98.16306,
2013,Vanuatu,Western Pacific,Rural,85.34428,
2013,Vanuatu,Western Pacific,Urban,98.45449,
2014,Vanuatu,Western Pacific,Rural,86.16116,
2014,Vanuatu,Western Pacific,Urban,98.74593,
2015,Vanuatu,Western Pacific,Rural,86.97805,
2015,Vanuatu,Western Pacific,Urban,99.03735,
2016,Vanuatu,Western Pacific,Rural,87.79494,
2016,Vanuatu,Western Pacific,Urban,99.23293,
2017,Vanuatu,Western Pacific,Rural,88.48513,
2017,Vanuatu,Western Pacific,Urban,99.5,
2000,Venezuela (Bolivarian Republic of),Americas,Rural,,
2000,Venezuela (Bolivarian Republic of),Americas,Urban,,
2001,Venezuela (Bolivarian Republic of),Americas,Rural,,
2001,Venezuela (Bolivarian Republic of),Americas,Urban,,
2002,Venezuela (Bolivarian Republic of),Americas,Rural,,
2002,Venezuela (Bolivarian Republic of),Americas,Urban,,
2003,Venezuela (Bolivarian Republic of),Americas,Rural,,
2003,Venezuela (Bolivarian Republic of),Americas,Urban,,
2004,Venezuela (Bolivarian Republic of),Americas,Rural,,
2004,Venezuela (Bolivarian Republic of),Americas,Urban,,
2005,Venezuela (Bolivarian Republic of),Americas,Rural,,
2005,Venezuela (Bolivarian Republic of),Americas,Urban,,
2006,Venezuela (Bolivarian Republic of),Americas,Rural,,
2006,Venezuela (Bolivarian Republic of),Americas,Urban,,
2007,Venezuela (Bolivarian Republic of),Americas,Rural,,
2007,Venezuela (Bolivarian Republic of),Americas,Urban,,
2008,Venezuela (Bolivarian Republic of),Americas,Rural,,
2008,Venezuela (Bolivarian Republic of),Americas,Urban,,
2009,Venezuela (Bolivarian Republic of),Americas,Rural,,
2009,Venezuela (Bolivarian Republic of),Americas,Urban,,
2010,Venezuela (Bolivarian Republic of),Americas,Rural,,
2010,Venezuela (Bolivarian Republic of),Americas,Urban,,
2011,Venezuela (Bolivarian Republic of),Americas,Rural,,
2011,Venezuela (Bolivarian Republic of),Americas,Urban,,
2012,Venezuela (Bolivarian Republic of),Americas,Rural,,
2012,Venezuela (Bolivarian Republic of),Americas,Urban,,
2013,Venezuela (Bolivarian Republic of),Americas,Rural,,
2013,Venezuela (Bolivarian Republic of),Americas,Urban,,
2014,Venezuela (Bolivarian Republic of),Americas,Rural,,
2014,Venezuela (Bolivarian Republic of),Americas,Urban,,
2015,Venezuela (Bolivarian Republic of),Americas,Rural,,
2015,Venezuela (Bolivarian Republic of),Americas,Urban,,
2016,Venezuela (Bolivarian Republic of),Americas,Rural,,
2016,Venezuela (Bolivarian Republic of),Americas,Urban,,
2017,Venezuela (Bolivarian Republic of),Americas,Rural,,
2017,Venezuela (Bolivarian Republic of),Americas,Urban,,
2000,Viet Nam,Western Pacific,Rural,75.5389,
2000,Viet Nam,Western Pacific,Urban,94.42611,
2001,Viet Nam,Western Pacific,Rural,76.51436,
2001,Viet Nam,Western Pacific,Urban,94.60831,
2002,Viet Nam,Western Pacific,Rural,77.49071,
2002,Viet Nam,Western Pacific,Urban,94.79049,
2003,Viet Nam,Western Pacific,Rural,78.46794,
2003,Viet Nam,Western Pacific,Urban,94.97266,
2004,Viet Nam,Western Pacific,Rural,79.44606,
2004,Viet Nam,Western Pacific,Urban,95.15482,
2005,Viet Nam,Western Pacific,Rural,80.42507,
2005,Viet Nam,Western Pacific,Urban,95.33698,
2006,Viet Nam,Western Pacific,Rural,81.40497,
2006,Viet Nam,Western Pacific,Urban,95.51913,
2007,Viet Nam,Western Pacific,Rural,82.38575,
2007,Viet Nam,Western Pacific,Urban,95.70126,
2008,Viet Nam,Western Pacific,Rural,83.36742,
2008,Viet Nam,Western Pacific,Urban,95.88339,
2009,Viet Nam,Western Pacific,Rural,84.34998,
2009,Viet Nam,Western Pacific,Urban,96.06551,
2010,Viet Nam,Western Pacific,Rural,85.33341,
2010,Viet Nam,Western Pacific,Urban,96.24762,
2011,Viet Nam,Western Pacific,Rural,86.31774,
2011,Viet Nam,Western Pacific,Urban,96.42973,
2012,Viet Nam,Western Pacific,Rural,87.30296,
2012,Viet Nam,Western Pacific,Urban,96.61182,
2013,Viet Nam,Western Pacific,Rural,88.28906,
2013,Viet Nam,Western Pacific,Urban,96.7939,
2014,Viet Nam,Western Pacific,Rural,89.78263,
2014,Viet Nam,Western Pacific,Urban,97.3131,
2015,Viet Nam,Western Pacific,Rural,90.73356,
2015,Viet Nam,Western Pacific,Urban,98.02544,
2016,Viet Nam,Western Pacific,Rural,91.68449,
2016,Viet Nam,Western Pacific,Urban,98.36555,
2017,Viet Nam,Western Pacific,Rural,92.63541,
2017,Viet Nam,Western Pacific,Urban,98.55196,
2000,Yemen,Eastern Mediterranean,Rural,25.64115,
2000,Yemen,Eastern Mediterranean,Urban,72.1093,
2001,Yemen,Eastern Mediterranean,Rural,25.64115,
2001,Yemen,Eastern Mediterranean,Urban,72.1093,
2002,Yemen,Eastern Mediterranean,Rural,25.64115,
2002,Yemen,Eastern Mediterranean,Urban,72.1093,
2003,Yemen,Eastern Mediterranean,Rural,27.87679,
2003,Yemen,Eastern Mediterranean,Urban,72.64883,
2004,Yemen,Eastern Mediterranean,Rural,30.11242,
2004,Yemen,Eastern Mediterranean,Urban,73.18836,
2005,Yemen,Eastern Mediterranean,Rural,32.34806,
2005,Yemen,Eastern Mediterranean,Urban,73.7279,
2006,Yemen,Eastern Mediterranean,Rural,34.58369,
2006,Yemen,Eastern Mediterranean,Urban,74.26743,
2007,Yemen,Eastern Mediterranean,Rural,36.81933,
2007,Yemen,Eastern Mediterranean,Urban,74.80696,
2008,Yemen,Eastern Mediterranean,Rural,39.05497,
2008,Yemen,Eastern Mediterranean,Urban,75.3465,
2009,Yemen,Eastern Mediterranean,Rural,41.2906,
2009,Yemen,Eastern Mediterranean,Urban,75.88602,
2010,Yemen,Eastern Mediterranean,Rural,43.52624,
2010,Yemen,Eastern Mediterranean,Urban,76.42556,
2011,Yemen,Eastern Mediterranean,Rural,45.76187,
2011,Yemen,Eastern Mediterranean,Urban,76.9651,
2012,Yemen,Eastern Mediterranean,Rural,47.99751,
2012,Yemen,Eastern Mediterranean,Urban,77.50462,
2013,Yemen,Eastern Mediterranean,Rural,50.23314,
2013,Yemen,Eastern Mediterranean,Urban,78.04416,
2014,Yemen,Eastern Mediterranean,Rural,52.46878,
2014,Yemen,Eastern Mediterranean,Urban,78.58369,
2015,Yemen,Eastern Mediterranean,Rural,54.70441,
2015,Yemen,Eastern Mediterranean,Urban,79.0521,
2016,Yemen,Eastern Mediterranean,Rural,54.70441,
2016,Yemen,Eastern Mediterranean,Urban,79.0521,
2017,Yemen,Eastern Mediterranean,Rural,54.70441,
2017,Yemen,Eastern Mediterranean,Urban,79.0521,
2000,Zambia,Africa,Rural,30.90278,
2000,Zambia,Africa,Urban,84.30793,48.50162
2001,Zambia,Africa,Rural,31.59908,
2001,Zambia,Africa,Urban,84.276,48.3612
2002,Zambia,Africa,Rural,32.28814,
2002,Zambia,Africa,Urban,84.24358,48.22012
2003,Zambia,Africa,Rural,32.96998,
2003,Zambia,Africa,Urban,84.21067,48.07838
2004,Zambia,Africa,Rural,33.64459,
2004,Zambia,Africa,Urban,84.17728,47.936
2005,Zambia,Africa,Rural,34.31197,
2005,Zambia,Africa,Urban,84.14339,47.79295
2006,Zambia,Africa,Rural,34.97212,
2006,Zambia,Africa,Urban,84.109,47.64926
2007,Zambia,Africa,Rural,35.62504,
2007,Zambia,Africa,Urban,84.07413,47.50491
2008,Zambia,Africa,Rural,36.27073,
2008,Zambia,Africa,Urban,84.03876,47.3599
2009,Zambia,Africa,Rural,36.9092,
2009,Zambia,Africa,Urban,84.00291,47.21424
2010,Zambia,Africa,Rural,37.54043,
2010,Zambia,Africa,Urban,83.96658,47.06792
2011,Zambia,Africa,Rural,38.16444,
2011,Zambia,Africa,Urban,83.92974,46.92095
2012,Zambia,Africa,Rural,38.78121,
2012,Zambia,Africa,Urban,83.89241,46.77332
2013,Zambia,Africa,Rural,39.39076,
2013,Zambia,Africa,Urban,83.8546,46.62504
2014,Zambia,Africa,Rural,39.99308,
2014,Zambia,Africa,Urban,83.81629,46.4761
2015,Zambia,Africa,Rural,40.58817,
2015,Zambia,Africa,Urban,83.7775,46.32652
2016,Zambia,Africa,Rural,41.17603,
2016,Zambia,Africa,Urban,83.7382,46.17627
2017,Zambia,Africa,Rural,41.95206,
2017,Zambia,Africa,Urban,83.86312,46.24515
2000,Zimbabwe,Africa,Rural,59.87815,
2000,Zimbabwe,Africa,Urban,94.97598,
2001,Zimbabwe,Africa,Rural,59.87815,
2001,Zimbabwe,Africa,Urban,94.97598,
2002,Zimbabwe,Africa,Rural,59.23113,
2002,Zimbabwe,Africa,Urban,94.91518,
2003,Zimbabwe,Africa,Rural,58.58644,
2003,Zimbabwe,Africa,Urban,94.85433,
2004,Zimbabwe,Africa,Rural,57.94406,
2004,Zimbabwe,Africa,Urban,94.79344,
2005,Zimbabwe,Africa,Rural,57.30401,
2005,Zimbabwe,Africa,Urban,94.73251,
2006,Zimbabwe,Africa,Rural,56.66629,
2006,Zimbabwe,Africa,Urban,94.67152,
2007,Zimbabwe,Africa,Rural,56.03089,
2007,Zimbabwe,Africa,Urban,94.6105,
2008,Zimbabwe,Africa,Rural,55.39782,
2008,Zimbabwe,Africa,Urban,94.54942,
2009,Zimbabwe,Africa,Rural,54.76707,
2009,Zimbabwe,Africa,Urban,94.4883,
2010,Zimbabwe,Africa,Rural,54.13864,
2010,Zimbabwe,Africa,Urban,94.42713,
2011,Zimbabwe,Africa,Rural,53.51254,
2011,Zimbabwe,Africa,Urban,94.36591,
2012,Zimbabwe,Africa,Rural,52.88877,
2012,Zimbabwe,Africa,Urban,94.30466,
2013,Zimbabwe,Africa,Rural,52.26732,
2013,Zimbabwe,Africa,Urban,94.24335,
2014,Zimbabwe,Africa,Rural,51.64819,
2014,Zimbabwe,Africa,Urban,94.182,
2015,Zimbabwe,Africa,Rural,51.03139,
2015,Zimbabwe,Africa,Urban,94.12061,
2016,Zimbabwe,Africa,Rural,50.41692,
2016,Zimbabwe,Africa,Urban,94.05916,
2017,Zimbabwe,Africa,Rural,49.80476,
2017,Zimbabwe,Africa,Urban,93.99767,
